Rank,Coin Name,Symbol,Price,1h,24h,7d,30d,24h Volume,Circulating Supply,Total Supply,Market Cap,price,1h_pct,24h_pct,7d_pct,30d_pct,volume,market_cap,supply,is_stablecoin,cap_tier,vol_mcap_ratio,is_high_liq_flag,is_return_outlier
1,Bitcoin,BTC,"36,456.94",0.40%,-1.70%,1.00%,18.40%,"$22,801,222,945.00 ","19,549,806",21 Million,"$712,726,163,003.00 ",36456.94,0.4,-1.7,1.0,18.4,22801222945.0,712726163003.0,19549806.0,False,Large,0.03199156159629295,False,False
2,Ethereum,ETH,"2,027.60",0.50%,1.40%,1.00%,20.70%,"$26,845,710,464.00 ","120,249,015",120 Million,"$243,488,187,281.00 ",2027.6,0.5,1.4,1.0,20.7,26845710464.0,243488187281.0,120249015.0,False,Large,0.11025467298345129,False,False
3,Tether,USDT,1.00,0.10%,-0.30%,-0.10%,-0.10%,"$47,122,466,339.00 ","88,308,652,879",88.3 Billion,"$88,027,617,310.00 ",1.0,0.1,-0.3,-0.1,-0.1,47122466339.0,88027617310.0,88308652879.0,True,Large,0.5353145726193234,True,False
4,BNB,BNB,231.63,-0.10%,-12.60%,-8.00%,5.40%,"$3,715,265,116.00 ","153,856,150",154 Million,"$35,716,332,862.00 ",231.63,-0.1,-12.6,-8.0,5.4,3715265116.0,35716332862.0,153856150.0,False,Large,0.1040214607237244,False,False
5,XRP,XRP,0.59,0.10%,-1.90%,-6.90%,12.10%,"$1,339,890,506.00 ","53,718,306,475",100 Billion,"$31,863,926,051.00 ",0.59,0.1,-1.9,-6.9,12.1,1339890506.0,31863926051.0,53718306475.0,False,Large,0.04205038964299095,False,False
6,USDC,USDC,1.00,0.00%,-0.40%,0.00%,0.00%,"$16,458,242,430.00 ","24,264,590,094",24.3 Billion,"$24,120,082,159.00 ",1.0,0.0,-0.4,0.0,0.0,16458242430.0,24120082159.0,24264590094.0,True,Large,0.6823460352044814,True,False
7,Solana,SOL,54.97,0.60%,-0.60%,-11.40%,87.90%,"$2,374,980,324.00 ","423,104,320",563 Million,"$23,258,087,884.00 ",54.97,0.6,-0.6,-11.4,87.9,2374980324.0,23258087884.0,423104320.0,False,Large,0.10211416930941372,False,False
8,Lido Staked Ether,STETH,"2,023.81",0.40%,1.50%,0.90%,20.70%,"$17,625,537.00 ","9,107,771",9.11 Million,"$18,435,320,434.00 ",2023.81,0.4,1.5,0.9,20.7,17625537.0,18435320434.0,9107771.0,False,Large,0.0009560743499469352,False,False
9,Cardano,ADA,0.37,0.10%,-1.60%,0.70%,40.10%,"$373,277,046.00 ","34,964,744,027",45 Billion,"$12,903,956,719.00 ",0.37,0.1,-1.6,0.7,40.1,373277046.0,12903956719.0,34964744027.0,False,Large,0.028927332455353068,False,False
10,Dogecoin,DOGE,0.07,0.10%,-2.30%,0.10%,14.90%,"$957,225,658.00 ","141,935,606,384",142 Billion,"$10,532,913,776.00 ",0.07,0.1,-2.3,0.1,14.9,957225658.0,10532913776.0,141935606384.0,False,Large,0.09087947346356402,False,False
11,TRON,TRX,0.10,0.40%,-0.90%,-4.20%,10.50%,"$702,105,088.00 ","88,600,097,491",88.6 Billion,"$8,845,804,888.00 ",0.1,0.4,-0.9,-4.2,10.5,702105088.0,8845804888.0,88600097491.0,False,Large,0.07937153225620637,False,False
12,Toncoin,TON,2.39,0.90%,0.40%,4.10%,10.90%,"$27,257,580.00 ","3,453,524,566",5.1 Billion,"$8,244,520,721.00 ",2.39,0.9,0.4,4.1,10.9,27257580.0,8244520721.0,3453524566.0,False,Large,0.0033061448836644875,False,False
13,Chainlink,LINK,14.26,0.30%,-0.40%,-3.50%,40.00%,"$926,388,873.00 ","556,849,971",1 Billion,"$7,941,773,511.00 ",14.26,0.3,-0.4,-3.5,40.0,926388873.0,7941773511.0,556849971.0,False,Large,0.1166476066985386,False,False
14,Avalanche,AVAX,20.08,0.50%,-6.50%,2.90%,100.90%,"$1,061,106,290.00 ","355,636,845",433 Million,"$7,141,343,014.00 ",20.08,0.5,-6.5,2.9,100.9,1061106290.0,7141343014.0,355636845.0,False,Large,0.14858637764910476,False,False
15,Polygon,MATIC,0.76,0.50%,-1.60%,-15.70%,25.10%,"$711,370,306.00 ","9,275,380,957",10 Billion,"$7,042,683,031.00 ",0.76,0.5,-1.6,-15.7,25.1,711370306.0,7042683031.0,9275380957.0,False,Large,0.10100842290768147,False,False
16,Polkadot,DOT,5.09,0.50%,-1.60%,-5.90%,26.40%,"$271,357,711.00 ","1,299,550,655",1.38 Billion,"$6,613,672,178.00 ",5.09,0.5,-1.6,-5.9,26.4,271357711.0,6613672178.0,1299550655.0,False,Large,0.04102980971791372,False,False
17,Wrapped Bitcoin,WBTC,"36,410.06",0.40%,-1.40%,1.10%,18.20%,"$309,567,762.00 ","162,623",163 Thousand,"$5,917,513,839.00 ",36410.06,0.4,-1.4,1.1,18.2,309567762.0,5917513839.0,162623.0,False,Large,0.0523138213821759,False,False
18,Dai,DAI,1.00,-0.10%,-0.40%,-0.10%,-0.40%,"$315,871,456.00 ","5,308,318,100",5.31 Billion,"$5,284,281,250.00 ",1.0,-0.1,-0.4,-0.1,-0.4,315871456.0,5284281250.0,5308318100.0,True,Large,0.059775670721538526,False,False
19,Litecoin,LTC,67.37,-0.10%,-3.80%,-6.40%,1.90%,"$447,880,362.00 ","73,901,846",84 Million,"$4,981,779,441.00 ",67.37,-0.1,-3.8,-6.4,1.9,447880362.0,4981779441.0,73901846.0,False,Large,0.0899036915030699,False,False
20,Shiba Inu,SHIB, $-   ,0.30%,-4.20%,-7.10%,9.90%,"$214,418,543.00 ","589,326,636,861,240",1 Quadrillion,"$4,682,520,125.00 ",,0.3,-4.2,-7.1,9.9,214418543.0,4682520125.0,589326636861240.0,False,Large,0.04579126993074056,False,False
21,Bitcoin Cash,BCH,219.26,0.00%,-5.90%,-5.70%,-10.00%,"$197,348,486.00 ","19,565,919",21 Million,"$4,285,700,162.00 ",219.26,0.0,-5.9,-5.7,-10.0,197348486.0,4285700162.0,19565919.0,False,Large,0.046048131819820017,False,False
22,Uniswap,UNI,5.56,1.50%,10.10%,6.50%,31.80%,"$324,382,183.00 ","753,766,667",1 Billion,"$4,172,482,535.00 ",5.56,1.5,10.1,6.5,31.8,324382183.0,4172482535.0,753766667.0,False,Large,0.07774320929542249,False,False
23,LEO Token,LEO,3.98,-0.10%,1.10%,-1.10%,2.80%,"$1,301,722.00 ","928,455,568",985 Million,"$3,691,760,459.00 ",3.98,-0.1,1.1,-1.1,2.8,1301722.0,3691760459.0,928455568.0,False,Large,0.00035260196712562494,False,False
24,OKB,OKB,57.04,0.10%,1.80%,-3.30%,29.00%,"$49,303,991.00 ","60,000,000",236 Million,"$3,416,416,730.00 ",57.04,0.1,1.8,-3.3,29.0,49303991.0,3416416730.0,60000000.0,False,Large,0.014431492085568846,False,False
25,TrueUSD,TUSD,1.00,0.10%,-1.20%,-0.30%,-0.40%,"$304,244,967.00 ","3,275,340,425",3.28 Billion,"$3,275,141,377.00 ",1.0,0.1,-1.2,-0.3,-0.4,304244967.0,3275141377.0,3275340425.0,True,Large,0.09289521641312647,False,False
26,Stellar,XLM,0.12,0.10%,-1.20%,-2.70%,3.80%,"$74,835,772.00 ","27,990,259,191",50 Billion,"$3,257,475,392.00 ",0.12,0.1,-1.2,-2.7,3.8,74835772.0,3257475392.0,27990259191.0,False,Large,0.02297354944991707,False,False
27,Monero,XMR,162.50,0.30%,-1.10%,-0.90%,1.90%,"$102,088,968.00 ","18,147,820",∞,"$2,946,441,264.00 ",162.5,0.3,-1.1,-0.9,1.9,102088968.0,2946441264.0,18147820.0,False,Large,0.03464822776117624,False,False
28,Kaspa,KAS,0.13,-0.50%,2.00%,17.20%,156.00%,"$113,449,358.00 ","21,629,194,603",21.6 Billion,"$2,764,511,159.00 ",0.13,-0.5,2.0,17.2,156.0,113449358.0,2764511159.0,21629194603.0,False,Large,0.04103776453593255,False,False
29,Ethereum Classic,ETC,18.63,0.30%,-2.40%,-3.50%,17.70%,"$167,115,878.00 ","143,202,120",211 Million,"$2,665,685,146.00 ",18.63,0.3,-2.4,-3.5,17.7,167115878.0,2665685146.0,143202120.0,False,Large,0.06269152913680226,False,False
30,Cosmos Hub,ATOM,8.62,0.50%,-2.70%,-9.00%,28.70%,"$210,105,658.00 ","292,586,164",∞,"$2,520,997,917.00 ",8.62,0.5,-2.7,-9.0,28.7,210105658.0,2520997917.0,292586164.0,False,Large,0.08334225767628828,False,False
31,Cronos,CRO,0.09,-1.60%,1.00%,-11.00%,67.70%,"$28,257,797.00 ","26,385,699,323",30 Billion,"$2,425,344,883.00 ",0.09,-1.6,1.0,-11.0,67.7,28257797.0,2425344883.0,26385699323.0,False,Large,0.011651042784911839,False,False
32,Lido DAO,LDO,2.48,1.90%,4.00%,-0.10%,40.20%,"$106,146,291.00 ","890,191,580",1 Billion,"$2,197,746,319.00 ",2.48,1.9,4.0,-0.1,40.2,106146291.0,2197746319.0,890191580.0,False,Large,0.04829779036931696,False,False
33,Filecoin,FIL,4.37,0.00%,-3.70%,-14.30%,25.90%,"$201,698,294.00 ","471,740,745",1.96 Billion,"$2,061,302,504.00 ",4.37,0.0,-3.7,-14.3,25.9,201698294.0,2061302504.0,471740745.0,False,Large,0.09784992431173993,False,False
34,Hedera,HBAR,0.06,0.60%,-3.90%,0.10%,21.40%,"$74,942,726.00 ","33,562,400,523",50 Billion,"$2,009,561,668.00 ",0.06,0.6,-3.9,0.1,21.4,74942726.0,2009561668.0,33562400523.0,False,Large,0.037293071018112196,False,False
35,Aptos,APT,7.16,0.30%,-1.00%,-6.00%,20.80%,"$137,618,187.00 ","276,002,428",1.07 Billion,"$1,975,596,895.00 ",7.16,0.3,-1.0,-6.0,20.8,137618187.0,1975596895.0,276002428.0,False,Large,0.06965904195754469,False,False
36,Internet Computer,ICP,4.26,0.30%,-1.60%,-5.40%,28.80%,"$48,796,544.00 ","449,607,558",510 Million,"$1,915,851,337.00 ",4.26,0.3,-1.6,-5.4,28.8,48796544.0,1915851337.0,449607558.0,False,Large,0.025469901060491313,False,False
37,NEAR Protocol,NEAR,1.80,0.00%,-6.60%,8.40%,69.50%,"$300,672,386.00 ","1,000,915,617",1 Billion,"$1,805,533,947.00 ",1.8,0.0,-6.6,8.4,69.5,300672386.0,1805533947.0,1000915617.0,False,Large,0.16652823753304927,False,False
38,BUSD,BUSD,1.00,0.40%,-1.10%,-0.30%,-0.20%,"$4,614,206,667.00 ","1,772,658,616",1.76 Billion,"$1,776,602,916.00 ",1.0,0.4,-1.1,-0.3,-0.2,4614206667.0,1776602916.0,1772658616.0,True,Large,2.597207640179287,True,False
39,THORChain,RUNE,5.80,0.90%,8.20%,-0.20%,191.90%,"$832,767,166.00 ","300,700,561",500 Million,"$1,745,571,533.00 ",5.8,0.9,8.2,-0.2,191.9,832767166.0,1745571533.0,300700561.0,False,Large,0.4770742133774245,False,False
40,Immutable,IMX,1.33,0.70%,1.00%,14.40%,122.00%,"$831,069,420.00 ","1,251,798,947",2 Billion,"$1,665,608,134.00 ",1.33,0.7,1.0,14.4,122.0,831069420.0,1665608134.0,1251798947.0,False,Large,0.498958550354918,False,False
41,Optimism,OP,1.71,1.00%,0.90%,-7.50%,33.10%,"$145,187,244.00 ","880,917,403",4.29 Billion,"$1,503,698,590.00 ",1.71,1.0,0.9,-7.5,33.1,145187244.0,1503698590.0,880917403.0,False,Large,0.09655342165347112,False,False
42,VeChain,VET,0.02,0.40%,-1.70%,-5.30%,13.30%,"$65,941,926.00 ","72,714,516,834",86 Billion,"$1,469,956,158.00 ",0.02,0.4,-1.7,-5.3,13.3,65941926.0,1469956158.0,72714516834.0,False,Large,0.044859790981602865,False,False
43,Mantle,MNT,0.46,-0.10%,-2.90%,0.30%,21.30%,"$16,337,730.00 ","3,105,990,005",6.22 Billion,"$1,434,927,462.00 ",0.46,-0.1,-2.9,0.3,21.3,16337730.0,1434927462.0,3105990005.0,False,Large,0.011385753240256823,False,False
44,Quant,QNT,98.04,0.00%,-1.40%,-4.70%,5.50%,"$31,347,588.00 ","14,544,176",14.6 Million,"$1,426,103,888.00 ",98.04,0.0,-1.4,-4.7,5.5,31347588.0,1426103888.0,14544176.0,False,Large,0.021981279389093146,False,False
45,Bittensor,TAO,244.18,-1.10%,4.50%,60.80%,381.90%,"$17,665,641.00 ","5,653,953",5.65 Million,"$1,393,270,902.00 ",244.18,-1.1,4.5,60.8,381.9,17665641.0,1393270902.0,5653953.0,False,Large,0.012679257834669111,False,False
46,Aave,AAVE,92.53,-0.60%,4.30%,-1.00%,11.00%,"$169,071,815.00 ","14,640,360",16 Million,"$1,353,296,683.00 ",92.53,-0.6,4.3,-1.0,11.0,169071815.0,1353296683.0,14640360.0,False,Large,0.1249332959460154,False,False
47,Maker,MKR,"1,469.55",0.80%,1.30%,3.30%,-3.40%,"$134,212,928.00 ","901,311",978 Thousand,"$1,323,268,975.00 ",1469.55,0.8,1.3,3.3,-3.4,134212928.0,1323268975.0,901311.0,False,Large,0.1014252812811545,False,False
48,Injective,INJ,15.63,0.70%,0.70%,-5.60%,51.20%,"$101,870,789.00 ","84,255,556",100 Million,"$1,316,138,826.00 ",15.63,0.7,0.7,-5.6,51.2,101870789.0,1316138826.0,84255556.0,False,Large,0.07740124900775475,False,False
49,The Graph,GRT,0.14,1.30%,3.90%,7.90%,61.70%,"$100,683,146.00 ","9,313,462,072",10 Billion,"$1,312,701,409.00 ",0.14,1.3,3.9,7.9,61.7,100683146.0,1312701409.0,9313462072.0,False,Large,0.07669919854561534,False,False
50,Arbitrum,ARB,1.00,0.20%,-1.90%,-10.80%,19.00%,"$330,572,699.00 ","1,275,000,000",10 Billion,"$1,274,970,582.00 ",1.0,0.2,-1.9,-10.8,19.0,330572699.0,1274970582.0,1275000000.0,False,Large,0.25927868741994237,False,False
51,Render,RNDR,3.26,0.10%,-4.70%,31.40%,61.60%,"$193,668,334.00 ","374,243,313",531 Million,"$1,222,039,540.00 ",3.26,0.1,-4.7,31.4,61.6,193668334.0,1222039540.0,374243313.0,False,Large,0.1584795971495325,False,False
52,Rocket Pool ETH,RETH,"2,216.89",0.40%,2.10%,1.20%,21.30%,"$8,583,634.00 ","543,163",543 Thousand,"$1,204,093,923.00 ",2216.89,0.4,2.1,1.2,21.3,8583634.0,1204093923.0,543163.0,False,Large,0.0071287080152467475,False,False
53,Synthetix Network,SNX,3.43,0.00%,5.20%,25.40%,56.60%,"$234,273,155.00 ","326,492,861",327 Million,"$1,126,089,485.00 ",3.43,0.0,5.2,25.4,56.6,234273155.0,1126089485.0,326492861.0,False,Large,0.20804133074735176,False,False
54,MultiversX,EGLD,42.35,0.50%,-1.40%,-9.70%,55.30%,"$35,420,729.00 ","26,234,462",26.2 Million,"$1,111,114,409.00 ",42.35,0.5,-1.4,-9.7,55.3,35420729.0,1111114409.0,26234462.0,False,Large,0.031878561481241664,False,False
55,Algorand,ALGO,0.13,0.30%,-3.30%,-6.80%,36.70%,"$68,159,573.00 ","8,006,088,059",8.01 Billion,"$1,031,403,193.00 ",0.13,0.3,-3.3,-6.8,36.7,68159573.0,1031403193.0,8006088059.0,False,Large,0.06608431451695147,False,False
56,Flow,FLOW,0.62,0.90%,-4.10%,-8.30%,36.30%,"$40,621,841.00 ","1,471,201,014",1.47 Billion,"$918,473,679.00 ",0.62,0.9,-4.1,-8.3,36.3,40621841.0,918473679.0,1471201014.0,False,Mid,0.044227550477252166,False,False
57,Theta Network,THETA,0.90,0.30%,-2.70%,-4.80%,46.10%,"$19,679,426.00 ","1,000,000,000",1 Billion,"$904,181,803.00 ",0.9,0.3,-2.7,-4.8,46.1,19679426.0,904181803.0,1000000000.0,False,Mid,0.021764899420343677,False,False
58,Bitcoin SV,BSV,45.56,0.00%,-4.20%,-5.50%,-9.90%,"$38,623,645.00 ","19,558,969",21 Million,"$891,592,427.00 ",45.56,0.0,-4.2,-5.5,-9.9,38623645.0,891592427.0,19558969.0,False,Mid,0.04331984416911159,False,False
59,Stacks,STX,0.61,0.00%,-2.90%,-4.10%,-6.20%,"$23,968,051.00 ","1,421,837,341",1.82 Billion,"$861,520,742.00 ",0.61,0.0,-2.9,-4.1,-6.2,23968051.0,861520742.0,1421837341.0,False,Mid,0.027820631392296763,False,False
60,Fantom,FTM,0.29,0.30%,-5.00%,-9.90%,29.00%,"$118,565,089.00 ","2,803,634,836",3.18 Billion,"$816,602,455.00 ",0.29,0.3,-5.0,-9.9,29.0,118565089.0,816602455.0,2803634836.0,False,Mid,0.14519315766690905,False,False
61,Celestia,TIA,5.67,-1.30%,3.00%,-9.90%,,"$277,779,060.00 ","141,043,528",1 Billion,"$800,895,863.00 ",5.67,-1.3,3.0,-9.9,,277779060.0,800895863.0,141043528.0,False,Mid,0.3468354287154059,False,False
62,The Sandbox,SAND,0.38,0.50%,-4.40%,-11.40%,23.40%,"$84,248,957.00 ","2,095,031,926",3 Billion,"$795,605,412.00 ",0.38,0.5,-4.4,-11.4,23.4,84248957.0,795605412.0,2095031926.0,False,Mid,0.10589289078390533,False,False
63,WhiteBIT Coin,WBT,5.43,0.20%,-0.20%,0.30%,1.00%,"$4,962,253.00 ","144,118,517",364 Million,"$781,967,174.00 ",5.43,0.2,-0.2,0.3,1.0,4962253.0,781967174.0,144118517.0,False,Mid,0.006345858451597867,False,False
64,Axie Infinity,AXS,5.73,0.60%,-3.80%,-9.20%,28.50%,"$75,366,667.00 ","132,455,907",270 Million,"$759,117,194.00 ",5.73,0.6,-3.8,-9.2,28.5,75366667.0,759117194.0,132455907.0,False,Mid,0.09928199176055022,False,False
65,Bitget Token,BGB,0.54,-0.10%,-0.50%,2.20%,26.20%,"$18,555,030.00 ","1,400,001,000",2 Billion,"$751,366,014.00 ",0.54,-0.1,-0.5,2.2,26.2,18555030.0,751366014.0,1400001000.0,False,Mid,0.02469506160016442,False,False
66,EOS,EOS,0.66,0.20%,-5.20%,-7.50%,17.10%,"$143,253,351.00 ","1,128,814,640",∞,"$747,701,037.00 ",0.66,0.2,-5.2,-7.5,17.1,143253351.0,747701037.0,1128814640.0,False,Mid,0.19159175112926852,False,False
67,NEO,NEO,10.45,0.00%,-4.10%,-11.10%,39.40%,"$71,702,628.00 ","70,530,000",100 Million,"$737,334,727.00 ",10.45,0.0,-4.1,-11.1,39.4,71702628.0,737334727.0,70530000.0,False,Mid,0.0972456950342446,False,False
68,Decentraland,MANA,0.39,0.30%,-3.60%,-10.90%,28.70%,"$76,455,578.00 ","1,846,989,999",2.19 Billion,"$727,276,330.00 ",0.39,0.3,-3.6,-10.9,28.7,76455578.0,727276330.0,1846989999.0,False,Mid,0.10512589898257792,False,False
69,USDD,USDD,1.00,0.10%,0.00%,-0.20%,-0.40%,"$52,709,280.00 ","725,332,026",∞,"$722,016,186.00 ",1.0,0.1,0.0,-0.2,-0.4,52709280.0,722016186.0,725332026.0,False,Mid,0.07300290633650698,False,False
70,KuCoin,KCS,7.39,0.30%,2.70%,22.30%,63.40%,"$305,244.00 ","96,732,986",144 Million,"$713,536,051.00 ",7.39,0.3,2.7,22.3,63.4,305244.0,713536051.0,96732986.0,False,Mid,0.00042779057844689053,False,False
71,Tezos,XTZ,0.78,0.50%,-4.90%,-9.40%,16.20%,"$39,672,111.00 ","891,685,800",982 Million,"$697,688,139.00 ",0.78,0.5,-4.9,-9.4,16.2,39672111.0,697688139.0,891685800.0,False,Mid,0.05686224085285761,False,False
72,Kava,KAVA,0.72,0.20%,-2.90%,-10.90%,21.50%,"$15,416,391.00 ","955,123,860",955 Million,"$692,555,026.00 ",0.72,0.2,-2.9,-10.9,21.5,15416391.0,692555026.0,955123860.0,False,Mid,0.022260167670777976,False,False
73,XDC Network,XDC,0.05,0.10%,-2.50%,-3.90%,3.00%,"$14,086,676.00 ","13,879,047,556",37.9 Billion,"$683,675,610.00 ",0.05,0.1,-2.5,-3.9,3.0,14086676.0,683675610.0,13879047556.0,False,Mid,0.020604327248122833,False,False
74,First Digital USD,FDUSD,1.00,0.40%,-1.60%,-0.20%,-0.40%,"$308,208,163.00 ","679,938,968",680 Million,"$677,957,072.00 ",1.0,0.4,-1.6,-0.2,-0.4,308208163.0,677957072.0,679938968.0,False,Mid,0.454613095325894,False,False
75,Frax,FRAX,1.00,0.10%,-0.20%,0.00%,-0.10%,"$16,908,853.00 ","670,673,781",671 Million,"$668,594,922.00 ",1.0,0.1,-0.2,0.0,-0.1,16908853.0,668594922.0,670673781.0,True,Mid,0.025290130755734337,False,False
76,GALA,GALA,0.02,0.40%,-7.60%,-0.50%,68.40%,"$957,729,823.00 ","28,064,109,097",28.1 Billion,"$657,956,871.00 ",0.02,0.4,-7.6,-0.5,68.4,957729823.0,657956871.0,28064109097.0,False,Mid,1.4556118572702008,True,False
77,Klaytn,KLAY,0.19,-1.80%,8.40%,14.90%,55.30%,"$37,282,005.00 ","3,271,052,184",∞,"$633,012,159.00 ",0.19,-1.8,8.4,14.9,55.3,37282005.0,633012159.0,3271052184.0,False,Mid,0.05889619096558302,False,False
78,Pyth Network,PYTH,0.42,5.40%,25.80%,,,"$182,645,148.00 ","1,500,000,000",10 Billion,"$624,040,526.00 ",0.42,5.4,25.8,,,182645148.0,624040526.0,1500000000.0,False,Mid,0.29268154933899276,False,False
79,Mina Protocol,MINA,0.61,-0.20%,-4.20%,-0.40%,44.10%,"$30,911,301.00 ","1,005,962,475",1.1 Billion,"$613,637,583.00 ",0.61,-0.2,-4.2,-0.4,44.1,30911301.0,613637583.0,1005962475.0,False,Mid,0.050373871901519436,False,False
80,dYdX,ETHDYDX,3.39,-0.50%,12.70%,-17.40%,65.20%,"$650,791,208.00 ","180,263,183",1 Billion,"$611,927,904.00 ",3.39,-0.5,12.7,-17.4,65.2,650791208.0,611927904.0,180263183.0,False,Mid,1.0635096124003522,True,False
81,Radix,XRD,0.06,0.10%,10.00%,31.20%,36.40%,"$4,720,693.00 ","10,305,310,076",12.7 Billion,"$594,573,578.00 ",0.06,0.1,10.0,31.2,36.4,4720693.0,594573578.0,10305310076.0,False,Mid,0.007939627952993229,False,False
82,Illuvium,ILV,98.09,1.30%,0.70%,7.50%,140.70%,"$44,179,670.00 ","6,054,182",9.61 Million,"$593,859,683.00 ",98.09,1.3,0.7,7.5,140.7,44179670.0,593859683.0,6054182.0,False,Mid,0.07439412249172672,False,False
83,Frax Ether,FRXETH,"2,011.16",0.00%,0.90%,0.70%,20.50%,"$1,636,206.00 ","293,311",293 Thousand,"$589,714,024.00 ",2011.16,0.0,0.9,0.7,20.5,1636206.0,589714024.0,293311.0,False,Mid,0.0027745753592592196,False,False
84,Tokenize Xchange,TKX,7.26,0.20%,-0.30%,7.50%,33.20%,"$11,118,952.00 ","79,996,000",100 Million,"$581,063,456.00 ",7.26,0.2,-0.3,7.5,33.2,11118952.0,581063456.0,79996000.0,False,Mid,0.019135521060887367,False,False
85,Gate,GT,4.23,0.10%,-0.10%,2.00%,11.70%,"$1,844,147.00 ","136,232,297",300 Million,"$576,366,923.00 ",4.23,0.1,-0.1,2.0,11.7,1844147.0,576366923.0,136232297.0,False,Mid,0.0031996058871685113,False,False
86,Cheelee,CHEEL,10.54,0.10%,0.50%,4.10%,13.60%,"$4,901,555.00 ","53,838,100",1 Billion,"$566,375,017.00 ",10.54,0.1,0.5,4.1,13.6,4901555.0,566375017.0,53838100.0,False,Mid,0.008654257078574494,False,False
87,WEMIX,WEMIX,1.74,-0.20%,-2.10%,-2.70%,70.30%,"$4,792,920.00 ","325,164,508",978 Million,"$565,201,516.00 ",1.74,-0.2,-2.1,-2.7,70.3,4792920.0,565201516.0,325164508.0,False,Mid,0.00848001971742765,False,False
88,Blur,BLUR,0.51,10.60%,36.40%,43.20%,175.40%,"$296,654,526.00 ","1,097,706,662",3 Billion,"$557,830,938.00 ",0.51,10.6,36.4,43.2,175.4,296654526.0,557830938.0,1097706662.0,False,Mid,0.5318000594653285,True,False
89,Fetch.ai,FET,0.53,0.70%,2.90%,27.90%,124.90%,"$231,395,614.00 ","1,043,462,805",1.15 Billion,"$554,167,062.00 ",0.53,0.7,2.9,27.9,124.9,231395614.0,554167062.0,1043462805.0,False,Mid,0.4175556973106424,False,False
90,PancakeSwap,CAKE,2.36,0.40%,-9.10%,-11.60%,105.50%,"$218,610,934.00 ","234,093,308",390 Million,"$551,222,280.00 ",2.36,0.4,-9.1,-11.6,105.5,218610934.0,551222280.0,234093308.0,False,Mid,0.3965930658680923,False,False
91,eCash,XEC, $-   ,0.20%,-3.60%,-8.90%,3.00%,"$5,746,712.00 ","19,558,792,173,093",21 Trillion,"$547,827,392.00 ",,0.2,-3.6,-8.9,3.0,5746712.0,547827392.0,19558792173093.0,False,Mid,0.010490004851747172,False,False
92,Rocket Pool,RPL,27.48,1.50%,3.00%,-4.60%,34.40%,"$4,951,292.00 ","19,842,347",19.8 Million,"$543,831,667.00 ",27.48,1.5,3.0,-4.6,34.4,4951292.0,543831667.0,19842347.0,False,Mid,0.009104456949543543,False,False
93,IOTA,IOTA,0.17,0.90%,-3.90%,-7.60%,15.60%,"$9,356,115.00 ","3,018,990,414",4.6 Billion,"$524,134,088.00 ",0.17,0.9,-3.9,-7.6,15.6,9356115.0,524134088.0,3018990414.0,False,Mid,0.01785061344836629,False,False
94,ApeCoin,APE,1.41,2.20%,-1.60%,-1.50%,27.10%,"$94,043,016.00 ","368,593,750",1 Billion,"$519,249,794.00 ",1.41,2.2,-1.6,-1.5,27.1,94043016.0,519249794.0,368593750.0,False,Mid,0.1811132466236472,False,False
95,Frax Share,FXS,6.89,1.10%,0.80%,-11.30%,24.30%,"$41,991,658.00 ","75,282,183",99.7 Million,"$518,775,048.00 ",6.89,1.1,0.8,-11.3,24.3,41991658.0,518775048.0,75282183.0,False,Mid,0.08094386605887799,False,False
96,Sui,SUI,0.53,1.20%,-1.20%,-9.90%,33.60%,"$89,479,970.00 ","965,577,711",10 Billion,"$515,742,654.00 ",0.53,1.2,-1.2,-9.9,33.6,89479970.0,515742654.0,965577711.0,False,Mid,0.1734973233375419,False,False
97,Conflux,CFX,0.15,0.10%,-3.30%,-9.60%,33.30%,"$38,357,640.00 ","3,457,624,900",5.44 Billion,"$511,998,453.00 ",0.15,0.1,-3.3,-9.6,33.3,38357640.0,511998453.0,3457624900.0,False,Mid,0.07491749198703146,False,False
98,Arweave,AR,7.75,1.10%,-0.50%,3.90%,85.40%,"$21,507,079.00 ","65,454,186",65.5 Million,"$507,054,552.00 ",7.75,1.1,-0.5,3.9,85.4,21507079.0,507054552.0,65454186.0,False,Mid,0.04241571033169622,False,False
99,Curve DAO,CRV,0.55,1.00%,-2.00%,-6.20%,21.20%,"$89,138,351.00 ","919,601,447",2.04 Billion,"$505,666,551.00 ",0.55,1.0,-2.0,-6.2,21.2,89138351.0,505666551.0,919601447.0,False,Mid,0.17627891507500562,False,False
100,Rollbit Coin,RLB,0.16,-2.30%,-6.70%,-30.40%,3.70%,"$8,526,016.00 ","3,081,146,040",3.08 Billion,"$504,641,576.00 ",0.16,-2.3,-6.7,-30.4,3.7,8526016.0,504641576.0,3081146040.0,False,Mid,0.016895191370439124,False,False
101,Gnosis,GNO,194.21,-0.40%,2.30%,12.20%,91.50%,"$4,313,295.00 ","2,589,589",3 Million,"$502,800,406.00 ",194.21,-0.4,2.3,12.2,91.5,4313295.0,502800406.0,2589589.0,False,Mid,0.008578543192345791,False,False
102,Chiliz,CHZ,0.07,0.40%,-3.80%,-9.60%,11.90%,"$89,888,764.00 ","6,975,647,158",8.89 Billion,"$492,800,669.00 ",0.07,0.4,-3.8,-9.6,11.9,89888764.0,492800669.0,6975647158.0,False,Mid,0.18240390010509502,False,False
103,cETH,CETH,40.73,0.50%,2.10%,1.00%,21.50%,$755.00 ,"12,090,449",12.1 Million,"$492,425,783.00 ",40.73,0.5,2.1,1.0,21.5,755.0,492425783.0,12090449.0,False,Mid,1.5332259724507562e-06,False,False
104,Gas,GAS,7.55,-0.40%,-7.20%,-14.70%,164.90%,"$40,387,487.00 ","65,093,581",65.1 Million,"$491,554,522.00 ",7.55,-0.4,-7.2,-14.7,164.9,40387487.0,491554522.0,65093581.0,False,Mid,0.08216278193449311,False,False
105,Tether Gold,XAUT,"1,983.96",-0.30%,-0.70%,1.30%,0.40%,"$9,019,407.00 ","246,524",247 Thousand,"$489,695,345.00 ",1983.96,-0.3,-0.7,1.3,0.4,9019407.0,489695345.0,246524.0,False,Mid,0.018418404610319503,False,False
106,GMX,GMX,50.69,0.30%,1.50%,-4.30%,24.70%,"$39,938,256.00 ","9,217,002",9.22 Million,"$467,151,285.00 ",50.69,0.3,1.5,-4.3,24.7,39938256.0,467151285.0,9217002.0,False,Mid,0.08549319520762957,False,False
107,Trust Wallet,TWT,1.12,0.90%,-5.30%,-8.20%,9.30%,"$54,485,652.00 ","416,649,900",1 Billion,"$465,421,402.00 ",1.12,0.9,-5.3,-8.2,9.3,54485652.0,465421402.0,416649900.0,False,Mid,0.11706735394175105,False,False
108,Huobi,HT,2.92,0.00%,-3.10%,0.80%,27.20%,"$41,079,553.00 ","159,406,077",201 Million,"$464,588,205.00 ",2.92,0.0,-3.1,0.8,27.2,41079553.0,464588205.0,159406077.0,False,Mid,0.08842142903735578,False,False
109,PAX Gold,PAXG,"1,976.30",-0.10%,-0.30%,1.60%,0.70%,"$13,032,976.00 ","232,987",233 Thousand,"$460,404,147.00 ",1976.3,-0.1,-0.3,1.6,0.7,13032976.0,460404147.0,232987.0,False,Mid,0.02830768594271589,False,False
110,Pepe,PEPE, $-   ,0.20%,-2.70%,-9.50%,45.30%,"$79,609,116.00 ","420,690,000,000,000",421 Trillion,"$454,089,716.00 ",,0.2,-2.7,-9.5,45.3,79609116.0,454089716.0,420690000000000.0,False,Mid,0.17531583120019392,False,False
111,Pax Dollar,USDP,1.00,0.10%,0.00%,0.00%,-0.10%,"$3,387,487.00 ","448,212,766",448 Million,"$447,356,828.00 ",1.0,0.1,0.0,0.0,-0.1,3387487.0,447356828.0,448212766.0,True,Mid,0.00757222599047935,False,False
112,ORDI,ORDI,21.19,0.20%,0.50%,-5.10%,435.50%,"$201,703,622.00 ","21,000,000",21 Million,"$445,592,225.00 ",21.19,0.2,0.5,-5.1,435.5,201703622.0,445592225.0,21000000.0,False,Mid,0.4526641415253599,False,False
113,Staked Frax Ether,SFRXETH,"2,159.99",0.60%,1.70%,1.10%,21.20%,"$921,580.00 ","205,820",206 Thousand,"$444,561,266.00 ",2159.99,0.6,1.7,1.1,21.2,921580.0,444561266.0,205820.0,False,Mid,0.0020730101124014706,False,False
114,cWBTC,CWBTC,731.94,-0.20%,0.30%,1.10%,18.50%, $-   ,"602,088",602 Thousand,"$440,695,054.00 ",731.94,-0.2,0.3,1.1,18.5,,440695054.0,602088.0,False,Mid,,False,False
115,BitTorrent,BTT, $-   ,0.60%,-3.40%,-6.40%,17.90%,"$31,884,699.00 ","951,421,714,286,000",990 Trillion,"$432,507,003.00 ",,0.6,-3.4,-6.4,17.9,31884699.0,432507003.0,951421714286000.0,False,Mid,0.07372065372083698,False,False
116,Terra Luna Classic,LUNC, $-   ,0.70%,-1.90%,-10.40%,24.70%,"$33,630,926.00 ","5,803,126,436,839",6.83 Trillion,"$420,059,976.00 ",,0.7,-1.9,-10.4,24.7,33630926.0,420059976.0,5803126436839.0,False,Mid,0.08006220045110891,False,False
117,Coinbase Wrapped Staked ETH,CBETH,"2,135.10",0.20%,1.30%,0.90%,21.00%,"$3,974,549.00 ","195,572",1.33 Million,"$417,495,503.00 ",2135.1,0.2,1.3,0.9,21.0,3974549.0,417495503.0,195572.0,False,Mid,0.009519980386471373,False,False
118,NEXO,NEXO,0.74,0.20%,-0.50%,-1.20%,27.60%,"$4,512,144.00 ","560,000,010",1 Billion,"$414,359,635.00 ",0.74,0.2,-0.5,-1.2,27.6,4512144.0,414359635.0,560000010.0,False,Mid,0.010889439073861525,False,False
119,Kujira,KUJI,3.38,-2.00%,-1.40%,-4.10%,163.60%,"$2,451,272.00 ","122,349,807",122 Million,"$413,786,827.00 ",3.38,-2.0,-1.4,-4.1,163.6,2451272.0,413786827.0,122349807.0,False,Mid,0.005923997189016363,False,False
120,Zcash,ZEC,28.19,0.50%,-1.50%,-6.10%,7.70%,"$42,818,122.00 ","14,435,666",21 Million,"$407,030,960.00 ",28.19,0.5,-1.5,-6.1,7.7,42818122.0,407030960.0,14435666.0,False,Mid,0.10519622880775457,False,False
121,Osmosis,OSMO,0.62,-0.40%,-2.20%,-4.50%,156.30%,"$17,174,602.00 ","628,638,059",1 Billion,"$387,368,849.00 ",0.62,-0.4,-2.2,-4.5,156.3,17174602.0,387368849.0,628638059.0,False,Mid,0.04433655944285804,False,False
122,WOO Network,WOO,0.22,0.00%,-2.30%,-14.80%,15.80%,"$22,740,864.00 ","1,772,540,815",2.23 Billion,"$382,123,712.00 ",0.22,0.0,-2.3,-14.8,15.8,22740864.0,382123712.0,1772540815.0,False,Mid,0.059511784497686446,False,False
123,STEPN,GMT,0.27,1.20%,-0.90%,7.80%,78.80%,"$152,470,737.00 ","1,381,830,966",5.37 Billion,"$379,924,165.00 ",0.27,1.2,-0.9,7.8,78.8,152470737.0,379924165.0,1381830966.0,False,Mid,0.4013188710962884,False,False
124,Beam,BEAM,0.01,-0.40%,1.10%,15.30%,,"$19,701,799.00 ","44,457,670,333",62.8 Billion,"$377,630,264.00 ",0.01,-0.4,1.1,15.3,,19701799.0,377630264.0,44457670333.0,False,Mid,0.05217219295750088,False,False
125,Casper Network,CSPR,0.03,-0.30%,-4.10%,-7.40%,5.50%,"$6,869,496.00 ","11,476,826,594",12.2 Billion,"$370,704,819.00 ",0.03,-0.3,-4.1,-7.4,5.5,6869496.0,370704819.0,11476826594.0,False,Mid,0.018530905582859445,False,False
126,Akash Network,AKT,1.66,-0.60%,7.10%,71.20%,90.50%,"$8,343,178.00 ","221,870,453",222 Million,"$369,098,266.00 ",1.66,-0.6,7.1,71.2,90.5,8343178.0,369098266.0,221870453.0,False,Mid,0.02260421889925649,False,False
127,Terra,LUNA,0.63,1.20%,3.80%,-18.00%,52.00%,"$94,707,227.00 ","584,959,462",1.08 Billion,"$367,720,438.00 ",0.63,1.2,3.8,-18.0,52.0,94707227.0,367720438.0,584959462.0,False,Mid,0.2575522522357052,False,False
128,1inch,1INCH,0.34,0.50%,-1.50%,-6.00%,28.20%,"$30,902,018.00 ","1,040,979,121",1.5 Billion,"$356,400,022.00 ",0.34,0.5,-1.5,-6.0,28.2,30902018.0,356400022.0,1040979121.0,False,Mid,0.08670599352544373,False,False
129,SingularityNET,AGIX,0.29,-0.20%,0.40%,14.70%,56.20%,"$100,368,709.00 ","1,241,997,271",1.35 Billion,"$354,623,894.00 ",0.29,-0.2,0.4,14.7,56.2,100368709.0,354623894.0,1241997271.0,False,Mid,0.2830286134075331,False,False
130,Aleph Zero,AZERO,1.41,0.20%,3.30%,1.10%,87.00%,"$3,996,914.00 ","248,759,366",347 Million,"$351,742,872.00 ",1.41,0.2,3.3,1.1,87.0,3996914.0,351742872.0,248759366.0,False,Mid,0.011363169855507406,False,False
131,Oasis Network,ROSE,0.07,1.50%,1.20%,-2.00%,60.90%,"$47,924,568.00 ","5,029,357,184",10 Billion,"$348,498,824.00 ",0.07,1.5,1.2,-2.0,60.9,47924568.0,348498824.0,5029357184.0,False,Mid,0.1375171584510139,False,False
132,Zilliqa,ZIL,0.02,0.00%,-5.00%,-7.10%,14.00%,"$29,390,307.00 ","17,324,063,149",18.4 Billion,"$348,448,907.00 ",0.02,0.0,-5.0,-7.1,14.0,29390307.0,348448907.0,17324063149.0,False,Mid,0.08434610185188499,False,False
133,Compound,COMP,49.82,0.80%,-1.00%,-13.90%,12.40%,"$76,160,559.00 ","6,856,086",10 Million,"$341,293,871.00 ",49.82,0.8,-1.0,-13.9,12.4,76160559.0,341293871.0,6856086.0,False,Mid,0.22315243686283484,False,False
134,Astar,ASTR,0.06,1.30%,-0.40%,-6.60%,49.10%,"$18,127,493.00 ","5,364,861,787",8.27 Billion,"$340,646,665.00 ",0.06,1.3,-0.4,-6.6,49.1,18127493.0,340646665.0,5364861787.0,False,Mid,0.05321494340770957,False,False
135,Dash,DASH,28.55,0.40%,-5.60%,-9.90%,8.30%,"$64,333,700.00 ","11,548,029",18.9 Million,"$329,669,773.00 ",28.55,0.4,-5.6,-9.9,8.3,64333700.0,329669773.0,11548029.0,False,Mid,0.1951458861835052,False,False
136,Marinade staked SOL,MSOL,62.95,0.30%,-0.70%,-11.40%,88.80%,"$19,758,667.00 ","5,232,842",5.23 Million,"$329,403,979.00 ",62.95,0.3,-0.7,-11.4,88.8,19758667.0,329403979.0,5232842.0,False,Mid,0.05998308538950588,False,False
137,FLOKI,FLOKI, $-   ,0.10%,5.10%,-7.50%,24.90%,"$31,010,623.00 ","9,941,648,926,283",10 Trillion,"$322,471,019.00 ",,0.1,5.1,-7.5,24.9,31010623.0,322471019.0,9941648926283.0,False,Mid,0.09616561232747554,False,False
138,Huobi BTC,HBTC,"35,440.60",0.20%,-8.40%,-9.40%,16.70%,"$20,815,998.00 ","8,969",8.97 Thousand,"$317,883,847.00 ",35440.6,0.2,-8.4,-9.4,16.7,20815998.0,317883847.0,8969.0,False,Mid,0.06548303160556629,False,False
139,Sei,SEI,0.17,5.40%,8.10%,3.70%,66.40%,"$89,515,149.00 ","1,800,000,000",10 Billion,"$313,952,989.00 ",0.17,5.4,8.1,3.7,66.4,89515149.0,313952989.0,1800000000.0,False,Mid,0.2851227799586262,False,False
140,Qtum,QTUM,2.99,0.20%,-3.10%,-5.70%,26.00%,"$26,285,225.00 ","104,915,108",108 Million,"$313,798,983.00 ",2.99,0.2,-3.1,-5.7,26.0,26285225.0,313798983.0,104915108.0,False,Mid,0.08376453214955129,False,False
141,Flare,FLR,0.01,1.10%,0.60%,-1.20%,20.20%,"$9,635,288.00 ","28,717,986,141",101 Billion,"$313,376,637.00 ",0.01,1.1,0.6,-1.2,20.2,9635288.0,313376637.0,28717986141.0,False,Mid,0.030746669861033707,False,False
142,NEM,XEM,0.03,0.50%,-4.30%,-3.10%,24.10%,"$4,903,551.00 ","8,999,999,999",9 Billion,"$310,280,518.00 ",0.03,0.5,-4.3,-3.1,24.1,4903551.0,310280518.0,8999999999.0,False,Mid,0.015803605819686043,False,False
143,Axelar,AXL,0.64,0.50%,-0.40%,46.40%,102.40%,"$19,049,590.00 ","478,717,140",1.12 Billion,"$308,367,748.00 ",0.64,0.5,-0.4,46.4,102.4,19049590.0,308367748.0,478717140.0,False,Mid,0.061775558966691936,False,False
144,APENFT,NFT, $-   ,-0.30%,-0.40%,-2.70%,-5.30%,"$6,821,827.00 ","990,105,682,877,398",1 Quadrillion,"$305,485,532.00 ",,-0.3,-0.4,-2.7,-5.3,6821827.0,305485532.0,990105682877398.0,False,Mid,0.02233109684552917,False,False
145,Helium,HNT,2.10,1.10%,3.10%,2.00%,43.10%,"$1,729,019.00 ","143,934,821",223 Million,"$302,380,380.00 ",2.1,1.1,3.1,2.0,43.1,1729019.0,302380380.0,143934821.0,False,Mid,0.005718026414279921,False,False
146,Basic Attention,BAT,0.20,0.70%,-4.70%,-11.30%,4.00%,"$46,516,507.00 ","1,490,413,701",1.5 Billion,"$300,902,174.00 ",0.2,0.7,-4.7,-11.3,4.0,46516507.0,300902174.0,1490413701.0,False,Mid,0.15459013267215543,False,False
147,Worldcoin,WLD,2.58,2.70%,7.70%,11.30%,70.50%,"$195,902,550.00 ","116,419,383",10 Billion,"$300,460,340.00 ",2.58,2.7,7.7,11.3,70.5,195902550.0,300460340.0,116419383.0,False,Mid,0.6520080154339172,True,False
148,MX,MX,2.89,0.40%,-0.90%,-0.50%,8.30%,"$3,099,709.00 ","100,631,536",432 Million,"$290,921,348.00 ",2.89,0.4,-0.9,-0.5,8.3,3099709.0,290921348.0,100631536.0,False,Mid,0.010654800760788445,False,False
149,Convex Finance,CVX,3.53,0.30%,-2.30%,-6.10%,32.30%,"$7,360,740.00 ","81,990,704",99.2 Million,"$289,188,709.00 ",3.53,0.3,-2.3,-6.1,32.3,7360740.0,289188709.0,81990704.0,False,Mid,0.025453068432211855,False,False
150,Beldex,BDX,0.05,-0.60%,-3.50%,4.90%,57.40%,"$2,697,484.00 ","5,911,883,992",9.92 Billion,"$285,353,693.00 ",0.05,-0.6,-3.5,4.9,57.4,2697484.0,285353693.0,5911883992.0,False,Mid,0.009453124547436643,False,False
151,SKALE,SKL,0.06,-1.00%,7.90%,91.40%,155.50%,"$189,183,585.00 ","5,001,811,004",5.18 Billion,"$284,224,078.00 ",0.06,-1.0,7.9,91.4,155.5,189183585.0,284224078.0,5001811004.0,False,Mid,0.6656142095040941,True,False
152,Bitcoin Gold,BTG,15.76,-0.30%,-2.80%,-3.90%,8.80%,"$3,412,873.00 ","17,513,924",21 Million,"$275,864,225.00 ",15.76,-0.3,-2.8,-3.9,8.8,3412873.0,275864225.0,17513924.0,False,Mid,0.01237156793346437,False,False
153,ARK,ARK,1.55,-0.60%,-3.00%,-5.10%,252.00%,"$83,527,438.00 ","177,080,512",∞,"$274,980,204.00 ",1.55,-0.6,-3.0,-5.1,252.0,83527438.0,274980204.0,177080512.0,False,Mid,0.3037580043398324,False,False
154,CorgiAI,CORGIAI, $-   ,-1.20%,-0.60%,-6.60%,1278.00%,"$1,336,519.00 ","277,312,793,789",373 Billion,"$271,721,792.00 ",,-1.2,-0.6,-6.6,1278.0,1336519.0,271721792.0,277312793789.0,False,Mid,0.00491870376005764,False,True
155,Mask Network,MASK,3.28,0.00%,-4.80%,-5.40%,21.30%,"$116,522,963.00 ","82,112,500",100 Million,"$269,076,649.00 ",3.28,0.0,-4.8,-5.4,21.3,116522963.0,269076649.0,82112500.0,False,Mid,0.43304747339855565,False,False
156,SafePal,SFP,0.64,0.00%,-4.40%,-4.80%,0.00%,"$9,425,285.00 ","420,833,333",500 Million,"$268,693,602.00 ",0.64,0.0,-4.4,-4.8,0.0,9425285.0,268693602.0,420833333.0,False,Mid,0.03507818917102462,False,False
157,JUST,JST,0.03,0.00%,-4.00%,-9.40%,18.30%,"$46,697,586.00 ","8,902,080,000",9.9 Billion,"$267,779,250.00 ",0.03,0.0,-4.0,-9.4,18.3,46697586.0,267779250.0,8902080000.0,False,Mid,0.17438836653698897,False,False
158,Theta Fuel,TFUEL,0.04,0.60%,-5.90%,-6.90%,17.90%,"$3,023,182.00 ","6,356,158,193",6.36 Billion,"$263,645,121.00 ",0.04,0.6,-5.9,-6.9,17.9,3023182.0,263645121.0,6356158193.0,False,Mid,0.011466861167516162,False,False
159,yearn.finance,YFI,"7,919.26",0.00%,-2.00%,-28.00%,40.90%,"$94,564,990.00 ","33,231",36.7 Thousand,"$263,249,291.00 ",7919.26,0.0,-2.0,-28.0,40.9,94564990.0,263249291.0,33231.0,False,Mid,0.35922220204574073,False,False
160,Enjin Coin,ENJ,0.26,0.10%,-2.70%,-6.00%,18.40%,"$21,236,788.00 ","1,000,000,000",1 Billion,"$261,781,224.00 ",0.26,0.1,-2.7,-6.0,18.4,21236788.0,261781224.0,1000000000.0,False,Mid,0.08112418329895195,False,False
161,Holo,HOT, $-   ,0.20%,-3.80%,-8.00%,20.10%,"$13,637,575.00 ","177,619,433,541",178 Billion,"$260,045,999.00 ",,0.2,-3.8,-8.0,20.1,13637575.0,260045999.0,177619433541.0,False,Mid,0.052442933375029546,False,False
162,Celo,CELO,0.50,0.50%,-2.90%,-9.00%,13.60%,"$17,258,060.00 ","518,357,311",1 Billion,"$259,996,224.00 ",0.5,0.5,-2.9,-9.0,13.6,17258060.0,259996224.0,518357311.0,False,Mid,0.06637811786066554,False,False
163,OKT Chain,OKT,14.05,0.30%,3.60%,5.30%,25.70%,"$3,539,810.00 ","17,847,480",17.8 Million,"$250,727,962.00 ",14.05,0.3,3.6,5.3,25.7,3539810.0,250727962.0,17847480.0,False,Mid,0.014118130150956198,False,False
164,Loopring,LRC,0.20,0.00%,-6.00%,-14.50%,15.30%,"$27,732,526.00 ","1,245,991,469",1.37 Billion,"$250,586,765.00 ",0.2,0.0,-6.0,-14.5,15.3,27732526.0,250586765.0,1245991469.0,False,Mid,0.11067035403884957,False,False
165,Fasttoken,FTN,1.21,0.10%,-0.50%,-0.30%,9.70%,"$23,076,336.00 ","203,631,292",880 Million,"$246,576,328.00 ",1.21,0.1,-0.5,-0.3,9.7,23076336.0,246576328.0,203631292.0,False,Mid,0.09358698860987175,False,False
166,Lido Staked SOL,STSOL,62.78,0.90%,-1.00%,-11.40%,89.30%,"$3,112,861.00 ","3,900,412",3.9 Million,"$244,698,790.00 ",62.78,0.9,-1.0,-11.4,89.3,3112861.0,244698790.0,3900412.0,False,Mid,0.012721194902516681,False,False
167,JasmyCoin,JASMY, $-   ,-0.50%,-4.30%,-3.90%,53.90%,"$41,879,744.00 ","48,419,999,999",50 Billion,"$240,944,245.00 ",,-0.5,-4.3,-3.9,53.9,41879744.0,240944245.0,48419999999.0,False,Mid,0.1738150832363728,False,False
168,Ankr Network,ANKR,0.02,-0.70%,-5.40%,-7.40%,12.50%,"$24,203,867.00 ","10,000,000,000",10 Billion,"$239,631,758.00 ",0.02,-0.7,-5.4,-7.4,12.5,24203867.0,239631758.0,10000000000.0,False,Mid,0.10100442112518325,False,False
169,Chia,XCH,26.23,0.00%,0.80%,-3.50%,13.30%,"$18,151,230.00 ","9,111,290",30.1 Million,"$238,989,456.00 ",26.23,0.0,0.8,-3.5,13.3,18151230.0,238989456.0,9111290.0,False,Mid,0.07594991973202365,False,False
170,Golem,GLM,0.23,-0.30%,-3.80%,-17.60%,12.40%,"$7,515,162.00 ","1,000,000,000",1 Billion,"$234,464,388.00 ",0.23,-0.3,-3.8,-17.6,12.4,7515162.0,234464388.0,1000000000.0,False,Mid,0.032052466748169875,False,False
171,ICON,ICX,0.24,-0.10%,-7.90%,-13.70%,23.40%,"$5,642,526.00 ","972,705,137",986 Million,"$232,582,348.00 ",0.24,-0.1,-7.9,-13.7,23.4,5642526.0,232582348.0,972705137.0,False,Mid,0.024260336386319394,False,False
172,Siacoin,SC, $-   ,-1.90%,-3.00%,4.10%,44.00%,"$13,131,723.00 ","51,477,015,000",-,"$231,275,248.00 ",,-1.9,-3.0,4.1,44.0,13131723.0,231275248.0,51477015000.0,False,Mid,0.056779629958498626,False,False
173,Tellor Tributes,TRB,92.02,1.60%,2.70%,5.50%,7.60%,"$36,643,736.00 ","2,512,060",2.56 Million,"$231,131,361.00 ",92.02,1.6,2.7,5.5,7.6,36643736.0,231131361.0,2512060.0,False,Mid,0.15854073562955395,False,False
174,Escoin,ELG,1.02,0.00%,0.30%,0.90%,-17.40%,"$492,564.00 ",0,250 Million,"$230,657,457.00 ",1.02,0.0,0.3,0.9,-17.4,492564.0,230657457.0,0.0,False,Mid,0.0021354783253333103,False,False
175,Decred,DCR,14.30,0.40%,-4.20%,-3.00%,16.50%,"$1,442,556.00 ","15,657,542",21 Million,"$224,102,764.00 ",14.3,0.4,-4.2,-3.0,16.5,1442556.0,224102764.0,15657542.0,False,Mid,0.006437029040837711,False,False
176,Ronin,RON,0.82,0.40%,-0.60%,2.60%,92.30%,"$4,388,534.00 ","271,008,046",1 Billion,"$220,915,813.00 ",0.82,0.4,-0.6,2.6,92.3,4388534.0,220915813.0,271008046.0,False,Mid,0.01986518728743062,False,False
177,Echelon Prime,PRIME,7.49,0.60%,9.00%,16.10%,117.30%,"$8,629,831.00 ","28,703,507",111 Million,"$214,900,193.00 ",7.49,0.6,9.0,16.1,117.3,8629831.0,214900193.0,28703507.0,False,Mid,0.040157390645060985,False,False
178,DeFiChain,DFI,0.25,0.00%,-1.40%,-10.00%,-8.00%,"$4,357,712.00 ","831,691,686",1.2 Billion,"$211,350,854.00 ",0.25,0.0,-1.4,-10.0,-8.0,4357712.0,211350854.0,831691686.0,False,Mid,0.020618378953888683,False,False
179,Ethereum Name Service,ENS,8.17,0.70%,-3.10%,-6.80%,11.80%,"$29,030,115.00 ","25,783,233",100 Million,"$210,737,580.00 ",8.17,0.7,-3.1,-6.8,11.8,29030115.0,210737580.0,25783233.0,False,Mid,0.13775480861078504,False,False
180,aelf,ELF,0.46,0.10%,-4.90%,1.30%,29.40%,"$13,393,136.00 ","461,329,999",880 Million,"$210,325,146.00 ",0.46,0.1,-4.9,1.3,29.4,13393136.0,210325146.0,461329999.0,False,Mid,0.06367824416011579,False,False
181,IoTeX,IOTX,0.02,0.90%,-5.70%,-10.90%,15.70%,"$11,358,900.00 ","9,442,543,017",9.5 Billion,"$209,680,573.00 ",0.02,0.9,-5.7,-10.9,15.7,11358900.0,209680573.0,9442543017.0,False,Mid,0.05417240060670761,False,False
182,Kusama,KSM,23.27,0.70%,-1.70%,-7.70%,29.60%,"$16,146,518.00 ","8,980,098",10 Million,"$209,011,232.00 ",23.27,0.7,-1.7,-7.7,29.6,16146518.0,209011232.0,8980098.0,False,Mid,0.07725191534204248,False,False
183,Liquity USD,LUSD,0.99,0.00%,-0.30%,-0.20%,-0.20%,"$16,191,977.00 ","210,657,676",211 Million,"$208,972,664.00 ",0.99,0.0,-0.3,-0.2,-0.2,16191977.0,208972664.0,210657676.0,False,Mid,0.07748370858688006,False,False
184,Aragon,ANT,5.16,0.80%,1.70%,0.30%,4.70%,"$16,135,948.00 ","40,039,312",43.2 Million,"$206,956,294.00 ",5.16,0.8,1.7,0.3,4.7,16135948.0,206956294.0,40039312.0,False,Mid,0.07796790176383812,False,False
185,Audius,AUDIO,0.18,0.40%,-3.70%,-11.00%,20.10%,"$12,393,576.00 ","1,167,950,954",1.2 Billion,"$206,827,020.00 ",0.18,0.4,-3.7,-11.0,20.1,12393576.0,206827020.0,1167950954.0,False,Mid,0.05992242212840469,False,False
186,Sushi,SUSHI,1.06,1.00%,1.40%,4.70%,84.30%,"$114,268,616.00 ","192,789,256",250 Million,"$204,063,773.00 ",1.06,1.0,1.4,4.7,84.3,114268616.0,204063773.0,192789256.0,False,Mid,0.5599652222445186,True,False
187,WAX,WAXP,0.06,0.50%,-4.10%,-5.90%,20.70%,"$6,744,387.00 ","3,370,750,857",3.77 Billion,"$203,888,921.00 ",0.06,0.5,-4.1,-5.9,20.7,6744387.0,203888921.0,3370750857.0,False,Mid,0.033078732120025295,False,False
188,SwissBorg,BORG,0.21,0.50%,-1.40%,-2.10%,3.50%,"$720,191.00 ","984,654,858",985 Million,"$203,247,409.00 ",0.21,0.5,-1.4,-2.1,3.5,720191.0,203247409.0,984654858.0,False,Mid,0.0035434203247333893,False,False
189,Waves,WAVES,2.03,0.30%,-3.10%,-15.30%,28.90%,"$54,488,248.00 ","100,000,000",100 Million,"$202,570,656.00 ",2.03,0.3,-3.1,-15.3,28.9,54488248.0,202570656.0,100000000.0,False,Mid,0.2689839144323055,False,False
190,Ocean Protocol,OCEAN,0.46,0.90%,-2.10%,11.30%,54.10%,"$77,073,401.00 ","434,026,837",1.41 Billion,"$198,930,161.00 ",0.46,0.9,-2.1,11.3,54.1,77073401.0,198930161.0,434026837.0,False,Mid,0.3874394944062806,False,False
191,FINSCHIA,FNSA,27.03,0.50%,-2.60%,-5.00%,31.20%,"$428,058.00 ","7,364,293",7.36 Million,"$198,651,625.00 ",27.03,0.5,-2.6,-5.0,31.2,428058.0,198651625.0,7364293.0,False,Mid,0.002154817510302269,False,False
192,Ravencoin,RVN,0.02,-0.10%,-4.10%,-9.70%,12.40%,"$11,581,067.00 ","11,907,968,089",11.9 Billion,"$198,107,637.00 ",0.02,-0.1,-4.1,-9.7,12.4,11581067.0,198107637.0,11907968089.0,False,Mid,0.05845845811587768,False,False
193,Memecoin,MEME,0.03,0.90%,-2.20%,-34.60%,,"$169,942,506.00 ","7,551,850,989",69 Billion,"$195,071,994.00 ",0.03,0.9,-2.2,-34.6,,169942506.0,195071994.0,7551850989.0,False,Mid,0.8711783917070125,True,False
194,SXP,SXP,0.33,0.40%,-6.30%,-8.40%,16.10%,"$17,142,564.00 ","585,067,686",585 Million,"$191,985,775.00 ",0.33,0.4,-6.3,-8.4,16.1,17142564.0,191985775.0,585067686.0,False,Mid,0.08929080292537299,False,False
195,Livepeer,LPT,6.34,0.40%,-6.30%,-13.80%,8.70%,"$33,602,693.00 ","29,764,387",29.8 Million,"$188,607,213.00 ",6.34,0.4,-6.3,-13.8,8.7,33602693.0,188607213.0,29764387.0,False,Mid,0.17816229011347515,False,False
196,Moonbeam,GLMR,0.24,0.10%,-5.10%,-7.00%,35.40%,"$11,203,206.00 ","789,026,772",1.09 Billion,"$188,541,511.00 ",0.24,0.1,-5.1,-7.0,35.4,11203206.0,188541511.0,789026772.0,False,Mid,0.059420368175579115,False,False
197,Telcoin,TEL, $-   ,1.30%,-0.60%,5.90%,103.30%,"$1,644,898.00 ","72,466,058,901",100 Billion,"$187,298,939.00 ",,1.3,-0.6,5.9,103.3,1644898.0,187298939.0,72466058901.0,False,Mid,0.008782206716077554,False,False
198,Band Protocol,BAND,1.37,0.30%,-5.90%,-9.20%,3.10%,"$12,628,249.00 ","136,197,694",141 Million,"$186,989,684.00 ",1.37,0.3,-5.9,-9.2,3.1,12628249.0,186989684.0,136197694.0,False,Mid,0.06753446890685157,False,False
199,DeXe,DEXE,3.27,1.10%,-1.10%,-7.10%,53.30%,"$2,323,914.00 ","57,101,604",96.5 Million,"$186,569,299.00 ",3.27,1.1,-1.1,-7.1,53.3,2323914.0,186569299.0,57101604.0,False,Mid,0.012456036510058388,False,False
200,Olympus,OHM,11.40,-0.10%,-0.10%,0.40%,-2.40%,"$183,117.00 ","16,365,246",26.8 Million,"$186,476,204.00 ",11.4,-0.1,-0.1,0.4,-2.4,183117.0,186476204.0,16365246.0,False,Mid,0.0009819858838396346,False,False
201,Ontology,ONT,0.21,0.00%,-4.80%,-9.40%,13.80%,"$7,812,163.00 ","896,397,857",1 Billion,"$184,624,659.00 ",0.21,0.0,-4.8,-9.4,13.8,7812163.0,184624659.0,896397857.0,False,Mid,0.042313757232179915,False,False
202,Bonk,BONK, $-   ,1.70%,16.40%,62.80%,1320.00%,"$85,916,890.00 ","42,974,933,572,261",93.9 Trillion,"$184,591,575.00 ",,1.7,16.4,62.8,1320.0,85916890.0,184591575.0,42974933572261.0,False,Mid,0.4654431817920184,False,True
203,DAO Maker,DAO,0.88,-0.70%,-2.00%,6.10%,63.70%,"$2,240,168.00 ","207,532,000",278 Million,"$182,156,175.00 ",0.88,-0.7,-2.0,6.1,63.7,2240168.0,182156175.0,207532000.0,False,Mid,0.012298062363244069,False,False
204,Centrifuge,CFG,0.50,-1.00%,2.90%,-6.80%,54.50%,"$1,202,470.00 ","360,263,043",447 Million,"$181,160,270.00 ",0.5,-1.0,2.9,-6.8,54.5,1202470.0,181160270.0,360263043.0,False,Mid,0.0066376032669856365,False,False
205,Wrapped Centrifuge,WCFG,0.50,-1.40%,2.60%,-7.40%,54.20%,"$591,217.00 ","360,263,043",-,"$181,072,705.00 ",0.5,-1.4,2.6,-7.4,54.2,591217.0,181072705.0,360263043.0,False,Mid,0.003265080730969364,False,False
206,tomiNet,TOMI,2.04,0.20%,-3.60%,-11.50%,-13.10%,"$30,070,435.00 ","85,951,707",121 Million,"$175,567,288.00 ",2.04,0.2,-3.6,-11.5,-13.1,30070435.0,175567288.0,85951707.0,False,Mid,0.17127584154515163,False,False
207,Biconomy,BICO,0.25,0.60%,-6.20%,-14.50%,18.70%,"$7,631,716.00 ","701,391,763",1 Billion,"$175,352,140.00 ",0.25,0.6,-6.2,-14.5,18.7,7631716.0,175352140.0,701391763.0,False,Mid,0.04352222904151612,False,False
208,GameAI,GAT,0.88,1.90%,0.60%,11.70%,4.10%,"$18,389,301.00 ","200,000,001",1 Billion,"$175,137,847.00 ",0.88,1.9,0.6,11.7,4.1,18389301.0,175137847.0,200000001.0,False,Mid,0.10499901257778965,False,False
209,ECOMI,OMI, $-   ,1.30%,6.60%,-1.70%,-22.90%,"$949,073.00 ","271,155,252,708",311 Billion,"$174,568,824.00 ",,1.3,6.6,-1.7,-22.9,949073.0,174568824.0,271155252708.0,False,Mid,0.00543666949374649,False,False
210,sETH2,SETH2,"2,012.43",0.60%,1.70%,0.90%,20.80%,"$36,596.00 ","86,381",86.4 Thousand,"$173,835,150.00 ",2012.43,0.6,1.7,0.9,20.8,36596.0,173835150.0,86381.0,False,Mid,0.0002105212898542096,False,False
211,EthereumPoW,ETHW,1.56,0.40%,0.50%,-2.80%,22.10%,"$5,522,443.00 ","107,818,943",108 Million,"$168,504,342.00 ",1.56,0.4,0.5,-2.8,22.1,5522443.0,168504342.0,107818943.0,False,Mid,0.03277329791299977,False,False
212,Magic,MAGIC,0.69,2.30%,2.90%,7.50%,42.80%,"$99,188,036.00 ","241,929,766",340 Million,"$167,859,487.00 ",0.69,2.3,2.9,7.5,42.8,99188036.0,167859487.0,241929766.0,False,Mid,0.5908991965404969,True,False
213,Baby Doge Coin,BABYDOGE, $-   ,-2.20%,-5.60%,-10.70%,-1.70%,"$1,870,288.00 ","146,330,991,639,139,000",420 Quadrillion,"$167,536,593.00 ",,-2.2,-5.6,-10.7,-1.7,1870288.0,167536593.0,1.46330991639139e+17,False,Mid,0.011163459674746997,False,False
214,Alchemix USD,ALUSD,0.99,0.20%,0.40%,0.40%,0.20%,"$2,494,799.00 ","167,672,845",168 Million,"$166,904,250.00 ",0.99,0.2,0.4,0.4,0.2,2494799.0,166904250.0,167672845.0,False,Mid,0.01494748635819639,False,False
215,Polymesh,POLYX,0.19,0.70%,-5.10%,-9.20%,9.30%,"$14,292,372.00 ","878,709,031",879 Million,"$166,411,884.00 ",0.19,0.7,-5.1,-9.2,9.3,14292372.0,166411884.0,878709031.0,False,Mid,0.0858855248583088,False,False
216,Polymath,POLY,0.19,3.40%,-10.80%,-28.20%,0.60%,"$2,235,168.00 ","898,550,830",1 Billion,"$166,306,659.00 ",0.19,3.4,-10.8,-28.2,0.6,2235168.0,166306659.0,898550830.0,False,Mid,0.013440039102703638,False,False
217,Prisma mkUSD,MKUSD,0.99,0.00%,-0.10%,-0.50%,-0.20%,"$5,310,596.00 ","167,504,005",167 Million,"$166,046,484.00 ",0.99,0.0,-0.1,-0.5,-0.2,5310596.0,166046484.0,167504005.0,False,Mid,0.03198258627385329,False,False
218,Ribbon Finance,RBN,0.20,0.00%,-4.20%,11.30%,16.50%,"$830,191.00 ","835,683,231",1 Billion,"$165,959,207.00 ",0.2,0.0,-4.2,11.3,16.5,830191.0,165959207.0,835683231.0,False,Mid,0.005002379892065886,False,False
219,CANTO,CANTO,0.29,0.20%,6.40%,17.30%,1.60%,"$10,691,840.00 ","551,216,876",1 Billion,"$160,927,730.00 ",0.29,0.2,6.4,17.3,1.6,10691840.0,160927730.0,551216876.0,False,Mid,0.06643876726528113,False,False
220,IOST,IOST,0.01,0.20%,-3.10%,-6.70%,12.00%,"$6,696,929.00 ","18,708,894,189",18.7 Billion,"$160,614,486.00 ",0.01,0.2,-3.1,-6.7,12.0,6696929.0,160614486.0,18708894189.0,False,Mid,0.041695672456343695,False,False
221,Balancer,BAL,3.57,0.30%,-0.80%,-9.60%,13.00%,"$11,478,573.00 ","44,273,080",60.2 Million,"$158,577,400.00 ",3.57,0.3,-0.8,-9.6,13.0,11478573.0,158577400.0,44273080.0,False,Mid,0.07238467146011979,False,False
222,PayPal USD,PYUSD,1.00,0.00%,-0.30%,0.00%,-0.30%,"$5,807,767.00 ","157,956,966",158 Million,"$157,679,587.00 ",1.0,0.0,-0.3,0.0,-0.3,5807767.0,157679587.0,157956966.0,False,Mid,0.03683271316533826,False,False
223,Status,SNT,0.04,0.10%,-3.10%,-10.40%,47.20%,"$4,373,033.00 ","3,960,483,788",6.8 Billion,"$156,286,637.00 ",0.04,0.1,-3.1,-10.4,47.2,4373033.0,156286637.0,3960483788.0,False,Mid,0.027980850339751055,False,False
224,crvUSD,CRVUSD,0.99,0.00%,-0.20%,-0.40%,-0.70%,"$36,560,353.00 ","157,225,419",157 Million,"$156,006,137.00 ",0.99,0.0,-0.2,-0.4,-0.7,36560353.0,156006137.0,157225419.0,False,Mid,0.23435201783119597,False,False
225,cDAI,CDAI,0.02,-0.10%,-0.40%,-0.10%,0.00%,"$4,959.00 ","6,938,854,230",6.94 Billion,"$155,891,640.00 ",0.02,-0.1,-0.4,-0.1,0.0,4959.0,155891640.0,6938854230.0,False,Mid,3.1810557641192305e-05,False,False
226,Bone ShibaSwap,BONE,0.62,0.20%,-1.40%,-6.30%,-17.20%,"$7,526,463.00 ","249,917,970",250 Million,"$155,107,348.00 ",0.62,0.2,-1.4,-6.3,-17.2,7526463.0,155107348.0,249917970.0,False,Mid,0.04852421949732517,False,False
227,Harmony,ONE,0.01,0.50%,-5.70%,-11.10%,27.50%,"$15,857,039.00 ","12,305,426,115",13.2 Billion,"$154,829,936.00 ",0.01,0.5,-5.7,-11.1,27.5,15857039.0,154829936.0,12305426115.0,False,Mid,0.10241584676493053,False,False
228,Gemini Dollar,GUSD,1.00,0.10%,-1.30%,-0.40%,-0.30%,"$832,262.00 ","151,664,494",152 Million,"$151,061,502.00 ",1.0,0.1,-1.3,-0.4,-0.3,832262.0,151061502.0,151664494.0,False,Mid,0.005509424896357776,False,False
229,BENQI Liquid Staked AVAX,SAVAX,22.23,-0.10%,-6.50%,2.90%,101.30%,"$736,484.00 ","6,733,260",6.73 Million,"$150,858,008.00 ",22.23,-0.1,-6.5,2.9,101.3,736484.0,150858008.0,6733260.0,False,Mid,0.004881968214773193,False,False
230,Ultima,ULTIMA,"10,654.79",-0.90%,-6.40%,-11.20%,-19.90%,"$8,150,151.00 ","14,083",100 Thousand,"$150,050,783.00 ",10654.79,-0.9,-6.4,-11.2,-19.9,8150151.0,150050783.0,14083.0,False,Mid,0.05431595115368375,False,False
231,Vulcan Forged,PYR,6.27,0.80%,1.50%,-7.30%,100.80%,"$14,682,494.00 ","23,897,700",50 Million,"$149,952,676.00 ",6.27,0.8,1.5,-7.3,100.8,14682494.0,149952676.0,23897700.0,False,Mid,0.09791418460581523,False,False
232,Kadena,KDA,0.59,0.80%,-1.80%,-5.90%,30.90%,"$5,555,829.00 ","254,391,906",1 Billion,"$149,072,705.00 ",0.59,0.8,-1.8,-5.9,30.9,5555829.0,149072705.0,254391906.0,False,Mid,0.037269257306359334,False,False
233,cUSDC,CUSDC,0.02,0.10%,0.20%,0.30%,0.40%,$2.61 ,"6,401,309,257",6.4 Billion,"$148,317,735.00 ",0.02,0.1,0.2,0.3,0.4,2.61,148317735.0,6401309257.0,False,Mid,1.759735610849235e-08,False,False
234,OriginTrail,TRAC,0.39,2.20%,10.00%,42.60%,59.10%,"$2,385,221.00 ","382,798,499",500 Million,"$147,708,550.00 ",0.39,2.2,10.0,42.6,59.1,2385221.0,147708550.0,382798499.0,False,Mid,0.016148157977314108,False,False
235,Wrapped Beacon ETH,WBETH,"2,068.57",0.30%,1.70%,0.80%,20.70%,"$15,016,672.00 ","70,938",70.9 Thousand,"$146,739,074.00 ",2068.57,0.3,1.7,0.8,20.7,15016672.0,146739074.0,70938.0,False,Mid,0.10233587817243552,False,False
236,Lisk,LSK,1.00,0.40%,-7.00%,-11.20%,9.10%,"$3,684,187.00 ","144,818,773",-,"$144,528,188.00 ",1.0,0.4,-7.0,-11.2,9.1,3684187.0,144528188.0,144818773.0,False,Mid,0.02549113118335089,False,False
237,Stratis,STRAX,0.92,-0.50%,-1.50%,-8.80%,49.70%,"$12,622,398.00 ","155,531,483",-,"$142,904,773.00 ",0.92,-0.5,-1.5,-8.8,49.7,12622398.0,142904773.0,155531483.0,False,Mid,0.0883273366943454,False,False
238,BTSE Token,BTSE,0.88,0.00%,-12.20%,-12.20%,-15.80%,"$13,646.00 ","162,061,501",200 Million,"$142,359,295.00 ",0.88,0.0,-12.2,-12.2,-15.8,13646.0,142359295.0,162061501.0,False,Mid,9.585605211096332e-05,False,False
239,Nexus Mutual,NXM,20.82,0.20%,3.80%,-63.60%,-56.70%,"$17,878.00 ","6,752,544",6.75 Million,"$140,558,432.00 ",20.82,0.2,3.8,-63.6,-56.7,17878.0,140558432.0,6752544.0,False,Mid,0.00012719265394195632,False,False
240,inSure DeFi,SURE,0.01,1.40%,-2.40%,11.50%,69.20%,"$438,091.00 ","26,482,693,217",88 Billion,"$138,424,432.00 ",0.01,1.4,-2.4,11.5,69.2,438091.0,138424432.0,26482693217.0,False,Mid,0.0031648387041963806,False,False
241,Amp,AMP, $-   ,-0.30%,1.90%,21.60%,67.50%,"$13,964,879.00 ","56,127,938,240",99.4 Billion,"$138,359,592.00 ",,-0.3,1.9,21.6,67.5,13964879.0,138359592.0,56127938240.0,False,Mid,0.10093177349063012,False,False
242,Viction,VIC,1.43,-0.40%,1.90%,12.70%,-2.60%,"$354,279.00 ","97,333,840",100 Million,"$138,331,233.00 ",1.43,-0.4,1.9,12.7,-2.6,354279.0,138331233.0,97333840.0,False,Mid,0.0025610918974458934,False,False
243,Horizen,ZEN,9.56,0.50%,-5.90%,-14.20%,16.90%,"$17,706,610.00 ","14,368,263",14.4 Million,"$137,389,547.00 ",9.56,0.5,-5.9,-14.2,16.9,17706610.0,137389547.0,14368263.0,False,Mid,0.12887887315037147,False,False
244,Bitcoin Avalanche Bridged (BTC.b),BTC.B,"36,283.16",0.20%,-3.40%,0.60%,18.00%,"$14,795,734.00 ","3,733",3.73 Thousand,"$136,184,279.00 ",36283.16,0.2,-3.4,0.6,18.0,14795734.0,136184279.0,3733.0,False,Mid,0.10864494865813402,False,False
245,VVS Finance,VVS, $-   ,-1.10%,0.90%,-6.60%,61.50%,"$2,358,227.00 ","40,349,606,224,412",84.9 Trillion,"$135,761,211.00 ",,-1.1,0.9,-6.6,61.5,2358227.0,135761211.0,40349606224412.0,False,Mid,0.01737040339158436,False,False
246,Flux,FLUX,0.40,0.60%,-1.80%,-4.00%,19.60%,"$11,894,604.00 ","337,877,096",440 Million,"$135,070,914.00 ",0.4,0.6,-1.8,-4.0,19.6,11894604.0,135070914.0,337877096.0,False,Mid,0.08806191982975699,False,False
247,STASIS EURO,EURS,1.08,-0.60%,-0.70%,0.20%,2.20%,"$2,375,581.00 ","124,125,940",124 Million,"$134,777,380.00 ",1.08,-0.6,-0.7,0.2,2.2,2375581.0,134777380.0,124125940.0,False,Mid,0.017625962160712726,False,False
248,Orbs,ORBS,0.04,0.60%,-2.70%,-13.70%,-9.00%,"$7,594,847.00 ","3,217,486,459",10 Billion,"$133,108,128.00 ",0.04,0.6,-2.7,-13.7,-9.0,7594847.0,133108128.0,3217486459.0,False,Mid,0.05705772528030745,False,False
249,BORA,BORA,0.13,0.10%,-5.00%,-9.80%,10.40%,"$287,338.00 ","993,750,000",1.21 Billion,"$132,252,254.00 ",0.13,0.1,-5.0,-9.8,10.4,287338.0,132252254.0,993750000.0,False,Mid,0.00217265106120611,False,False
250,Tribe,TRIBE,0.29,-0.60%,-0.20%,-6.90%,14.60%,"$121,861.00 ","455,015,531",1 Billion,"$130,731,151.00 ",0.29,-0.6,-0.2,-6.9,14.6,121861.0,130731151.0,455015531.0,False,Mid,0.0009321496756346925,False,False
251,API3,API3,1.33,0.30%,-4.80%,-11.20%,22.80%,"$9,551,711.00 ","97,192,405",126 Million,"$129,133,174.00 ",1.33,0.3,-4.8,-11.2,22.8,9551711.0,129133174.0,97192405.0,False,Mid,0.07396791005849511,False,False
252,UMA,UMA,1.70,0.10%,-3.80%,-6.60%,23.40%,"$7,081,034.00 ","74,422,743",116 Million,"$126,818,479.00 ",1.7,0.1,-3.8,-6.6,23.4,7081034.0,126818479.0,74422743.0,False,Mid,0.05583597954995186,False,False
253,Pundi X,PUNDIX,0.49,-2.40%,-1.50%,-5.90%,22.20%,"$11,670,163.00 ","258,422,692",258 Million,"$126,590,773.00 ",0.49,-2.4,-1.5,-5.9,22.2,11670163.0,126590773.0,258422692.0,False,Mid,0.09218810126074513,False,False
254,Liquity,LQTY,1.34,0.60%,-2.30%,-8.20%,-11.60%,"$27,507,188.00 ","94,398,007",100 Million,"$126,547,229.00 ",1.34,0.6,-2.3,-8.2,-11.6,27507188.0,126547229.0,94398007.0,False,Mid,0.21736697213654516,False,False
255,STP,STPT,0.06,0.00%,-5.30%,-3.70%,10.30%,"$6,785,349.00 ","1,942,420,283",1.94 Billion,"$125,474,483.00 ",0.06,0.0,-5.3,-3.7,10.3,6785349.0,125474483.0,1942420283.0,False,Mid,0.05407752108450608,False,False
256,JOE,JOE,0.37,-0.20%,1.50%,-15.40%,55.80%,"$15,357,862.00 ","341,459,396",500 Million,"$125,234,023.00 ",0.37,-0.2,1.5,-15.4,55.8,15357862.0,125234023.0,341459396.0,False,Mid,0.12263330389058891,False,False
257,Hive,HIVE,0.34,0.70%,-3.30%,-8.30%,3.70%,"$1,283,437.00 ","371,261,454",∞,"$124,680,874.00 ",0.34,0.7,-3.3,-8.3,3.7,1283437.0,124680874.0,371261454.0,False,Mid,0.01029377609271491,False,False
258,Gains Network,GNS,3.67,-0.10%,-2.50%,-10.50%,2.10%,"$7,403,194.00 ","33,758,852",33.8 Million,"$123,772,209.00 ",3.67,-0.1,-2.5,-10.5,2.1,7403194.0,123772209.0,33758852.0,False,Mid,0.059813055449305264,False,False
259,SSV Network,SSV,17.46,1.00%,1.50%,-5.60%,37.90%,"$20,515,085.00 ","7,085,673",11.1 Million,"$123,731,884.00 ",17.46,1.0,1.5,-5.6,37.9,20515085.0,123731884.0,7085673.0,False,Mid,0.16580273682731608,False,False
260,Energy Web,EWT,2.55,-0.50%,7.10%,10.40%,49.50%,"$2,357,684.00 ","48,267,290",69 Million,"$123,279,631.00 ",2.55,-0.5,7.1,10.4,49.5,2357684.0,123279631.0,48267290.0,False,Mid,0.019124684109413013,False,False
261,DigiByte,DGB,0.01,-0.60%,-5.70%,-12.20%,9.60%,"$4,782,158.00 ","16,649,619,571",21 Billion,"$121,840,677.00 ",0.01,-0.6,-5.7,-12.2,9.6,4782158.0,121840677.0,16649619571.0,False,Mid,0.039249273048605926,False,False
262,Galxe,GAL,1.26,0.40%,-4.20%,-12.90%,7.80%,"$13,584,258.00 ","95,097,997",200 Million,"$120,179,817.00 ",1.26,0.4,-4.2,-12.9,7.8,13584258.0,120179817.0,95097997.0,False,Mid,0.11303277321515642,False,False
263,Open Campus,EDU,0.56,0.20%,-8.50%,-6.70%,34.90%,"$15,624,072.00 ","208,593,750",1 Billion,"$117,299,078.00 ",0.56,0.2,-8.5,-6.7,34.9,15624072.0,117299078.0,208593750.0,False,Mid,0.133198591722946,False,False
264,Reserve Rights,RSR, $-   ,1.10%,-4.20%,-9.90%,26.00%,"$12,964,566.00 ","50,600,000,000",100 Billion,"$116,746,078.00 ",,1.1,-4.2,-9.9,26.0,12964566.0,116746078.0,50600000000.0,False,Mid,0.11104926368490083,False,False
265,TerraClassicUSD,USTC,0.01,-0.10%,-0.60%,-6.60%,14.50%,"$8,317,300.00 ","8,980,996,763",9.79 Billion,"$116,148,657.00 ",0.01,-0.1,-0.6,-6.6,14.5,8317300.0,116148657.0,8980996763.0,False,Mid,0.0716090931641164,False,False
266,eUSD,EUSD,1.00,0.40%,-1.60%,-0.20%,-1.00%,"$53,423.00 ","116,465,109",116 Million,"$115,979,611.00 ",1.0,0.4,-1.6,-0.2,-1.0,53423.0,115979611.0,116465109.0,False,Mid,0.00046062406606968187,False,False
267,Bitkub Coin,KUB,1.29,0.20%,-2.70%,-3.50%,34.80%,"$390,558.00 ","88,850,000",110 Million,"$115,002,897.00 ",1.29,0.2,-2.7,-3.5,34.8,390558.0,115002897.0,88850000.0,False,Mid,0.0033960709702817314,False,False
268,Autonolas,OLAS,2.44,3.10%,29.60%,93.70%,143.50%,"$3,806,476.00 ","47,055,302",536 Million,"$114,018,453.00 ",2.44,3.1,29.6,93.7,143.5,3806476.0,114018453.0,47055302.0,False,Mid,0.033384736416306224,False,False
269,Power Ledger,POWR,0.26,-2.30%,-5.70%,6.20%,12.40%,"$16,928,760.00 ","429,712,892",1 Billion,"$113,774,978.00 ",0.26,-2.3,-5.7,6.2,12.4,16928760.0,113774978.0,429712892.0,False,Mid,0.1487915910649528,False,False
270,Decentralized Social,DESO,10.79,-1.10%,4.10%,-6.90%,24.50%,"$2,195,313.00 ","10,532,254",10.8 Million,"$113,307,581.00 ",10.79,-1.1,4.1,-6.9,24.5,2195313.0,113307581.0,10532254.0,False,Mid,0.01937481129351795,False,False
271,Coin98,C98,0.18,-0.20%,-0.30%,-0.40%,19.10%,"$20,355,459.00 ","631,666,653",1 Billion,"$113,284,762.00 ",0.18,-0.2,-0.3,-0.4,19.1,20355459.0,113284762.0,631666653.0,False,Mid,0.17968399845338423,False,False
272,Blox,CDT,0.17,4.20%,5.00%,8.40%,8.00%,"$148,769.00 ","674,579,184",1 Billion,"$112,785,090.00 ",0.17,4.2,5.0,8.4,8.0,148769.0,112785090.0,674579184.0,False,Mid,0.0013190484664240636,False,False
273,Seedify.fund,SFUND,1.93,-0.40%,6.10%,28.60%,207.10%,"$9,450,341.00 ","58,248,607",100 Million,"$112,402,660.00 ",1.93,-0.4,6.1,28.6,207.1,9450341.0,112402660.0,58248607.0,False,Mid,0.08407577721025464,False,False
274,Kyber Network Crystal,KNC,0.74,-0.80%,-2.70%,-10.30%,10.70%,"$18,035,324.00 ","151,290,858",229 Million,"$111,633,376.00 ",0.74,-0.8,-2.7,-10.3,10.7,18035324.0,111633376.0,151290858.0,False,Mid,0.1615585288758086,False,False
275,Constellation,DAG,0.04,0.60%,1.60%,-4.10%,29.90%,"$663,967.00 ","2,934,015,746",3.55 Billion,"$111,586,505.00 ",0.04,0.6,1.6,-4.1,29.9,663967.0,111586505.0,2934015746.0,False,Mid,0.005950244610672231,False,False
276,Short-term T-Bill Token,STBT,0.99,-,-,-,-, - ,"111,511,434",112 Million,"$110,856,111.00 ",0.99,,,,,,110856111.0,111511434.0,False,Mid,,False,False
277,PlayDapp,PLA,0.20,0.40%,-3.40%,-9.90%,10.70%,"$2,670,734.00 ","569,265,030",700 Million,"$110,986,735.00 ",0.2,0.4,-3.4,-9.9,10.7,2670734.0,110986735.0,569265030.0,False,Mid,0.024063542368374023,False,False
278,Steem,STEEM,0.25,0.40%,-5.60%,-10.70%,14.90%,"$7,455,073.00 ","449,082,200",∞,"$110,419,068.00 ",0.25,0.4,-5.6,-10.7,14.9,7455073.0,110419068.0,449082200.0,False,Mid,0.06751617392749593,False,False
279,Bluzelle,BLZ,0.26,2.40%,6.80%,8.90%,35.00%,"$13,616,580.00 ","426,454,177",500 Million,"$109,272,044.00 ",0.26,2.4,6.8,8.9,35.0,13616580.0,109272044.0,426454177.0,False,Mid,0.12461174424448397,False,False
280,0x0.ai: AI Smart Contract,0X0,0.12,3.40%,7.00%,6.30%,34.80%,"$1,458,348.00 ","891,250,000",891 Million,"$108,787,347.00 ",0.12,3.4,7.0,6.3,34.8,1458348.0,108787347.0,891250000.0,False,Mid,0.013405492828131933,False,False
281,dKargo,DKA,0.03,-0.40%,-2.60%,-6.20%,20.70%,"$3,448,376.00 ","3,152,916,667",5 Billion,"$108,294,993.00 ",0.03,-0.4,-2.6,-6.2,20.7,3448376.0,108294993.0,3152916667.0,False,Mid,0.031842432456688004,False,False
282,Pocket Network,POKT,0.07,0.40%,0.50%,28.40%,192.20%,"$1,324,721.00 ","1,548,744,251",1.64 Billion,"$108,214,046.00 ",0.07,0.4,0.5,28.4,192.2,1324721.0,108214046.0,1548744251.0,False,Mid,0.012241673322148957,False,False
283,Stargate Finance,STG,0.53,0.30%,-0.70%,-6.30%,25.70%,"$48,370,749.00 ","204,348,516",1 Billion,"$107,777,769.00 ",0.53,0.3,-0.7,-6.3,25.7,48370749.0,107777769.0,204348516.0,False,Mid,0.44880080046934356,False,False
284,Zephyr Protocol,ZEPH,44.48,-0.40%,53.70%,251.10%,1941.40%,"$8,029,154.00 ","2,415,561",2.42 Million,"$107,367,054.00 ",44.48,-0.4,53.7,251.1,1941.4,8029154.0,107367054.0,2415561.0,False,Mid,0.07478228842899982,False,True
285,Maple,MPL,13.55,-0.80%,3.80%,17.10%,127.50%,"$1,428,008.00 ","7,919,160",10 Million,"$107,298,273.00 ",13.55,-0.8,3.8,17.1,127.5,1428008.0,107298273.0,7919160.0,False,Mid,0.013308769657457581,False,False
286,Cartesi,CTSI,0.14,0.20%,-3.10%,-11.70%,6.40%,"$10,119,850.00 ","763,942,187",1 Billion,"$106,937,602.00 ",0.14,0.2,-3.1,-11.7,6.4,10119850.0,106937602.0,763942187.0,False,Mid,0.09463322358771427,False,False
287,Storj,STORJ,0.74,0.60%,5.20%,6.20%,97.00%,"$51,690,015.00 ","143,787,439",425 Million,"$106,215,443.00 ",0.74,0.6,5.2,6.2,97.0,51690015.0,106215443.0,143787439.0,False,Mid,0.4866525388403266,False,False
288,Stride,STRD,1.19,0.60%,0.00%,-14.60%,148.20%,"$202,066.00 ","88,158,090",88.2 Million,"$104,702,311.00 ",1.19,0.6,0.0,-14.6,148.2,202066.0,104702311.0,88158090.0,False,Mid,0.0019299096464069452,False,False
289,Decimal,DEL,0.02,-0.30%,0.70%,-0.60%,-1.70%,"$1,593.00 ","5,979,852,190",5.98 Billion,"$104,714,310.00 ",0.02,-0.3,0.7,-0.6,-1.7,1593.0,104714310.0,5979852190.0,False,Mid,1.5212820482701934e-05,False,False
290,Nervos Network,CKB, $-   ,-0.10%,-3.20%,-14.40%,18.70%,"$3,285,910.00 ","33,340,636,263",∞,"$104,251,540.00 ",,-0.1,-3.2,-14.4,18.7,3285910.0,104251540.0,33340636263.0,False,Mid,0.031519054778471375,False,False
291,MiL.k Alliance,MLK,0.32,2.20%,3.80%,0.00%,20.50%,"$3,492,866.00 ","322,081,133",986 Million,"$103,938,757.00 ",0.32,2.2,3.8,0.0,20.5,3492866.0,103938757.0,322081133.0,False,Mid,0.033605039167439725,False,False
292,Pendle,PENDLE,1.07,0.60%,1.30%,-1.70%,38.20%,"$22,796,340.00 ","96,950,723",258 Million,"$103,775,651.00 ",1.07,0.6,1.3,-1.7,38.2,22796340.0,103775651.0,96950723.0,False,Mid,0.21966944827934637,False,False
293,iExec RLC,RLC,1.42,0.80%,-3.40%,2.60%,39.70%,"$11,867,966.00 ","72,382,548",87 Million,"$102,662,015.00 ",1.42,0.8,-3.4,2.6,39.7,11867966.0,102662015.0,72382548.0,False,Mid,0.11560230918904134,False,False
294,NuCypher,NU,0.07,-0.10%,-3.70%,-8.50%,9.60%,"$2,081.00 ",0,3.89 Billion,"$124,609,282.00 ",0.07,-0.1,-3.7,-8.5,9.6,2081.0,124609282.0,0.0,False,Mid,1.670020055167319e-05,False,False
295,PAAL AI,PAAL,0.16,-7.60%,-5.10%,1.90%,153.50%,"$6,443,727.00 ","650,945,444",1 Billion,"$101,582,002.00 ",0.16,-7.6,-5.1,1.9,153.5,6443727.0,101582002.0,650945444.0,False,Mid,0.06343374685606216,False,False
296,Ardor,ARDR,0.10,0.40%,-0.90%,-7.20%,21.10%,"$10,601,782.00 ","998,466,231",998 Million,"$101,455,960.00 ",0.1,0.4,-0.9,-7.2,21.1,10601782.0,101455960.0,998466231.0,False,Mid,0.10449639429758488,False,False
297,Metal DAO,MTL,1.55,-1.80%,-2.50%,-12.00%,13.80%,"$7,567,074.00 ","64,633,864",66.6 Million,"$100,266,958.00 ",1.55,-1.8,-2.5,-12.0,13.8,7567074.0,100266958.0,64633864.0,False,Mid,0.07546926874953162,False,False
298,Function X,FX,0.15,0.40%,-2.40%,6.40%,24.30%,"$5,101,761.00 ","668,199,534",668 Million,"$100,038,703.00 ",0.15,0.4,-2.4,6.4,24.3,5101761.0,100038703.0,668199534.0,False,Mid,0.05099787229348625,False,False
299,LUKSO [OLD],LYXE,6.41,-0.20%,0.70%,-2.80%,23.50%,"$451,781.00 ","15,575,916",100 Million,"$99,791,237.00 ",6.41,-0.2,0.7,-2.8,23.5,451781.0,99791237.0,15575916.0,False,Small,0.004527261246395813,False,False
300,Venus,XVS,6.51,0.10%,-10.20%,-7.50%,37.80%,"$28,825,658.00 ","15,338,520",29.7 Million,"$99,761,512.00 ",6.51,0.1,-10.2,-7.5,37.8,28825658.0,99761512.0,15338520.0,False,Small,0.2889456807751671,False,False
301,Bancor Network,BNT,0.74,-0.30%,-1.90%,-9.90%,33.50%,"$1,429,388.00 ","135,600,762",136 Million,"$99,761,631.00 ",0.74,-0.3,-1.9,-9.9,33.5,1429388.0,99761631.0,135600762.0,False,Small,0.014328033590389075,False,False
302,Yield Guild Games,YGG,0.35,0.70%,-5.80%,-15.50%,48.50%,"$35,411,873.00 ","283,938,127",1 Billion,"$99,637,697.00 ",0.35,0.7,-5.8,-15.5,48.5,35411873.0,99637697.0,283938127.0,False,Small,0.3554063779695751,False,False
303,SmarDex,SDEX,0.01,-0.10%,4.80%,11.10%,45.10%,"$2,425,725.00 ","7,070,807,036",10 Billion,"$99,024,076.00 ",0.01,-0.1,4.8,11.1,45.1,2425725.0,99024076.0,7070807036.0,False,Small,0.02449631542131229,False,False
304,Swell Ethereum,SWETH,"2,072.21",0.00%,2.60%,1.70%,22.40%,"$627,812.00 ","47,588",47.6 Thousand,"$98,607,458.00 ",2072.21,0.0,2.6,1.7,22.4,627812.0,98607458.0,47588.0,False,Small,0.00636678008675571,False,False
305,Loom Network (OLD),LOOMOLD,0.12,-0.30%,-2.50%,-9.00%,17.60%,"$391,440.00 ","833,914,552",1 Billion,"$98,133,256.00 ",0.12,-0.3,-2.5,-9.0,17.6,391440.0,98133256.0,833914552.0,False,Small,0.003988861839048732,False,False
306,MVL,MVL, $-   ,0.10%,-4.80%,-4.30%,20.00%,"$3,413,340.00 ","23,902,958,863",27.8 Billion,"$96,900,264.00 ",,0.1,-4.8,-4.3,20.0,3413340.0,96900264.0,23902958863.0,False,Small,0.035225291027070886,False,False
307,Numeraire,NMR,15.47,0.90%,1.80%,5.20%,23.40%,"$14,716,525.00 ","6,262,856",10.8 Million,"$96,867,070.00 ",15.47,0.9,1.8,5.2,23.4,14716525.0,96867070.0,6262856.0,False,Small,0.15192495241158838,False,False
308,Nym,NYM,0.16,0.10%,-0.20%,-4.70%,48.80%,"$1,142,460.00 ","609,478,782",1 Billion,"$96,863,790.00 ",0.16,0.1,-0.2,-4.7,48.8,1142460.0,96863790.0,609478782.0,False,Small,0.011794500297789298,False,False
309,RSK Infrastructure Framework,RIF,0.10,-0.50%,-0.80%,-7.10%,-6.10%,"$3,081,372.00 ","1,000,000,000",1 Billion,"$96,678,971.00 ",0.1,-0.5,-0.8,-7.1,-6.1,3081372.0,96678971.0,1000000000.0,False,Small,0.03187220517686313,False,False
310,IQ,IQ,0.01,-0.40%,-3.40%,-5.10%,13.20%,"$2,603,395.00 ","17,201,926,356",17.2 Billion,"$96,485,382.00 ",0.01,-0.4,-3.4,-5.1,13.2,2603395.0,96485382.0,17201926356.0,False,Small,0.026982273853670392,False,False
311,Covalent,CQT,0.15,2.60%,5.10%,19.40%,21.30%,"$1,037,305.00 ","625,051,477",1 Billion,"$96,445,907.00 ",0.15,2.6,5.1,19.4,21.3,1037305.0,96445907.0,625051477.0,False,Small,0.010755303488410348,False,False
312,Orca,ORCA,2.23,-0.10%,5.00%,-5.80%,135.40%,"$626,672.00 ","43,116,815",100 Million,"$96,213,197.00 ",2.23,-0.1,5.0,-5.8,135.4,626672.0,96213197.0,43116815.0,False,Small,0.006513368431151914,False,False
313,HarryPotterObamaSonic10Inu (ETH),BITCOIN,0.10,-5.80%,-0.70%,-24.20%,-1.70%,"$3,096,546.00 ","999,798,155",1 Billion,"$96,122,091.00 ",0.1,-5.8,-0.7,-24.2,-1.7,3096546.0,96122091.0,999798155.0,False,Small,0.032214717426403056,False,False
314,Celsius Network,CEL,0.23,0.40%,-4.10%,-7.70%,48.10%,"$1,207,799.00 ","423,415,980",693 Million,"$96,013,524.00 ",0.23,0.4,-4.1,-7.7,48.1,1207799.0,96013524.0,423415980.0,False,Small,0.012579467450856195,False,False
315,Smooth Love Potion,SLP, $-   ,-0.40%,-4.10%,2.30%,59.90%,"$26,080,392.00 ","41,283,864,685",∞,"$95,815,267.00 ",,-0.4,-4.1,2.3,59.9,26080392.0,95815267.0,41283864685.0,False,Small,0.2721945345098292,False,False
316,Tokamak Network,TON,2.24,1.90%,-1.50%,-1.70%,55.80%,"$20,862,469.00 ","43,366,133",61 Million,"$95,776,871.00 ",2.24,1.9,-1.5,-1.7,55.8,20862469.0,95776871.0,43366133.0,False,Small,0.2178236643374996,False,False
317,Krypton DAO,KRD,0.92,-1.40%,-5.40%,1.50%,14.50%,"$12,289.00 ","102,457,125",10 Billion,"$95,229,099.00 ",0.92,-1.4,-5.4,1.5,14.5,12289.0,95229099.0,102457125.0,False,Small,0.00012904668981484325,False,False
318,Nano,XNO,0.71,-1.40%,-3.20%,-3.30%,9.80%,"$4,869,742.00 ","133,248,290",133 Million,"$95,221,693.00 ",0.71,-1.4,-3.2,-3.3,9.8,4869742.0,95221693.0,133248290.0,False,Small,0.05114109869901179,False,False
319,Medibloc,MED,0.01,0.50%,-1.60%,-6.80%,20.40%,"$2,954,972.00 ","8,030,122,504",9.34 Billion,"$95,203,413.00 ",0.01,0.5,-1.6,-6.8,20.4,2954972.0,95203413.0,8030122504.0,False,Small,0.031038509092105763,False,False
320,Merit Circle,MC,0.85,-1.00%,2.70%,15.50%,82.40%,"$512,287.00 ","111,382,334",111 Million,"$94,223,232.00 ",0.85,-1.0,2.7,15.5,82.4,512287.0,94223232.0,111382334.0,False,Small,0.005436949987026554,False,False
321,AllianceBlock Nexera,NXRA,0.12,-1.10%,13.20%,17.60%,66.00%,"$2,153,613.00 ","791,259,050",850 Million,"$93,099,291.00 ",0.12,-1.1,13.2,17.6,66.0,2153613.0,93099291.0,791259050.0,False,Small,0.023132431803374313,False,False
322,Alchemy Pay,ACH,0.02,0.40%,-4.00%,-6.60%,35.90%,"$17,714,784.00 ","4,943,691,067",10 Billion,"$92,350,829.00 ",0.02,0.4,-4.0,-6.6,35.9,17714784.0,92350829.0,4943691067.0,False,Small,0.19182051955375518,False,False
323,Tenset,10SET,0.55,-2.40%,-8.80%,6.70%,198.40%,"$207,584.00 ","167,306,761",167 Million,"$92,159,113.00 ",0.55,-2.4,-8.8,6.7,198.4,207584.0,92159113.0,167306761.0,False,Small,0.002252452234430685,False,False
324,Raydium,RAY,0.38,-0.90%,7.80%,-8.60%,111.70%,"$25,429,912.00 ","242,050,954",555 Million,"$91,726,336.00 ",0.38,-0.9,7.8,-8.6,111.7,25429912.0,91726336.0,242050954.0,False,Small,0.27723675782710866,False,False
325,Wrapped NXM,WNXM,41.94,0.60%,5.00%,5.30%,31.10%,"$2,813,704.00 ","2,184,877",2.18 Million,"$91,678,155.00 ",41.94,0.6,5.0,5.3,31.1,2813704.0,91678155.0,2184877.0,False,Small,0.03069110629462384,False,False
326,Sidus,SIDUS, $-   ,0.40%,5.30%,25.60%,332.60%,"$1,768,400.00 ","24,418,024,645",29.5 Billion,"$90,558,547.00 ",,0.4,5.3,25.6,332.6,1768400.0,90558547.0,24418024645.0,False,Small,0.019527698473342334,False,False
327,Secret,SCRT,0.34,0.10%,-3.80%,-7.70%,26.80%,"$3,342,953.00 ","266,482,066",283 Million,"$90,540,003.00 ",0.34,0.1,-3.8,-7.7,26.8,3342953.0,90540003.0,266482066.0,False,Small,0.036922386671447316,False,False
328,VeThor,VTHO, $-   ,0.30%,-4.00%,-6.00%,10.30%,"$1,273,602.00 ","69,568,481,938",∞,"$90,497,989.00 ",,0.3,-4.0,-6.0,10.3,1273602.0,90497989.0,69568481938.0,False,Small,0.014073262998142422,False,False
329,MovieBloc,MBL,0.01,-0.10%,-4.00%,-17.10%,56.60%,"$7,607,332.00 ","17,168,553,885",30 Billion,"$89,746,717.00 ",0.01,-0.1,-4.0,-17.1,56.6,7607332.0,89746717.0,17168553885.0,False,Small,0.08476445996347699,False,False
330,Civic,CVC,0.11,-0.30%,-5.50%,-12.90%,25.80%,"$9,925,124.00 ","802,000,010",1 Billion,"$89,714,168.00 ",0.11,-0.3,-5.5,-12.9,25.8,9925124.0,89714168.0,802000010.0,False,Small,0.11063050821582607,False,False
331,CoinEx,CET,0.03,0.00%,-0.90%,-0.80%,9.00%,"$64,532.00 ","2,951,121,489",201 Million,"$89,017,030.00 ",0.03,0.0,-0.9,-0.8,9.0,64532.0,89017030.0,2951121489.0,False,Small,0.0007249399356505154,False,False
332,HXRO,HXRO,0.15,0.50%,-2.40%,-8.60%,21.50%,"$7,376.00 ","610,385,692",1 Billion,"$88,915,994.00 ",0.15,0.5,-2.4,-8.6,21.5,7376.0,88915994.0,610385692.0,False,Small,8.295470441459609e-05,False,False
333,Verus Coin,VRSC,1.26,-0.50%,-1.10%,-4.60%,90.00%,"$2,186.00 ","69,350,413",83.5 Million,"$88,269,185.00 ",1.26,-0.5,-1.1,-4.6,90.0,2186.0,88269185.0,69350413.0,False,Small,2.4765154453391633e-05,False,False
334,Agoric,BLD,0.13,-0.10%,-3.10%,-10.50%,39.20%,"$252,239.00 ","649,159,296",1.06 Billion,"$87,192,654.00 ",0.13,-0.1,-3.1,-10.5,39.2,252239.0,87192654.0,649159296.0,False,Small,0.002892892788881045,False,False
335,Core,CORE,0.49,-0.70%,-0.20%,-3.00%,27.80%,"$24,028,543.00 ","175,369,212",2.1 Billion,"$86,575,679.00 ",0.49,-0.7,-0.2,-3.0,27.8,24028543.0,86575679.0,175369212.0,False,Small,0.2775438007249126,False,False
336,Dogelon Mars,ELON, $-   ,0.00%,3.00%,2.60%,-31.10%,"$2,790,946.00 ","549,649,971,723,242",1 Quadrillion,"$85,962,738.00 ",,0.0,3.0,2.6,-31.1,2790946.0,85962738.0,549649971723242.0,False,Small,0.03246692770535066,False,False
337,Radiant Capital,RDNT,0.23,0.50%,-4.50%,-13.40%,4.90%,"$24,181,754.00 ","367,189,806",1 Billion,"$85,623,394.00 ",0.23,0.5,-4.5,-13.4,4.9,24181754.0,85623394.0,367189806.0,False,Small,0.28241994238163465,False,False
338,Nakamoto Games,NAKA,1.30,-0.30%,0.50%,-0.10%,75.60%,"$9,125,900.00 ","64,984,278",180 Million,"$84,189,221.00 ",1.3,-0.3,0.5,-0.1,75.6,9125900.0,84189221.0,64984278.0,False,Small,0.10839748713199282,False,False
339,Kinesis Gold,KAU,64.06,-0.20%,-0.90%,1.70%,1.20%,"$1,247,948.00 ","1,312,843",∞,"$84,090,430.00 ",64.06,-0.2,-0.9,1.7,1.2,1247948.0,84090430.0,1312843.0,False,Small,0.014840547253712462,False,False
340,Kwenta,KWENTA,187.10,-1.10%,7.90%,61.60%,196.10%,"$758,480.00 ","448,411",784 Thousand,"$83,855,025.00 ",187.1,-1.1,7.9,61.6,196.1,758480.0,83855025.0,448411.0,False,Small,0.009045134742968594,False,False
341,Ergo,ERG,1.17,0.20%,-3.20%,-8.60%,27.50%,"$496,268.00 ","71,469,033",97.7 Million,"$83,793,327.00 ",1.17,0.2,-3.2,-8.6,27.5,496268.0,83793327.0,71469033.0,False,Small,0.0059225241169860695,False,False
342,StormX,STMX,0.01,0.90%,-3.30%,-12.50%,17.00%,"$9,521,915.00 ","11,000,000,000",12.5 Billion,"$83,612,889.00 ",0.01,0.9,-3.3,-12.5,17.0,9521915.0,83612889.0,11000000000.0,False,Small,0.1138809472305161,False,False
343,Hooked Protocol,HOOK,0.87,0.30%,-4.80%,-14.80%,11.40%,"$13,247,151.00 ","95,833,333",500 Million,"$83,343,208.00 ",0.87,0.3,-4.8,-14.8,11.4,13247151.0,83343208.0,95833333.0,False,Small,0.15894697741896377,False,False
344,Kinesis Silver,KAG,23.72,-0.40%,-1.10%,1.80%,2.40%,"$148,557.00 ","3,487,963",∞,"$82,752,060.00 ",23.72,-0.4,-1.1,1.8,2.4,148557.0,82752060.0,3487963.0,False,Small,0.0017952060649607997,False,False
345,OMG Network,OMG,0.59,0.60%,-5.40%,-13.00%,22.70%,"$27,170,931.00 ","140,245,398",140 Million,"$82,660,482.00 ",0.59,0.6,-5.4,-13.0,22.7,27170931.0,82660482.0,140245398.0,False,Small,0.32870520885663357,False,False
346,Hifi Finance,HIFI,0.77,0.60%,-2.10%,-0.50%,52.20%,"$19,688,790.00 ","107,696,305",120 Million,"$82,612,117.00 ",0.77,0.6,-2.1,-0.5,52.2,19688790.0,82612117.0,107696305.0,False,Small,0.2383281135381145,False,False
347,Wilder World,WILD,0.29,-0.40%,1.20%,-2.60%,17.10%,"$539,086.00 ","278,114,681",500 Million,"$81,539,807.00 ",0.29,-0.4,1.2,-2.6,17.1,539086.0,81539807.0,278114681.0,False,Small,0.006611322982405392,False,False
348,Marlin,POND,0.01,0.30%,-2.10%,-5.90%,18.30%,"$2,199,995.00 ","8,087,375,977",5.03 Billion,"$80,977,602.00 ",0.01,0.3,-2.1,-5.9,18.3,2199995.0,80977602.0,8087375977.0,False,Small,0.027167944538540423,False,False
349,Dynex,DNX,1.04,-0.40%,-10.90%,31.90%,17.20%,"$2,853,573.00 ","77,027,607",77 Million,"$79,961,900.00 ",1.04,-0.4,-10.9,31.9,17.2,2853573.0,79961900.0,77027607.0,False,Small,0.035686658271001565,False,False
350,RSS3,RSS3,0.14,-2.60%,-5.40%,8.60%,53.90%,"$6,870,781.00 ","558,874,999",1 Billion,"$79,644,246.00 ",0.14,-2.6,-5.4,8.6,53.9,6870781.0,79644246.0,558874999.0,False,Small,0.08626839156716984,False,False
351,Unifi Protocol DAO,UNFI,10.56,0.10%,14.90%,19.30%,64.40%,"$52,337,575.00 ","7,495,742",10 Million,"$79,135,548.00 ",10.56,0.1,14.9,19.3,64.4,52337575.0,79135548.0,7495742.0,False,Small,0.6613661789515882,True,False
352,Origin Ether,OETH,"2,020.46",0.30%,1.70%,0.80%,20.50%,"$1,257,265.00 ","39,039",39 Thousand,"$78,875,017.00 ",2020.46,0.3,1.7,0.8,20.5,1257265.0,78875017.0,39039.0,False,Small,0.015939964868723896,False,False
353,Metis,METIS,17.98,0.10%,1.40%,-6.00%,41.10%,"$3,900,315.00 ","4,354,321",5.41 Million,"$78,213,105.00 ",17.98,0.1,1.4,-6.0,41.1,3900315.0,78213105.0,4354321.0,False,Small,0.04986779389464208,False,False
354,Prom,PROM,4.28,-0.20%,-1.80%,-3.40%,0.40%,"$1,864,231.00 ","18,250,000",19.3 Million,"$78,204,417.00 ",4.28,-0.2,-1.8,-3.4,0.4,1864231.0,78204417.0,18250000.0,False,Small,0.02383792465328397,False,False
355,Nerve Finance,NRV, $-   ,-0.40%,-1.10%,9.80%,7.90%,"$39,765.00 ",0,141 Million,"$60,499,825.00 ",,-0.4,-1.1,9.8,7.9,39765.0,60499825.0,0.0,False,Small,0.0006572746284803303,False,False
356,Astrafer,ASTRAFER,0.49,0.10%,-2.20%,-11.00%,40.90%,"$68,797.00 ","156,553,961",888 Million,"$77,559,528.00 ",0.49,0.1,-2.2,-11.0,40.9,68797.0,77559528.0,156553961.0,False,Small,0.000887021901422608,False,False
357,Celer Network,CELR,0.01,0.70%,-4.90%,-9.00%,9.40%,"$7,695,744.00 ","5,645,454,936",10 Billion,"$77,268,678.00 ",0.01,0.7,-4.9,-9.0,9.4,7695744.0,77268678.0,5645454936.0,False,Small,0.09959720030411287,False,False
358,Gods Unchained,GODS,0.30,-0.60%,6.10%,21.60%,58.40%,"$4,823,417.00 ","253,472,222",500 Million,"$77,240,254.00 ",0.3,-0.6,6.1,21.6,58.4,4823417.0,77240254.0,253472222.0,False,Small,0.06244693343447576,False,False
359,Stader ETHx,ETHX,"2,046.01",-0.10%,1.90%,0.70%,21.00%,"$49,621.00 ","37,719",37.7 Thousand,"$77,159,639.00 ",2046.01,-0.1,1.9,0.7,21.0,49621.0,77159639.0,37719.0,False,Small,0.0006430952845696958,False,False
360,Stader MaticX,MATICX,0.82,0.20%,-1.80%,-16.40%,26.00%,"$244,643.00 ","93,394,260",93.4 Million,"$77,043,366.00 ",0.82,0.2,-1.8,-16.4,26.0,244643.0,77043366.0,93394260.0,False,Small,0.0031753934530845914,False,False
361,Hunt,HUNT,0.39,-0.30%,-4.70%,-9.50%,11.50%,"$5,812,178.00 ","198,912,688",199 Million,"$76,749,477.00 ",0.39,-0.3,-4.7,-9.5,11.5,5812178.0,76749477.0,198912688.0,False,Small,0.07572921962712528,False,False
362,MaidSafeCoin,EMAID,0.20,0.30%,0.30%,-2.00%,2.90%,$888.00 ,0,2.3 Million,"$92,887,554.00 ",0.2,0.3,0.3,-2.0,2.9,888.0,92887554.0,0.0,False,Small,9.559945996640195e-06,False,False
363,Synapse,SYN,0.40,0.70%,-3.60%,-3.60%,32.70%,"$7,423,155.00 ","190,117,589",185 Million,"$76,120,783.00 ",0.4,0.7,-3.6,-3.6,32.7,7423155.0,76120783.0,190117589.0,False,Small,0.09751811144664657,False,False
364,My Neighbor Alice,ALICE,0.93,1.60%,-4.00%,-11.40%,21.30%,"$27,302,622.00 ","81,578,571",100 Million,"$75,605,917.00 ",0.93,1.6,-4.0,-11.4,21.3,27302622.0,75605917.0,81578571.0,False,Small,0.3611175299943786,False,False
365,Verasity,VRA,0.01,1.70%,1.30%,0.40%,47.40%,"$22,651,246.00 ","10,249,906,818",100 Billion,"$75,221,798.00 ",0.01,1.7,1.3,0.4,47.4,22651246.0,75221798.0,10249906818.0,False,Small,0.30112609113650807,False,False
366,Sweat Economy,SWEAT,0.01,0.30%,-0.80%,-6.90%,1.40%,"$1,608,983.00 ","7,687,172,145",22.1 Billion,"$74,825,233.00 ",0.01,0.3,-0.8,-6.9,1.4,1608983.0,74825233.0,7687172145.0,False,Small,0.021503214029417055,False,False
367,SuperVerse,SUPER,0.17,-1.40%,-9.20%,36.60%,118.40%,"$42,911,499.00 ","451,694,843",1 Billion,"$74,543,754.00 ",0.17,-1.4,-9.2,36.6,118.4,42911499.0,74543754.0,451694843.0,False,Small,0.575655191714654,True,False
368,QuarkChain,QKC,0.01,-0.80%,-4.40%,-14.70%,10.40%,"$1,614,258.00 ","6,921,608,235",10 Billion,"$74,127,522.00 ",0.01,-0.8,-4.4,-14.7,10.4,1614258.0,74127522.0,6921608235.0,False,Small,0.021776770036910177,False,False
369,Star Atlas DAO,POLIS,0.31,0.60%,-6.40%,-5.00%,115.00%,"$626,176.00 ","236,079,069",360 Million,"$73,607,245.00 ",0.31,0.6,-6.4,-5.0,115.0,626176.0,73607245.0,236079069.0,False,Small,0.008506988680258308,False,False
370,Mainframe,MFT,0.01,9.90%,9.10%,-5.70%,42.20%,"$12,872.00 ","9,386,552,599",10 Billion,"$73,083,046.00 ",0.01,9.9,9.1,-5.7,42.2,12872.0,73083046.0,9386552599.0,False,Small,0.00017612840055954975,False,False
371,NKN,NKN,0.11,1.40%,0.50%,14.40%,35.70%,"$8,624,439.00 ","650,000,000",1 Billion,"$73,062,916.00 ",0.11,1.4,0.5,14.4,35.7,8624439.0,73062916.0,650000000.0,False,Small,0.1180412645999511,False,False
372,Metadium,META,0.04,-0.40%,-7.10%,-2.50%,30.70%,"$10,488,804.00 ","1,703,608,720",2 Billion,"$73,026,229.00 ",0.04,-0.4,-7.1,-2.5,30.7,10488804.0,73026229.0,1703608720.0,False,Small,0.1436306398896758,False,False
373,Cobak,CBK,0.91,0.80%,-5.40%,-2.00%,34.20%,"$9,034,541.00 ","79,696,169",100 Million,"$72,249,093.00 ",0.91,0.8,-5.4,-2.0,34.2,9034541.0,72249093.0,79696169.0,False,Small,0.12504711996868945,False,False
374,Shadow Token,SHDW,0.47,5.40%,32.00%,11.00%,541.70%,"$955,916.00 ","153,730,630",169 Million,"$72,120,594.00 ",0.47,5.4,32.0,11.0,541.7,955916.0,72120594.0,153730630.0,False,Small,0.01325441107709124,False,False
375,Dent,DENT, $-   ,0.20%,-4.00%,-9.30%,15.20%,"$4,677,015.00 ","95,654,960,453",100 Billion,"$72,120,938.00 ",,0.2,-4.0,-9.3,15.2,4677015.0,72120938.0,95654960453.0,False,Small,0.064849614130088,False,False
376,Lyra Finance,LYRA,0.13,-0.70%,-1.20%,66.10%,143.20%,"$35,464.00 ","572,242,621",1 Billion,"$71,855,210.00 ",0.13,-0.7,-1.2,66.1,143.2,35464.0,71855210.0,572242621.0,False,Small,0.0004935480670086414,False,False
377,Stella,ALPHA,0.09,0.30%,-7.60%,-3.80%,19.50%,"$7,138,935.00 ","822,000,000",1 Billion,"$71,020,572.00 ",0.09,0.3,-7.6,-3.8,19.5,7138935.0,71020572.0,822000000.0,False,Small,0.10051925518144236,False,False
378,Radworks,RAD,1.42,0.50%,-8.10%,-7.90%,9.80%,"$10,158,796.00 ","49,829,111",100 Million,"$70,899,920.00 ",1.42,0.5,-8.1,-7.9,9.8,10158796.0,70899920.0,49829111.0,False,Small,0.143283603140878,False,False
379,Chromia,CHR,0.12,0.60%,-6.20%,0.90%,27.50%,"$17,046,202.00 ","582,296,409",582 Million,"$70,696,630.00 ",0.12,0.6,-6.2,0.9,27.5,17046202.0,70696630.0,582296409.0,False,Small,0.24111760348406988,False,False
380,Taraxa,TARA,0.02,0.20%,8.90%,75.20%,288.30%,"$4,156,493.00 ","3,583,528,038",10.3 Billion,"$70,504,468.00 ",0.02,0.2,8.9,75.2,288.3,4156493.0,70504468.0,3583528038.0,False,Small,0.058953611280351766,False,False
381,Dock,DOCK,0.02,0.00%,-5.10%,-9.00%,9.40%,"$755,923.00 ",0,1 Billion,"$56,879,327.00 ",0.02,0.0,-5.1,-9.0,9.4,755923.0,56879327.0,0.0,False,Small,0.013289942758992208,False,False
382,Murasaki,MURA,1.22,0.30%,-3.40%,-14.10%,-13.60%,"$8,572.00 ","57,400,000",1 Billion,"$70,258,419.00 ",1.22,0.3,-3.4,-14.1,-13.6,8572.0,70258419.0,57400000.0,False,Small,0.00012200673060975084,False,False
383,Aergo,AERGO,0.16,0.20%,-3.70%,-18.10%,33.20%,"$7,521,953.00 ","445,000,000",500 Million,"$70,063,675.00 ",0.16,0.2,-3.7,-18.1,33.2,7521953.0,70063675.0,445000000.0,False,Small,0.10735881325094637,False,False
384,Share,SHR, $-   ,2.40%,5.30%,-1.40%,34.50%,"$112,384.00 ",0,4.4 Billion,"$53,555,387.00 ",,2.4,5.3,-1.4,34.5,112384.0,53555387.0,0.0,False,Small,0.002098463036034078,False,False
385,DODO,DODO,0.11,0.30%,-5.00%,-8.60%,12.90%,"$11,647,109.00 ","614,617,713",996 Million,"$68,815,272.00 ",0.11,0.3,-5.0,-8.6,12.9,11647109.0,68815272.0,614617713.0,False,Small,0.16925180503537063,False,False
386,Metars Genesis,MRS,1.09,1.00%,1.10%,1.40%,18.30%,"$46,158.00 ","62,850,000",1 Billion,"$68,719,343.00 ",1.09,1.0,1.1,1.4,18.3,46158.0,68719343.0,62850000.0,False,Small,0.0006716886102941933,False,False
387,ChainX,PCX,0.15,1.80%,-2.80%,-12.20%,53.10%,"$407,526.00 ",0,21 Million,"$58,095,511.00 ",0.15,1.8,-2.8,-12.2,53.1,407526.0,58095511.0,0.0,False,Small,0.007014758851161495,False,False
388,Arkham,ARKM,0.40,0.00%,-2.80%,-26.70%,22.40%,"$18,489,905.00 ","170,500,000",1 Billion,"$68,394,588.00 ",0.4,0.0,-2.8,-26.7,22.4,18489905.0,68394588.0,170500000.0,False,Small,0.27034163872732153,False,False
389,Vega Protocol,VEGA,1.16,0.30%,-1.60%,-5.30%,-14.10%,"$321,225.00 ","58,810,795",65 Million,"$68,231,130.00 ",1.16,0.3,-1.6,-5.3,-14.1,321225.0,68231130.0,58810795.0,False,Small,0.004707895061975377,False,False
390,e-Radix,EXRD,0.06,2.10%,7.60%,32.30%,38.30%,"$651,247.00 ","1,225,232,895",1.23 Billion,"$67,994,491.00 ",0.06,2.1,7.6,32.3,38.3,651247.0,67994491.0,1225232895.0,False,Small,0.009577937718513107,False,False
391,Badger,BADGER,3.41,0.60%,-5.40%,-7.70%,51.40%,"$15,598,609.00 ","19,930,670",21 Million,"$67,965,872.00 ",3.41,0.6,-5.4,-7.7,51.4,15598609.0,67965872.0,19930670.0,False,Small,0.22950649408279497,False,False
392,Syscoin,SYS,0.09,-0.10%,-5.20%,-5.50%,12.80%,"$2,138,273.00 ","721,496,588",741 Million,"$67,857,593.00 ",0.09,-0.1,-5.2,-5.5,12.8,2138273.0,67857593.0,721496588.0,False,Small,0.031511182543713274,False,False
393,Gelato,GEL,0.30,1.40%,11.40%,8.60%,38.90%,"$187,881.00 ","226,693,876",421 Million,"$67,801,847.00 ",0.3,1.4,11.4,8.6,38.9,187881.0,67801847.0,226693876.0,False,Small,0.0027710307065823736,False,False
394,Ultra,UOS,0.19,0.20%,-2.20%,0.30%,28.70%,"$1,150,346.00 ","355,228,744",1 Billion,"$67,526,312.00 ",0.19,0.2,-2.2,0.3,28.7,1150346.0,67526312.0,355228744.0,False,Small,0.01703552239014623,False,False
395,Phala,PHA,0.11,0.80%,-1.90%,2.00%,11.00%,"$15,106,779.00 ","627,836,135",1 Billion,"$66,969,927.00 ",0.11,0.8,-1.9,2.0,11.0,15106779.0,66969927.0,627836135.0,False,Small,0.22557556319271485,False,False
396,Veno Finance,VNO,0.16,0.60%,2.60%,1.70%,33.90%,"$90,748.00 ","408,775,490",1.83 Billion,"$66,692,358.00 ",0.16,0.6,2.6,1.7,33.9,90748.0,66692358.0,408775490.0,False,Small,0.001360695628725558,False,False
397,SPACE ID,ID,0.23,-0.10%,-5.20%,-20.60%,29.20%,"$17,569,006.00 ","286,000,000",2 Billion,"$66,689,039.00 ",0.23,-0.1,-5.2,-20.6,29.2,17569006.0,66689039.0,286000000.0,False,Small,0.2634466812454742,False,False
398,Dusk,DUSK,0.16,0.60%,-1.10%,-14.50%,36.60%,"$9,051,677.00 ","427,614,409",500 Million,"$66,466,298.00 ",0.16,0.6,-1.1,-14.5,36.6,9051677.0,66466298.0,427614409.0,False,Small,0.1361844614845256,False,False
399,GameFi.org,GAFI,6.08,-0.80%,-5.40%,2.00%,184.30%,"$284,755.00 ","10,945,063",15 Million,"$66,358,686.00 ",6.08,-0.8,-5.4,2.0,184.3,284755.0,66358686.0,10945063.0,False,Small,0.004291148863315346,False,False
400,CyberConnect,CYBER,6.01,0.90%,-2.10%,-21.90%,38.10%,"$30,470,713.00 ","11,038,000",100 Million,"$66,338,906.00 ",6.01,0.9,-2.1,-21.9,38.1,30470713.0,66338906.0,11038000.0,False,Small,0.4593188950086093,False,False
401,Open Exchange Token,OX,0.01,-3.30%,2.20%,-26.30%,-14.20%,"$636,515.00 ","5,475,687,806",5.48 Billion,"$66,140,615.00 ",0.01,-3.3,2.2,-26.3,-14.2,636515.0,66140615.0,5475687806.0,False,Small,0.009623663160676688,False,False
402,Maverick Protocol,MAV,0.26,0.10%,-3.90%,-15.80%,17.90%,"$14,246,413.00 ","250,000,000",2 Billion,"$65,691,376.00 ",0.26,0.1,-3.9,-15.8,17.9,14246413.0,65691376.0,250000000.0,False,Small,0.21686884744201432,False,False
403,Bifrost,BFC,0.05,-0.60%,-1.80%,3.50%,-22.20%,"$1,636,487.00 ","1,384,675,071",2.37 Billion,"$65,435,353.00 ",0.05,-0.6,-1.8,3.5,-22.2,1636487.0,65435353.0,1384675071.0,False,Small,0.025009217876458923,False,False
404,World Mobile Token,WMT,0.13,-0.70%,-2.60%,-6.30%,-1.40%,"$1,595,380.00 ","495,061,974",2 Billion,"$65,029,496.00 ",0.13,-0.7,-2.6,-6.3,-1.4,1595380.0,65029496.0,495061974.0,False,Small,0.02453317491496474,False,False
405,Access Protocol,ACS, $-   ,0.70%,-3.40%,-4.80%,-3.00%,"$482,793.00 ","30,558,805,084",86.9 Billion,"$64,869,956.00 ",,0.7,-3.4,-4.8,-3.0,482793.0,64869956.0,30558805084.0,False,Small,0.007442474602572568,False,False
406,Koinos,KOIN,1.90,-12.50%,49.60%,222.90%,366.50%,"$5,872,850.00 ","33,786,925",34 Million,"$64,582,133.00 ",1.9,-12.5,49.6,222.9,366.5,5872850.0,64582133.0,33786925.0,False,Small,0.09093614173443296,False,False
407,Adventure Gold,AGLD,0.83,0.70%,3.30%,1.60%,1.90%,"$39,560,499.00 ","77,280,001",77.3 Million,"$64,496,633.00 ",0.83,0.7,3.3,1.6,1.9,39560499.0,64496633.0,77280001.0,False,Small,0.6133730887936429,True,False
408,HELLO,HELLO,0.12,-0.10%,-2.60%,-0.40%,85.40%,"$6,289,984.00 ","531,305,095",1 Billion,"$64,082,642.00 ",0.12,-0.1,-2.6,-0.4,85.4,6289984.0,64082642.0,531305095.0,False,Small,0.0981542552505872,False,False
409,WINkLink,WIN, $-   ,0.20%,-2.00%,-7.00%,2.40%,"$8,266,915.00 ","961,737,300,000",999 Billion,"$63,957,496.00 ",,0.2,-2.0,-7.0,2.4,8266915.0,63957496.0,961737300000.0,False,Small,0.12925638927452696,False,False
410,Steem Dollars,SBD,5.04,-0.90%,0.70%,-0.90%,56.80%,"$29,698,640.00 ","12,612,175",-,"$63,528,541.00 ",5.04,-0.9,0.7,-0.9,56.8,29698640.0,63528541.0,12612175.0,False,Small,0.46748500016709027,False,False
411,Oasys,OAS,0.06,2.10%,2.80%,5.40%,47.80%,"$1,089,221.00 ","1,063,518,671",10 Billion,"$63,194,324.00 ",0.06,2.1,2.8,5.4,47.8,1089221.0,63194324.0,1063518671.0,False,Small,0.017236057466173703,False,False
412,SX Network,SX,0.18,-0.10%,-0.40%,-3.80%,-5.90%,"$79,747.00 ","355,189,001",1 Billion,"$62,877,986.00 ",0.18,-0.1,-0.4,-3.8,-5.9,79747.0,62877986.0,355189001.0,False,Small,0.001268281716275073,False,False
413,Marblex,MBX,0.62,-0.50%,-3.60%,-8.70%,4.90%,"$1,763,665.00 ","100,151,658",323 Million,"$62,548,111.00 ",0.62,-0.5,-3.6,-8.7,4.9,1763665.0,62548111.0,100151658.0,False,Small,0.02819693467641253,False,False
414,Shardus,ULT,0.14,0.30%,1.50%,1.10%,-4.80%,"$3,885.00 ","439,556,760",1 Billion,"$62,413,317.00 ",0.14,0.3,1.5,1.1,-4.8,3885.0,62413317.0,439556760.0,False,Small,6.224633117961028e-05,False,False
415,Tokenlon,LON,0.60,0.10%,0.40%,1.40%,13.10%,"$224,262.00 ","102,025,623",132 Million,"$61,734,397.00 ",0.6,0.1,0.4,1.4,13.1,224262.0,61734397.0,102025623.0,False,Small,0.003632691188349989,False,False
416,Gitcoin,GTC,1.00,0.30%,-3.50%,-9.10%,14.90%,"$13,679,561.00 ","60,863,372",100 Million,"$61,024,348.00 ",1.0,0.3,-3.5,-9.1,14.9,13679561.0,61024348.0,60863372.0,False,Small,0.22416562320338104,False,False
417,Artificial Liquid Intelligence,ALI,0.02,0.20%,-1.40%,4.90%,22.90%,"$383,453.00 ","3,588,163,660",10 Billion,"$60,970,103.00 ",0.02,0.2,-1.4,4.9,22.9,383453.0,60970103.0,3588163660.0,False,Small,0.0062891971824289026,False,False
418,SOMESING Exchange,SSX,0.02,-0.10%,-0.10%,-3.00%,24.50%,"$5,440,913.00 ","2,872,693,295",5 Billion,"$60,445,909.00 ",0.02,-0.1,-0.1,-3.0,24.5,5440913.0,60445909.0,2872693295.0,False,Small,0.09001292378612422,False,False
419,Bitgert,BRISE, $-   ,0.20%,0.20%,-7.40%,8.00%,"$1,867,120.00 ","395,688,215,721,653",427 Trillion,"$60,432,468.00 ",,0.2,0.2,-7.4,8.0,1867120.0,60432468.0,395688215721653.0,False,Small,0.03089597466050865,False,False
420,Keep Network,KEEP,0.11,0.70%,-3.60%,-7.60%,10.60%,"$113,595.00 ","549,716,300",1 Billion,"$60,312,157.00 ",0.11,0.7,-3.6,-7.6,10.6,113595.0,60312157.0,549716300.0,False,Small,0.0018834511257821538,False,False
421,Request,REQ,0.08,0.40%,-4.00%,-2.90%,10.80%,"$1,598,715.00 ","768,806,704",1 Billion,"$60,121,581.00 ",0.08,0.4,-4.0,-2.9,10.8,1598715.0,60121581.0,768806704.0,False,Small,0.02659136658432186,False,False
422,QANplatform,QANX,0.03,0.80%,-8.00%,7.60%,25.70%,"$472,486.00 ","2,267,255,629",3.33 Billion,"$60,079,586.00 ",0.03,0.8,-8.0,7.6,25.7,472486.0,60079586.0,2267255629.0,False,Small,0.0078643351503787,False,False
423,Games for a Living,GFAL,0.04,-0.80%,-4.00%,0.60%,53.00%,"$1,756,623.00 ","1,577,601,168",10 Billion,"$60,010,922.00 ",0.04,-0.8,-4.0,0.6,53.0,1756623.0,60010922.0,1577601168.0,False,Small,0.029271721570950034,False,False
424,BiLira,TRYB,0.03,-0.30%,0.30%,0.10%,-2.80%,"$33,568.00 ","1,746,535,242",1.75 Billion,"$60,000,269.00 ",0.03,-0.3,0.3,0.1,-2.8,33568.0,60000269.0,1746535242.0,False,Small,0.0005594641584023565,False,False
425,UwU Lend,UWU,10.59,-0.10%,1.60%,-6.90%,-16.20%,"$2,719.00 ","5,590,323",16 Million,"$59,171,829.00 ",10.59,-0.1,1.6,-6.9,-16.2,2719.0,59171829.0,5590323.0,False,Small,4.595092032730643e-05,False,False
426,Hermez Network,HEZ,3.53,0.30%,-24.80%,-24.00%,-25.10%,"$464,090.00 ","16,706,072",16.7 Million,"$58,990,835.00 ",3.53,0.3,-24.8,-24.0,-25.1,464090.0,58990835.0,16706072.0,False,Small,0.007867154279135055,False,False
427,tBTC,TBTC,"36,376.58",0.50%,-1.60%,1.10%,17.80%,"$4,494,424.00 ","1,621",1.62 Thousand,"$58,955,992.00 ",36376.58,0.5,-1.6,1.1,17.8,4494424.0,58955992.0,1621.0,False,Small,0.07623354043470255,False,False
428,ConstitutionDAO,PEOPLE,0.01,1.10%,-3.60%,-10.90%,0.80%,"$13,410,028.00 ","5,067,216,754",5.07 Billion,"$58,824,132.00 ",0.01,1.1,-3.6,-10.9,0.8,13410028.0,58824132.0,5067216754.0,False,Small,0.22796814069436672,False,False
429,THORSwap,THOR,0.39,0.30%,5.60%,-2.20%,112.50%,"$2,680,123.00 ","150,590,517",444 Million,"$58,738,052.00 ",0.39,0.3,5.6,-2.2,112.5,2680123.0,58738052.0,150590517.0,False,Small,0.045628394349884124,False,False
430,Linear,LINA,0.01,0.90%,-1.10%,-17.20%,14.80%,"$9,060,365.00 ","5,779,009,375",10 Billion,"$58,651,264.00 ",0.01,0.9,-1.1,-17.2,14.8,9060365.0,58651264.0,5779009375.0,False,Small,0.1544785974263061,False,False
431,Spell,SPELL, $-   ,0.20%,-3.80%,-9.30%,1.70%,"$5,640,259.00 ","127,425,060,073",196 Billion,"$58,566,072.00 ",,0.2,-3.8,-9.3,1.7,5640259.0,58566072.0,127425060073.0,False,Small,0.09630591240607703,False,False
432,Oraichain,ORAI,3.97,-0.20%,4.80%,3.50%,56.20%,"$2,710,471.00 ","14,692,224",17.1 Million,"$58,525,257.00 ",3.97,-0.2,4.8,3.5,56.2,2710471.0,58525257.0,14692224.0,False,Small,0.04631284233403708,False,False
433,Virtua,TVK,0.05,-0.60%,2.50%,-2.90%,140.50%,"$17,066,121.00 ","1,193,878,749",1.2 Billion,"$58,000,404.00 ",0.05,-0.6,2.5,-2.9,140.5,17066121.0,58000404.0,1193878749.0,False,Small,0.2942414159735853,False,False
434,Songbird,SGB, $-   ,-0.30%,-0.60%,-6.10%,2.40%,"$268,552.00 ","14,482,530,245",17.7 Billion,"$57,479,380.00 ",,-0.3,-0.6,-6.1,2.4,268552.0,57479380.0,14482530245.0,False,Small,0.004672145037055027,False,False
435,Ampleforth,AMPL,1.29,0.10%,-7.10%,-6.60%,3.50%,"$1,203,482.00 ","44,545,300",54.2 Million,"$57,440,989.00 ",1.29,0.1,-7.1,-6.6,3.5,1203482.0,57440989.0,44545300.0,False,Small,0.020951623935305152,False,False
436,COTI,COTI,0.05,0.20%,-6.10%,-12.00%,17.90%,"$5,576,433.00 ","1,262,013,246",2 Billion,"$57,352,228.00 ",0.05,0.2,-6.1,-12.0,17.9,5576433.0,57352228.0,1262013246.0,False,Small,0.09723132290518861,False,False
437,Moonriver,MOVR,6.61,0.50%,-13.40%,7.80%,71.10%,"$41,423,904.00 ","8,578,337",11.1 Million,"$57,328,306.00 ",6.61,0.5,-13.4,7.8,71.1,41423904.0,57328306.0,8578337.0,False,Small,0.7225733130855113,True,False
438,RocketX exchange,RVF,0.67,0.10%,0.80%,9.20%,27.60%,"$900,248.00 ","84,974,047",99.3 Million,"$57,314,082.00 ",0.67,0.1,0.8,9.2,27.6,900248.0,57314082.0,84974047.0,False,Small,0.0157072741739107,False,False
439,Origin Protocol,OGN,0.11,0.10%,-4.30%,-10.70%,1.10%,"$11,972,977.00 ","502,728,259",1 Billion,"$56,997,811.00 ",0.11,0.1,-4.3,-10.7,1.1,11972977.0,56997811.0,502728259.0,False,Small,0.2100602951225618,False,False
440,AIOZ Network,AIOZ,0.06,5.50%,1.10%,163.30%,390.10%,"$3,525,292.00 ","991,544,442",1.05 Billion,"$56,902,742.00 ",0.06,5.5,1.1,163.3,390.1,3525292.0,56902742.0,991544442.0,False,Small,0.06195293717128781,False,False
441,Gomining Token,GMT,0.13,1.30%,3.50%,0.00%,23.80%,"$1,217,128.00 ","431,489,866",431 Million,"$56,581,362.00 ",0.13,1.3,3.5,0.0,23.8,1217128.0,56581362.0,431489866.0,False,Small,0.021511111733224095,False,False
442,Carry,CRE,0.01,-0.30%,-2.70%,-5.50%,10.20%,"$2,991,836.00 ","10,000,000,000",10 Billion,"$56,436,293.00 ",0.01,-0.3,-2.7,-5.5,10.2,2991836.0,56436293.0,10000000000.0,False,Small,0.05301262434086519,False,False
443,TRAC (Ordinals),TRAC,2.68,1.00%,-0.90%,0.30%,671.50%,"$651,320.00 ","21,000,000",21 Million,"$56,271,494.00 ",2.68,1.0,-0.9,0.3,671.5,651320.0,56271494.0,21000000.0,False,Small,0.01157459938774684,False,False
444,EURC,EURC,1.09,0.70%,-0.60%,0.90%,2.20%,"$1,943,556.00 ","51,751,154",51.8 Million,"$56,233,691.00 ",1.09,0.7,-0.6,0.9,2.2,1943556.0,56233691.0,51751154.0,False,Small,0.034562127533118894,False,False
445,Bounce,AUCTION,8.67,-0.30%,-8.20%,8.00%,37.40%,"$7,555,897.00 ","6,500,020",7.64 Million,"$56,220,973.00 ",8.67,-0.3,-8.2,8.0,37.4,7555897.0,56220973.0,6500020.0,False,Small,0.13439641110444672,False,False
446,Creditcoin,CTC,0.19,-0.50%,-2.10%,8.70%,40.00%,"$26,057,123.00 ","300,712,767",600 Million,"$56,065,281.00 ",0.19,-0.5,-2.1,8.7,40.0,26057123.0,56065281.0,300712767.0,False,Small,0.4647639775496711,False,False
447,Sun Token,SUN,0.01,0.10%,-1.80%,-4.80%,-1.20%,"$8,530,670.00 ","9,692,931,222",19.9 Billion,"$55,805,515.00 ",0.01,0.1,-1.8,-4.8,-1.2,8530670.0,55805515.0,9692931222.0,False,Small,0.1528642823204839,False,False
448,XYO Network,XYO, $-   ,-0.20%,-1.50%,7.30%,30.10%,"$1,125,635.00 ","13,931,216,938",13.9 Billion,"$55,725,827.00 ",,-0.2,-1.5,7.3,30.1,1125635.0,55725827.0,13931216938.0,False,Small,0.020199520771580475,False,False
449,Mobox,MBOX,0.25,-0.20%,-5.70%,-8.60%,20.10%,"$15,879,238.00 ","217,191,646",394 Million,"$55,358,140.00 ",0.25,-0.2,-5.7,-8.6,20.1,15879238.0,55358140.0,217191646.0,False,Small,0.28684558404599575,False,False
450,Tectum,TET,11.00,-0.30%,14.30%,0.60%,172.90%,"$1,407,491.00 ","5,016,444",10 Million,"$55,159,390.00 ",11.0,-0.3,14.3,0.6,172.9,1407491.0,55159390.0,5016444.0,False,Small,0.02551679777459468,False,False
451,VitaDAO,VITA,2.32,0.20%,2.50%,-2.00%,23.70%,"$241,053.00 ","23,817,382",25.7 Million,"$55,092,107.00 ",2.32,0.2,2.5,-2.0,23.7,241053.0,55092107.0,23817382.0,False,Small,0.004375454364088852,False,False
452,Radio Caca,RACA, $-   ,1.00%,-6.90%,-14.10%,8.30%,"$8,898,227.00 ","351,351,566,604",427 Billion,"$54,964,989.00 ",,1.0,-6.9,-14.1,8.3,8898227.0,54964989.0,351351566604.0,False,Small,0.16188899810386573,False,False
453,LCX,LCX,0.07,12.80%,77.40%,54.40%,71.10%,"$158,567.00 ","775,032,564",950 Million,"$54,886,916.00 ",0.07,12.8,77.4,54.4,71.1,158567.0,54886916.0,775032564.0,False,Small,0.002888976309035108,False,False
454,Humans.ai,HEART,0.01,-2.00%,-3.10%,-20.30%,12.00%,"$201,810.00 ","4,793,100,000",7.8 Billion,"$54,503,336.00 ",0.01,-2.0,-3.1,-20.3,12.0,201810.0,54503336.0,4793100000.0,False,Small,0.0037027091332537884,False,False
455,Strike,STRK,13.53,0.10%,-4.00%,-7.20%,18.40%,"$2,872,429.00 ","3,992,350",6.54 Million,"$53,984,131.00 ",13.53,0.1,-4.0,-7.2,18.4,2872429.0,53984131.0,3992350.0,False,Small,0.05320876610943316,False,False
456,Verge,XVG, $-   ,0.20%,-2.80%,-14.70%,-5.80%,"$2,769,045.00 ","16,521,951,238",16.6 Billion,"$53,975,589.00 ",,0.2,-2.8,-14.7,-5.8,2769045.0,53975589.0,16521951238.0,False,Small,0.05130180237588514,False,False
457,Fidu,FIDU,0.81,0.00%,-0.80%,-0.40%,1.50%,"$26,783.00 ","65,685,931",65.7 Million,"$53,327,566.00 ",0.81,0.0,-0.8,-0.4,1.5,26783.0,53327566.0,65685931.0,False,Small,0.0005022355604979233,False,False
458,SingularityDAO,SDAO,0.61,-0.80%,3.30%,-2.60%,47.80%,"$1,147,952.00 ","86,303,604",100 Million,"$53,075,306.00 ",0.61,-0.8,3.3,-2.6,47.8,1147952.0,53075306.0,86303604.0,False,Small,0.021628740115035794,False,False
459,AirTor Protocol,ATOR,0.73,5.10%,18.20%,-63.90%,-37.70%,"$16,339,635.00 ","73,271,612",100 Million,"$52,987,478.00 ",0.73,5.1,18.2,-63.9,-37.7,16339635.0,52987478.0,73271612.0,False,Small,0.3083678562697398,False,False
460,Ren,REN,0.05,1.00%,-5.30%,-9.50%,21.70%,"$20,704,070.00 ","1,000,000,000",1 Billion,"$52,929,502.00 ",0.05,1.0,-5.3,-9.5,21.7,20704070.0,52929502.0,1000000000.0,False,Small,0.39116313620332194,False,False
461,Bazaars,BZR,4.52,-0.10%,-1.00%,-2.60%,-3.70%,"$1,560,464.00 ","11,672,344",556 Million,"$52,800,716.00 ",4.52,-0.1,-1.0,-2.6,-3.7,1560464.0,52800716.0,11672344.0,False,Small,0.029553841656238148,False,False
462,Euler,EUL,2.82,0.20%,-3.70%,-3.70%,4.30%,"$414,211.00 ","18,685,531",27.2 Million,"$52,669,790.00 ",2.82,0.2,-3.7,-3.7,4.3,414211.0,52669790.0,18685531.0,False,Small,0.007864299439963592,False,False
463,Firmachain,FCT,0.07,0.20%,-4.80%,-7.10%,7.50%,"$6,335,053.00 ","782,766,419",796 Million,"$52,012,342.00 ",0.07,0.2,-4.8,-7.1,7.5,6335053.0,52012342.0,782766419.0,False,Small,0.12179903377548353,False,False
464,WazirX,WRX,0.11,0.30%,-4.00%,-9.20%,6.10%,"$917,078.00 ","456,517,027",1 Billion,"$51,610,373.00 ",0.11,0.3,-4.0,-9.2,6.1,917078.0,51610373.0,456517027.0,False,Small,0.017769257354524448,False,False
465,DexTools,DEXT,0.58,-0.90%,0.10%,-7.50%,19.50%,"$314,026.00 ","89,376,532",132 Million,"$51,610,026.00 ",0.58,-0.9,0.1,-7.5,19.5,314026.0,51610026.0,89376532.0,False,Small,0.006084592943239362,False,False
466,Ankr Staked ETH,ANKRETH,"2,301.48",0.60%,2.30%,0.80%,22.20%,"$178,602.00 ","22,375",22.4 Thousand,"$51,381,522.00 ",2301.48,0.6,2.3,0.8,22.2,178602.0,51381522.0,22375.0,False,Small,0.003475996682231406,False,False
467,Cortex,CTXC,0.24,2.80%,24.50%,60.60%,97.70%,"$40,656,409.00 ","216,667,258",300 Million,"$51,356,701.00 ",0.24,2.8,24.5,60.6,97.7,40656409.0,51356701.0,216667258.0,False,Small,0.7916475982364989,True,False
468,Persistence,XPRT,0.27,0.00%,2.00%,2.10%,67.50%,"$338,899.00 ","187,724,576",193 Million,"$51,181,991.00 ",0.27,0.0,2.0,2.1,67.5,338899.0,51181991.0,187724576.0,False,Small,0.006621450111231508,False,False
469,Boba Network,BOBA,0.14,0.40%,-0.30%,1.00%,37.30%,"$2,930,950.00 ","353,636,519",500 Million,"$51,002,331.00 ",0.14,0.4,-0.3,1.0,37.3,2930950.0,51002331.0,353636519.0,False,Small,0.05746698126405242,False,False
470,Polygon Ecosystem Token,POL,0.76,-0.20%,-1.60%,-16.20%,,"$273,366.00 ","67,101,328",10 Billion,"$50,923,103.00 ",0.76,-0.2,-1.6,-16.2,,273366.0,50923103.0,67101328.0,False,Small,0.005368211752532048,False,False
471,Aurory,AURY,1.12,4.60%,7.00%,38.40%,185.70%,"$1,565,596.00 ","45,967,818",100 Million,"$50,832,825.00 ",1.12,4.6,7.0,38.4,185.7,1565596.0,50832825.0,45967818.0,False,Small,0.030798917825243827,False,False
472,Coinweb,CWEB,0.01,-0.20%,-3.60%,-4.90%,2.50%,"$231,747.00 ","3,916,335,074",7.63 Billion,"$50,448,935.00 ",0.01,-0.2,-3.6,-4.9,2.5,231747.0,50448935.0,3916335074.0,False,Small,0.004593694594345748,False,False
473,Hashflow,HFT,0.29,0.60%,6.50%,-4.60%,25.00%,"$45,824,242.00 ","175,229,156",1 Billion,"$50,313,396.00 ",0.29,0.6,6.5,-4.6,25.0,45824242.0,50313396.0,175229156.0,False,Small,0.9107761678420594,True,False
474,Koda Cryptocurrency,KODA, $-   ,0.30%,0.30%,-7.80%,9.60%,$0.47 ,0,33 Billion,"$29,900,818.00 ",,0.3,0.3,-7.8,9.6,0.47,29900818.0,0.0,False,Small,1.571863351698271e-08,False,False
475,Acala,ACA,0.06,-1.20%,-5.90%,0.80%,23.40%,"$14,792,690.00 ","828,566,666",1.03 Billion,"$49,055,159.00 ",0.06,-1.2,-5.9,0.8,23.4,14792690.0,49055159.0,828566666.0,False,Small,0.30155217721340993,False,False
476,FUNToken,FUN, $-   ,-0.10%,-4.40%,-7.50%,6.40%,"$2,339,560.00 ","10,598,879,189",11 Billion,"$48,906,004.00 ",,-0.1,-4.4,-7.5,6.4,2339560.0,48906004.0,10598879189.0,False,Small,0.0478378891884113,False,False
477,Router Protocol,ROUTE,3.58,1.10%,-1.90%,7.40%,79.40%,"$1,842,371.00 ","13,648,149",20 Million,"$48,810,698.00 ",3.58,1.1,-1.9,7.4,79.4,1842371.0,48810698.0,13648149.0,False,Small,0.03774522953963903,False,False
478,TrueFi,TRU,0.05,1.00%,0.80%,-1.90%,27.50%,"$5,578,944.00 ","1,071,203,485",1.2 Billion,"$48,480,784.00 ",0.05,1.0,0.8,-1.9,27.5,5578944.0,48480784.0,1071203485.0,False,Small,0.11507536676799617,False,False
479,Groestlcoin,GRS,0.58,1.20%,-5.00%,-0.50%,26.30%,"$5,454,627.00 ","83,862,124",105 Million,"$48,448,794.00 ",0.58,1.2,-5.0,-0.5,26.3,5454627.0,48448794.0,83862124.0,False,Small,0.11258540305461473,False,False
480,Everscale,EVER,0.02,4.40%,-15.80%,-7.00%,-19.10%,"$445,357.00 ","1,934,499,589",2.1 Billion,"$48,187,352.00 ",0.02,4.4,-15.8,-7.0,-19.1,445357.0,48187352.0,1934499589.0,False,Small,0.009242196998083646,False,False
481,Beta Finance,BETA,0.06,-0.20%,-7.80%,-10.30%,6.50%,"$3,533,790.00 ","737,878,788",1 Billion,"$47,983,996.00 ",0.06,-0.2,-7.8,-10.3,6.5,3533790.0,47983996.0,737878788.0,False,Small,0.07364517953027505,False,False
482,Unizen,ZCX,0.08,0.90%,-3.50%,-12.80%,47.00%,"$1,533,085.00 ","589,097,895",999 Million,"$47,780,516.00 ",0.08,0.9,-3.5,-12.8,47.0,1533085.0,47780516.0,589097895.0,False,Small,0.032085986681265645,False,False
483,Chainge Finance,CHNG,0.10,0.30%,5.00%,21.20%,49.40%,"$713,782.00 ","457,232,863",717 Million,"$47,759,913.00 ",0.1,0.3,5.0,21.2,49.4,713782.0,47759913.0,457232863.0,False,Small,0.014945211478923758,False,False
484,ThunderCore,TT, $-   ,-0.60%,-8.00%,-9.80%,1.20%,"$1,076,894.00 ","10,476,598,254",10.5 Billion,"$47,746,196.00 ",,-0.6,-8.0,-9.8,1.2,1076894.0,47746196.0,10476598254.0,False,Small,0.022554550733214433,False,False
485,ARPA,ARPA,0.05,0.30%,-5.20%,-4.50%,12.80%,"$33,193,811.00 ","982,174,603",2 Billion,"$47,316,066.00 ",0.05,0.3,-5.2,-4.5,12.8,33193811.0,47316066.0,982174603.0,False,Small,0.7015336186233234,True,False
486,FLEX Coin,FLEX,0.47,-,-,-,-, - ,"98,664,939",98.7 Million,"$46,428,616.00 ",0.47,,,,,,46428616.0,98664939.0,False,Small,,False,False
487,Shentu,CTK,0.47,0.60%,-2.20%,-8.90%,6.80%,"$3,086,817.00 ","100,465,682",127 Million,"$46,966,268.00 ",0.47,0.6,-2.2,-8.9,6.8,3086817.0,46966268.0,100465682.0,False,Small,0.06572412779316424,False,False
488,Dero,DERO,3.68,0.10%,-1.60%,-5.60%,28.40%,"$17,961.00 ","12,677,351",18.4 Million,"$46,902,332.00 ",3.68,0.1,-1.6,-5.6,28.4,17961.0,46902332.0,12677351.0,False,Small,0.0003829447115763881,False,False
489,Meter Governance,MTRG,2.15,0.80%,-6.30%,1.40%,36.80%,"$245,262.00 ","21,810,924",45.5 Million,"$46,852,243.00 ",2.15,0.8,-6.3,1.4,36.8,245262.0,46852243.0,21810924.0,False,Small,0.005234797403402863,False,False
490,TempleDAO,TEMPLE,1.09,0.00%,1.00%,-0.40%,1.80%,"$90,743.00 ","45,002,239",39.5 Million,"$64,882,493.00 ",1.09,0.0,1.0,-0.4,1.8,90743.0,64882493.0,45002239.0,False,Small,0.0013985744968215078,False,False
491,Tectonic,TONIC, $-   ,-0.80%,0.50%,2.10%,29.40%,"$303,414.00 ","246,714,945,680,322",500 Trillion,"$46,431,197.00 ",,-0.8,0.5,2.1,29.4,303414.0,46431197.0,246714945680322.0,False,Small,0.006534701226849697,False,False
492,Arc,ARC,0.06,1.30%,11.20%,24.80%,138.50%,"$1,288,263.00 ","835,796,619",995 Million,"$46,102,804.00 ",0.06,1.3,11.2,24.8,138.5,1288263.0,46102804.0,835796619.0,False,Small,0.027943267832472835,False,False
493,Goldfinch,GFI,0.75,1.40%,5.00%,30.00%,89.70%,"$507,629.00 ","61,117,727",114 Million,"$45,984,705.00 ",0.75,1.4,5.0,30.0,89.7,507629.0,45984705.0,61117727.0,False,Small,0.011039083538754896,False,False
494,DFUK,DFUK,2.92,-,-,-,-, - ,"21,000,000",21 Million,"$61,247,664.00 ",2.92,,,,,,61247664.0,21000000.0,False,Small,,False,False
495,CoW Protocol,COW,0.27,0.60%,4.40%,34.40%,334.40%,"$318,362.00 ","168,950,429",1 Billion,"$45,798,935.00 ",0.27,0.6,4.4,34.4,334.4,318362.0,45798935.0,168950429.0,False,Small,0.006951297011600815,False,False
496,Alien Worlds,TLM,0.01,-0.10%,-5.20%,-10.10%,18.60%,"$6,557,990.00 ","3,758,747,731",6.19 Billion,"$45,749,721.00 ",0.01,-0.1,-5.2,-10.1,18.6,6557990.0,45749721.0,3758747731.0,False,Small,0.14334491788485443,False,False
497,Morpheus Network,MNW,1.22,0.40%,-0.70%,-11.00%,10.20%,"$412,358.00 ","37,520,088",47.9 Million,"$45,556,293.00 ",1.22,0.4,-0.7,-11.0,10.2,412358.0,45556293.0,37520088.0,False,Small,0.00905161444984121,False,False
498,UFO Gaming,UFO, $-   ,-0.50%,1.80%,14.10%,90.00%,"$1,602,977.00 ","25,757,575,757,575",25.8 Trillion,"$45,498,418.00 ",,-0.5,1.8,14.1,90.0,1602977.0,45498418.0,25757575757575.0,False,Small,0.03523148870802497,False,False
499,Real USD,USDR,0.53,0.10%,-0.20%,0.20%,-7.20%,"$33,047.00 ","45,207,233",45.2 Million,"$55,872,358.00 ",0.53,0.1,-0.2,0.2,-7.2,33047.0,55872358.0,45207233.0,False,Small,0.0005914731574421828,False,False
500,World$tateCoin,W$C,0.05,3.30%,0.70%,-1.10%,-20.80%,"$179,973.00 ","927,499,686",995 Million,"$44,914,089.00 ",0.05,3.3,0.7,-1.1,-20.8,179973.0,44914089.0,927499686.0,False,Small,0.004007049992709415,False,False
501,sUSD,SUSD,0.99,0.20%,-0.90%,-0.50%,-0.50%,"$7,082,886.00 ","45,226,902",45.2 Million,"$44,900,884.00 ",0.99,0.2,-0.9,-0.5,-0.5,7082886.0,44900884.0,45226902.0,False,Small,0.15774491210462582,False,False
502,Dopex Rebate,RDPX,33.30,1.00%,8.80%,7.90%,21.70%,"$105,554.00 ","1,346,594",2.1 Million,"$44,800,644.00 ",33.3,1.0,8.8,7.9,21.7,105554.0,44800644.0,1346594.0,False,Small,0.0023560822027469067,False,False
503,Kin,KIN, $-   ,-0.10%,-5.50%,13.50%,38.20%,"$308,955.00 ","2,935,736,173,367",2.94 Trillion,"$44,739,462.00 ",,-0.1,-5.5,13.5,38.2,308955.0,44739462.0,2935736173367.0,False,Small,0.00690564853014996,False,False
504,KILT Protocol,KILT,0.34,0.20%,1.60%,-20.20%,45.40%,"$109,943.00 ","129,683,121",161 Million,"$44,574,099.00 ",0.34,0.2,1.6,-20.2,45.4,109943.0,44574099.0,129683121.0,False,Small,0.002466522093918264,False,False
505,Unibot,UNIBOT,44.17,0.10%,-4.80%,-12.30%,-31.00%,"$12,754,233.00 ","1,000,000",1 Million,"$44,185,440.00 ",44.17,0.1,-4.8,-12.3,-31.0,12754233.0,44185440.0,1000000.0,False,Small,0.28865239318653385,False,False
506,Bficoin,BFIC,23.20,0.60%,12.40%,62.30%,49.30%,"$607,498.00 ","1,889,774",21 Million,"$43,841,140.00 ",23.2,0.6,12.4,62.3,49.3,607498.0,43841140.0,1889774.0,False,Small,0.013856802081332739,False,False
507,Evmos,EVMOS,0.08,0.10%,-3.30%,-4.00%,43.60%,"$1,061,067.00 ","576,076,249",1 Billion,"$43,655,472.00 ",0.08,0.1,-3.3,-4.0,43.6,1061067.0,43655472.0,576076249.0,False,Small,0.024305475382330077,False,False
508,Sologenic,SOLO,0.11,0.00%,-1.50%,-6.20%,-0.50%,"$2,258,296.00 ","399,198,717",399 Million,"$43,488,325.00 ",0.11,0.0,-1.5,-6.2,-0.5,2258296.0,43488325.0,399198717.0,False,Small,0.051928787783847734,False,False
509,LooksRare,LOOKS,0.08,4.60%,9.80%,1.00%,33.80%,"$3,599,691.00 ","544,846,570",997 Million,"$43,400,928.00 ",0.08,4.6,9.8,1.0,33.8,3599691.0,43400928.0,544846570.0,False,Small,0.08294041546761396,False,False
510,Axion,AXN, $-   ,0.00%,-0.60%,-12.20%,50.00%,$218.00 ,0,-,"$23,677,349.00 ",,0.0,-0.6,-12.2,50.0,218.0,23677349.0,0.0,False,Small,9.2071118265816e-06,False,False
511,MUX Protocol,MCB,11.40,-0.40%,0.10%,4.90%,12.20%,"$199,498.00 ","3,803,143",4.8 Million,"$43,353,326.00 ",11.4,-0.4,0.1,4.9,12.2,199498.0,43353326.0,3803143.0,False,Small,0.004601676927855547,False,False
512,Saitama,SAITAMA, $-   ,0.10%,-0.40%,4.90%,-16.60%,"$690,613.00 ","44,802,593,111",44.8 Billion,"$43,310,082.00 ",,0.1,-0.4,4.9,-16.6,690613.0,43310082.0,44802593111.0,False,Small,0.015945779091344134,False,False
513,Star Atlas,ATLAS, $-   ,-0.60%,-1.90%,-6.80%,71.10%,"$1,443,290.00 ","14,371,629,460",36 Billion,"$43,273,730.00 ",,-0.6,-1.9,-6.8,71.1,1443290.0,43273730.0,14371629460.0,False,Small,0.033352567481472015,False,False
514,Redacted,BTRFLY,180.41,-0.10%,10.90%,6.10%,66.90%,"$210,967.00 ","238,911",239 Thousand,"$43,099,766.00 ",180.41,-0.1,10.9,6.1,66.9,210967.0,43099766.0,238911.0,False,Small,0.004894852561380496,False,False
515,PLAYA3ULL GAMES,3ULL,0.01,-0.80%,19.10%,126.60%,1138.60%,"$2,794,081.00 ","6,727,850,516",7.32 Billion,"$42,866,355.00 ",0.01,-0.8,19.1,126.6,1138.6,2794081.0,42866355.0,6727850516.0,False,Small,0.06518121263167816,False,True
516,Perpetual Protocol,PERP,0.59,0.50%,-2.80%,-10.00%,8.40%,"$5,844,715.00 ","72,609,864",150 Million,"$42,865,230.00 ",0.59,0.5,-2.8,-10.0,8.4,5844715.0,42865230.0,72609864.0,False,Small,0.13635095390833082,False,False
517,SuperRare,RARE,0.07,0.90%,-5.90%,1.90%,20.80%,"$9,239,110.00 ","644,800,779",1 Billion,"$42,659,716.00 ",0.07,0.9,-5.9,1.9,20.8,9239110.0,42659716.0,644800779.0,False,Small,0.2165769223592581,False,False
518,A Hunters Dream,CAW, $-   ,0.40%,0.50%,-15.90%,10.30%,"$1,671,632.00 ","636,666,666,666,667",667 Trillion,"$42,293,355.00 ",,0.4,0.5,-15.9,10.3,1671632.0,42293355.0,636666666666667.0,False,Small,0.03952469601903183,False,False
519,Voyager VGX,VGX,0.14,0.40%,1.00%,6.10%,24.80%,"$29,202,655.00 ","293,837,084",294 Million,"$42,266,647.00 ",0.14,0.4,1.0,6.1,24.8,29202655.0,42266647.0,293837084.0,False,Small,0.690914871955658,True,False
520,Litentry,LIT,0.89,1.40%,1.20%,9.90%,37.10%,"$10,771,294.00 ","46,975,262",100 Million,"$41,935,835.00 ",0.89,1.4,1.2,9.9,37.1,10771294.0,41935835.0,46975262.0,False,Small,0.2568517832064152,False,False
521,Myria,MYRIA, $-   ,0.90%,11.50%,3.10%,155.40%,"$1,745,045.00 ","8,787,114,230",50 Billion,"$41,902,521.00 ",,0.9,11.5,3.1,155.4,1745045.0,41902521.0,8787114230.0,False,Small,0.041645346350402165,False,False
522,Velas,VLX,0.02,0.10%,-4.00%,0.80%,131.00%,"$889,940.00 ","2,525,445,015",2.53 Billion,"$41,608,867.00 ",0.02,0.1,-4.0,0.8,131.0,889940.0,41608867.0,2525445015.0,False,Small,0.021388229580968882,False,False
523,Sommelier,SOMM,0.17,0.20%,0.30%,12.80%,43.40%,"$89,351.00 ","249,643,969",500 Million,"$41,525,038.00 ",0.17,0.2,0.3,12.8,43.4,89351.0,41525038.0,249643969.0,False,Small,0.0021517379466335466,False,False
524,UXD Protocol,UXP,0.01,1.60%,-2.70%,1.40%,9.90%,"$10,201.00 ","3,995,967,598",7 Billion,"$41,520,180.00 ",0.01,1.6,-2.7,1.4,9.9,10201.0,41520180.0,3995967598.0,False,Small,0.0002456877595424683,False,False
525,IDEX,IDEX,0.05,0.70%,-3.80%,-8.10%,14.20%,"$4,748,186.00 ","790,936,389",1 Billion,"$41,456,414.00 ",0.05,0.7,-3.8,-8.1,14.2,4748186.0,41456414.0,790936389.0,False,Small,0.11453441197301821,False,False
526,Uquid Coin,UQC,4.14,0.20%,-3.70%,-8.30%,24.80%,"$15,779.00 ","10,000,000",40 Million,"$41,390,186.00 ",4.14,0.2,-3.7,-8.3,24.8,15779.0,41390186.0,10000000.0,False,Small,0.0003812256364346853,False,False
527,Orchid Protocol,OXT,0.07,0.30%,-7.70%,-4.80%,11.00%,"$7,143,199.00 ","591,544,729",1 Billion,"$41,366,824.00 ",0.07,0.3,-7.7,-4.8,11.0,7143199.0,41366824.0,591544729.0,False,Small,0.1726794157559691,False,False
528,Nexa,NEXA, $-   ,0.80%,25.20%,62.10%,140.50%,"$2,359,665.00 ","4,117,370,000,000",4.12 Trillion,"$41,290,629.00 ",,0.8,25.2,62.1,140.5,2359665.0,41290629.0,4117370000000.0,False,Small,0.05714771262021705,False,False
529,Flamingo Finance,FLM,0.08,0.40%,-3.80%,-10.20%,4.50%,"$3,351,558.00 ","535,479,448",535 Million,"$41,262,893.00 ",0.08,0.4,-3.8,-10.2,4.5,3351558.0,41262893.0,535479448.0,False,Small,0.08122450357516134,False,False
530,Mdex (HECO),MDX,0.04,1.50%,-3.60%,-5.60%,5.10%,"$353,146.00 ","950,246,687",1.06 Billion,"$41,221,385.00 ",0.04,1.5,-3.6,-5.6,5.1,353146.0,41221385.0,950246687.0,False,Small,0.008567058093754007,False,False
531,GuildFi,GF,0.09,0.50%,0.00%,12.10%,93.90%,"$2,385,123.00 ","475,227,166",1 Billion,"$41,114,512.00 ",0.09,0.5,0.0,12.1,93.9,2385123.0,41114512.0,475227166.0,False,Small,0.0580117064261884,False,False
532,ALEX Lab,ALEX,0.06,-0.60%,4.90%,14.60%,23.50%,"$1,149,342.00 ","638,100,028",638 Million,"$40,978,452.00 ",0.06,-0.6,4.9,14.6,23.5,1149342.0,40978452.0,638100028.0,False,Small,0.02804747236425622,False,False
533,Concordium,CCD,0.01,-0.80%,-2.00%,-3.10%,-0.40%,"$204,218.00 ","7,796,200,036",12.6 Billion,"$40,238,660.00 ",0.01,-0.8,-2.0,-3.1,-0.4,204218.0,40238660.0,7796200036.0,False,Small,0.005075169004136818,False,False
534,Wanchain,WAN,0.20,0.00%,-0.60%,-3.90%,13.50%,"$1,095,991.00 ","197,343,564",210 Million,"$40,156,149.00 ",0.2,0.0,-0.6,-3.9,13.5,1095991.0,40156149.0,197343564.0,False,Small,0.02729322973674592,False,False
535,Aavegotchi,GHST,0.79,0.60%,-2.80%,-9.20%,-0.50%,"$1,970,244.00 ","51,157,239",52.7 Million,"$40,156,513.00 ",0.79,0.6,-2.8,-9.2,-0.5,1970244.0,40156513.0,51157239.0,False,Small,0.049064120681992486,False,False
536,Victoria VR,VR,0.01,0.50%,-7.00%,1.50%,25.50%,"$689,470.00 ","5,108,261,393",16.8 Billion,"$40,015,370.00 ",0.01,0.5,-7.0,1.5,25.5,689470.0,40015370.0,5108261393.0,False,Small,0.01723012932280771,False,False
537,Marinade,MNDE,0.17,0.00%,-8.50%,-15.30%,276.20%,"$639,933.00 ","239,023,408",1 Billion,"$39,805,511.00 ",0.17,0.0,-8.5,-15.3,276.2,639933.0,39805511.0,239023408.0,False,Small,0.016076492523861834,False,False
538,COMBO,COMBO,0.56,0.20%,-6.50%,-18.10%,2.80%,"$3,656,446.00 ","71,051,748",100 Million,"$39,805,634.00 ",0.56,0.2,-6.5,-18.1,2.8,3656446.0,39805634.0,71051748.0,False,Small,0.09185749936805428,False,False
539,Altura,ALU,0.06,-1.20%,-6.00%,-17.10%,72.20%,"$1,109,784.00 ","719,755,021",990 Million,"$39,595,361.00 ",0.06,-1.2,-6.0,-17.1,72.2,1109784.0,39595361.0,719755021.0,False,Small,0.028028131881409037,False,False
540,MicrovisionChain,SPACE,20.63,0.10%,13.20%,39.00%,156.10%,"$2,192,225.00 ","1,914,973",21 Million,"$39,506,594.00 ",20.63,0.1,13.2,39.0,156.1,2192225.0,39506594.0,1914973.0,False,Small,0.055490103753312675,False,False
541,Euro Tether,EURT,1.09,0.00%,-1.00%,0.20%,2.10%,"$2,006,447.00 ","36,387,340",400 Million,"$39,411,002.00 ",1.09,0.0,-1.0,0.2,2.1,2006447.0,39411002.0,36387340.0,False,Small,0.05091083449235825,False,False
542,Alpha Quark,AQT,1.49,1.50%,-2.10%,-3.60%,28.90%,"$3,799,643.00 ","26,640,785",30 Million,"$39,399,290.00 ",1.49,1.5,-2.1,-3.6,28.9,3799643.0,39399290.0,26640785.0,False,Small,0.09643937746086287,False,False
543,Aura Finance,AURA,1.00,-0.20%,-0.30%,-1.90%,22.40%,"$137,381.00 ","39,248,833",67 Million,"$39,209,542.00 ",1.0,-0.2,-0.3,-1.9,22.4,137381.0,39209542.0,39248833.0,False,Small,0.0035037644663128173,False,False
544,XCAD Network,XCAD,0.92,-0.20%,-4.00%,15.10%,30.60%,"$2,717,879.00 ","42,821,728",199 Million,"$39,186,512.00 ",0.92,-0.2,-4.0,15.1,30.6,2717879.0,39186512.0,42821728.0,False,Small,0.06935751260535768,False,False
545,Multichain,MULTI,2.02,0.10%,-5.40%,-8.60%,-4.60%,"$2,979,982.00 ","19,363,293",100 Million,"$39,113,829.00 ",2.02,0.1,-5.4,-8.6,-4.6,2979982.0,39113829.0,19363293.0,False,Small,0.07618742721404238,False,False
546,peg-eUSD,PEUSD,0.96,-0.10%,-0.50%,-0.50%,1.60%,"$34,585.00 ","40,646,802",40.6 Million,"$38,906,098.00 ",0.96,-0.1,-0.5,-0.5,1.6,34585.0,38906098.0,40646802.0,False,Small,0.0008889351998239454,False,False
547,AscendEx,ASD,0.05,0.20%,-1.90%,1.00%,-3.50%,"$1,547,979.00 ","742,983,478",743 Million,"$38,901,169.00 ",0.05,0.2,-1.9,1.0,-3.5,1547979.0,38901169.0,742983478.0,False,Small,0.03979260880309278,False,False
548,Destablecoin HAY,HAY,1.00,0.10%,-1.40%,-0.20%,-0.40%,"$3,596,769.00 ","39,044,364",39.2 Million,"$38,891,766.00 ",1.0,0.1,-1.4,-0.2,-0.4,3596769.0,38891766.0,39044364.0,False,Small,0.09248150366841146,False,False
549,BakerySwap,BAKE,0.13,0.20%,-8.60%,-13.70%,4.70%,"$14,598,127.00 ","288,705,145",277 Million,"$38,773,132.00 ",0.13,0.2,-8.6,-13.7,4.7,14598127.0,38773132.0,288705145.0,False,Small,0.37650110390875824,False,False
550,TriasLab,TRIAS,3.86,0.30%,0.30%,-7.80%,18.00%,"$1,313,533.00 ","9,980,937",10 Million,"$38,544,005.00 ",3.86,0.3,0.3,-7.8,18.0,1313533.0,38544005.0,9980937.0,False,Small,0.03407878864689853,False,False
551,Magic Internet Money,MIM,0.99,1.10%,-1.60%,-0.70%,-1.00%,"$337,447.00 ","38,963,572",163 Million,"$38,526,221.00 ",0.99,1.1,-1.6,-0.7,-1.0,337447.0,38526221.0,38963572.0,False,Small,0.008758891768803382,False,False
552,Mossland,MOC,0.09,-0.20%,-6.40%,-10.40%,16.60%,"$4,380,109.00 ","404,489,688",500 Million,"$38,397,234.00 ",0.09,-0.2,-6.4,-10.4,16.6,4380109.0,38397234.0,404489688.0,False,Small,0.11407355540245424,False,False
553,DFI.money,YFII,966.18,-0.10%,-2.20%,-1.00%,88.70%,"$9,061,413.00 ","39,732",40 Thousand,"$38,371,658.00 ",966.18,-0.1,-2.2,-1.0,88.7,9061413.0,38371658.0,39732.0,False,Small,0.23614859175488326,False,False
554,Aurora,AURORA,0.10,0.70%,-1.70%,4.50%,101.80%,"$916,759.00 ","383,630,786",1 Billion,"$38,062,455.00 ",0.1,0.7,-1.7,4.5,101.8,916759.0,38062455.0,383630786.0,False,Small,0.024085650807337572,False,False
555,LIF3 (OLD),LIF3,0.01,0.60%,1.70%,-7.50%,18.30%,"$536,950.00 ","2,575,866,293",8.89 Billion,"$37,526,999.00 ",0.01,0.6,1.7,-7.5,18.3,536950.0,37526999.0,2575866293.0,False,Small,0.014308365025404775,False,False
556,Snowbank,SB,234.33,-,-,-,-, - ,"159,640",160 Thousand,"$37,408,432.00 ",234.33,,,,,,37408432.0,159640.0,False,Small,,False,False
557,Sentinel Protocol,UPP,0.08,0.20%,-1.60%,-11.30%,11.00%,"$2,595,477.00 ","491,736,120",500 Million,"$37,428,753.00 ",0.08,0.2,-1.6,-11.3,11.0,2595477.0,37428753.0,491736120.0,False,Small,0.06934446894343502,False,False
558,Ecoin,ECOIN, $-   ,-,-,-,-, - ,"461,121,735,617",1 Trillion,"$36,949,313.00 ",,,,,,,36949313.0,461121735617.0,False,Small,,False,False
559,Celo Dollar,CUSD,0.99,0.90%,-2.20%,-0.40%,-0.40%,"$207,538.00 ","37,118,395",37.1 Million,"$37,029,742.00 ",0.99,0.9,-2.2,-0.4,-0.4,207538.0,37029742.0,37118395.0,False,Small,0.005604629921537125,False,False
560,CEEK Smart VR,CEEK,0.04,0.80%,-2.00%,-14.70%,7.90%,"$6,532,388.00 ","830,725,361",1 Billion,"$37,030,451.00 ",0.04,0.8,-2.0,-14.7,7.9,6532388.0,37030451.0,830725361.0,False,Small,0.17640584501657838,False,False
561,HyperCash,HC,0.08,-0.20%,2.30%,2.70%,43.40%,"$179,576.00 ",0,84 Million,"$28,123,266.00 ",0.08,-0.2,2.3,2.7,43.4,179576.0,28123266.0,0.0,False,Small,0.006385318120590973,False,False
562,Automata,ATA,0.08,0.00%,-4.90%,-11.00%,9.40%,"$1,726,168.00 ","434,909,086",1 Billion,"$36,766,949.00 ",0.08,0.0,-4.9,-11.0,9.4,1726168.0,36766949.0,434909086.0,False,Small,0.046948905115841946,False,False
563,0x Protocol,ZRX,0.39,-0.50%,0.30%,-27.40%,80.10%,"$55,447,475.00 ","92,825,000",1.2 Billion,"$36,529,946.00 ",0.39,-0.5,0.3,-27.4,80.1,55447475.0,36529946.0,92825000.0,False,Small,1.517863590600435,True,False
564,PlatON Network,LAT,0.01,0.00%,-2.60%,-0.10%,11.00%,"$1,102,832.00 ","4,634,171,266",10.3 Billion,"$36,526,724.00 ",0.01,0.0,-2.6,-0.1,11.0,1102832.0,36526724.0,4634171266.0,False,Small,0.030192469491652194,False,False
565,Image Generation AI,IMGNAI,0.05,-0.40%,4.10%,35.00%,121.90%,"$539,471.00 ","777,193,333",1 Billion,"$36,356,564.00 ",0.05,-0.4,4.1,35.0,121.9,539471.0,36356564.0,777193333.0,False,Small,0.014838338408437056,False,False
566,DOLA,DOLA,1.03,1.30%,2.80%,3.00%,3.20%,"$150,731.00 ","35,393,969",47.2 Million,"$36,226,006.00 ",1.03,1.3,2.8,3.0,3.2,150731.0,36226006.0,35393969.0,False,Small,0.004160850633105951,False,False
567,Polkastarter,POLS,0.36,0.80%,0.20%,1.40%,26.30%,"$1,951,303.00 ","99,351,432",100 Million,"$36,064,111.00 ",0.36,0.8,0.2,1.4,26.3,1951303.0,36064111.0,99351432.0,False,Small,0.05410650494060425,False,False
568,NuNet,NTX,0.06,0.00%,-0.50%,1.30%,82.40%,"$148,634.00 ","569,910,312",1 Billion,"$36,039,408.00 ",0.06,0.0,-0.5,1.3,82.4,148634.0,36039408.0,569910312.0,False,Small,0.0041242075896474216,False,False
569,LeverFi,LEVER, $-   ,0.80%,-3.50%,-10.20%,0.50%,"$7,612,390.00 ","28,652,876,014",35 Billion,"$35,963,670.00 ",,0.8,-3.5,-10.2,0.5,7612390.0,35963670.0,28652876014.0,False,Small,0.21166888696287114,False,False
570,Clash of Lilliput,COL,0.44,0.50%,-1.30%,1.00%,-5.20%,"$56,776.00 ","82,074,400",1 Billion,"$35,907,197.00 ",0.44,0.5,-1.3,1.0,-5.2,56776.0,35907197.0,82074400.0,False,Small,0.0015811871920829688,False,False
571,Bean,BEAN,0.97,0.40%,-1.80%,2.80%,-2.30%,"$12,296.00 ","36,901,601",36.9 Million,"$35,718,669.00 ",0.97,0.4,-1.8,2.8,-2.3,12296.0,35718669.0,36901601.0,False,Small,0.00034424575003060725,False,False
572,Guild of Guardians,GOG,0.07,-0.20%,-3.00%,-10.10%,21.70%,"$266,047.00 ","498,243,003",1 Billion,"$35,518,712.00 ",0.07,-0.2,-3.0,-10.1,21.7,266047.0,35518712.0,498243003.0,False,Small,0.007490333545878578,False,False
573,xSUSHI,XSUSHI,1.43,0.80%,1.20%,5.10%,84.30%,"$45,947.00 ","24,762,739",24.8 Million,"$35,486,434.00 ",1.43,0.8,1.2,5.1,84.3,45947.0,35486434.0,24762739.0,False,Small,0.0012947764771179882,False,False
574,Klever,KLV, $-   ,0.70%,-4.10%,-14.30%,8.70%,"$82,454.00 ","9,026,655,587",9.03 Billion,"$35,246,748.00 ",,0.7,-4.1,-14.3,8.7,82454.0,35246748.0,9026655587.0,False,Small,0.0023393363836005524,False,False
575,Xido Finance,XIDO,1.24,0.00%,-4.50%,-2.80%,-19.80%,"$18,829.00 ","28,314,464",100 Million,"$35,060,569.00 ",1.24,0.0,-4.5,-2.8,-19.8,18829.0,35060569.0,28314464.0,False,Small,0.0005370420542804082,False,False
576,Aura BAL,AURABAL,9.89,,2.70%,-6.60%,10.40%,"$6,015.00 ","3,529,856",3.53 Million,"$34,922,035.00 ",9.89,,2.7,-6.6,10.4,6015.0,34922035.0,3529856.0,False,Small,0.00017224082159015075,False,False
577,Phoenix,PHB,0.76,1.10%,-2.20%,4.90%,29.90%,"$8,098,099.00 ","46,071,392",46.1 Million,"$34,888,295.00 ",0.76,1.1,-2.2,4.9,29.9,8098099.0,34888295.0,46071392.0,False,Small,0.23211506896510706,False,False
578,Zenon,ZNN,3.35,-0.90%,32.30%,448.00%,368.20%,"$542,433.00 ","10,378,024",10.4 Million,"$34,782,563.00 ",3.35,-0.9,32.3,448.0,368.2,542433.0,34782563.0,10378024.0,False,Small,0.015594969237890836,False,False
579,Telos,TLOS,0.09,0.00%,-4.20%,13.00%,44.20%,"$1,016,328.00 ","367,749,756",355 Million,"$34,656,987.00 ",0.09,0.0,-4.2,13.0,44.2,1016328.0,34656987.0,367749756.0,False,Small,0.029325342102012503,False,False
580,Reef,REEF, $-   ,0.50%,-4.20%,-9.30%,14.90%,"$20,112,922.00 ","22,821,409,581",22.8 Billion,"$34,571,246.00 ",,0.5,-4.2,-9.3,14.9,20112922.0,34571246.0,22821409581.0,False,Small,0.5817818079221097,True,False
581,Wall Street Memes,WSM,0.02,0.00%,-8.10%,-17.10%,-37.40%,"$28,483,878.00 ","1,811,139,429",2 Billion,"$34,460,393.00 ",0.02,0.0,-8.1,-17.1,-37.4,28483878.0,34460393.0,1811139429.0,False,Small,0.8265685768586563,True,False
582,BarnBridge,BOND,3.61,0.00%,-6.00%,-16.00%,-4.70%,"$7,281,910.00 ","9,526,214",10 Million,"$34,355,398.00 ",3.61,0.0,-6.0,-16.0,-4.7,7281910.0,34355398.0,9526214.0,False,Small,0.21195824889002887,False,False
583,Keep3rV1,KP3R,69.44,0.10%,-2.50%,-2.70%,48.20%,"$7,804,911.00 ","493,762",494 Thousand,"$34,295,662.00 ",69.44,0.1,-2.5,-2.7,48.2,7804911.0,34295662.0,493762.0,False,Small,0.22757720786961336,False,False
584,AhaToken,AHT,0.01,-0.20%,-3.90%,-8.30%,8.60%,"$3,514,398.00 ","4,424,036,536",7.77 Billion,"$34,212,076.00 ",0.01,-0.2,-3.9,-8.3,8.6,3514398.0,34212076.0,4424036536.0,False,Small,0.10272390368827662,False,False
585,Stride Staked Atom,STATOM,10.77,0.60%,-0.10%,-6.70%,32.20%,"$14,971,808.00 ","3,160,112",3.16 Million,"$34,044,207.00 ",10.77,0.6,-0.1,-6.7,32.2,14971808.0,34044207.0,3160112.0,False,Small,0.43977549543157224,False,False
586,JUNO,JUNO,0.43,-1.20%,-6.00%,-24.60%,173.40%,"$244,217.00 ","79,509,431",106 Million,"$33,938,988.00 ",0.43,-1.2,-6.0,-24.6,173.4,244217.0,33938988.0,79509431.0,False,Small,0.007195765530781295,False,False
587,Fulcrom,FUL,0.02,-0.40%,1.00%,-12.00%,100.30%,"$37,967.00 ","1,859,559,179",20 Billion,"$33,756,539.00 ",0.02,-0.4,1.0,-12.0,100.3,37967.0,33756539.0,1859559179.0,False,Small,0.0011247302337481931,False,False
588,Solend,SLND,0.91,1.50%,-1.50%,-1.90%,83.50%,"$80,964.00 ","37,120,572",100 Million,"$33,688,603.00 ",0.91,1.5,-1.5,-1.9,83.5,80964.0,33688603.0,37120572.0,False,Small,0.0024033053552265137,False,False
589,Bella Protocol,BEL,0.57,0.80%,-7.20%,-12.50%,2.50%,"$4,632,100.00 ","59,500,000",100 Million,"$33,687,291.00 ",0.57,0.8,-7.2,-12.5,2.5,4632100.0,33687291.0,59500000.0,False,Small,0.137502893895505,False,False
590,Osaka Protocol,OSAK, $-   ,-0.10%,-2.80%,34.20%,27.60%,"$40,351.00 ","761,500,000,000,000",762 Trillion,"$33,511,484.00 ",,-0.1,-2.8,34.2,27.6,40351.0,33511484.0,761500000000000.0,False,Small,0.0012040946918375802,False,False
591,Refinable,FINE, $-   ,0.10%,-5.00%,-6.00%,51.90%,"$98,787.00 ",0,500 Million,"$27,281,351.00 ",,0.1,-5.0,-6.0,51.9,98787.0,27281351.0,0.0,False,Small,0.003621045013496582,False,False
592,Zano,ZANO,2.40,1.20%,8.10%,150.70%,157.80%,"$54,915.00 ","13,994,615",∞,"$33,196,112.00 ",2.4,1.2,8.1,150.7,157.8,54915.0,33196112.0,13994615.0,False,Small,0.001654259992856995,False,False
593,DeGate,DG,0.11,0.00%,-2.00%,-1.80%,-6.50%,$83.93 ,"292,747,740",1 Billion,"$33,175,121.00 ",0.11,0.0,-2.0,-1.8,-6.5,83.93,33175121.0,292747740.0,False,Small,2.52990787885898e-06,False,False
594,Komodo,KMD,0.24,-0.40%,-4.30%,-4.30%,8.50%,"$1,358,265.00 ","139,054,317",200 Million,"$33,028,642.00 ",0.24,-0.4,-4.3,-4.3,8.5,1358265.0,33028642.0,139054317.0,False,Small,0.04112385244297964,False,False
595,DeRace,DERC,0.29,-0.60%,-1.40%,25.60%,85.50%,"$436,664.00 ","112,920,000",120 Million,"$32,868,166.00 ",0.29,-0.6,-1.4,25.6,85.5,436664.0,32868166.0,112920000.0,False,Small,0.013285316862522843,False,False
596,T-mac DAO,TMG,18.76,-0.10%,-0.60%,-2.40%,-0.20%,"$4,155.00 ","1,750,000",1 Billion,"$32,830,907.00 ",18.76,-0.1,-0.6,-2.4,-0.2,4155.0,32830907.0,1750000.0,False,Small,0.00012655757576237537,False,False
597,H2O Dao,H2O,0.15,0.20%,-1.70%,0.90%,18.20%,"$403,879.00 ","225,062,277",1 Billion,"$32,800,165.00 ",0.15,0.2,-1.7,0.9,18.2,403879.0,32800165.0,225062277.0,False,Small,0.012313322204324278,False,False
598,Zebec Protocol,ZBC,0.01,-0.70%,4.60%,9.50%,30.20%,"$12,333,295.00 ","3,640,485,956",10 Billion,"$32,679,059.00 ",0.01,-0.7,4.6,9.5,30.2,12333295.0,32679059.0,3640485956.0,False,Small,0.3774066750208444,False,False
599,Dione,DIONE, $-   ,0.20%,8.70%,-1.00%,27.60%,"$1,102,657.00 ","9,430,064,280",9.89 Billion,"$32,624,986.00 ",,0.2,8.7,-1.0,27.6,1102657.0,32624986.0,9430064280.0,False,Small,0.03379793021213864,False,False
600,GHO,GHO,0.96,0.10%,0.00%,-0.20%,-1.30%,"$4,490,919.00 ","33,924,824",34.2 Million,"$32,424,700.00 ",0.96,0.1,0.0,-0.2,-1.3,4490919.0,32424700.0,33924824.0,False,Small,0.13850302392928848,False,False
601,Vaiot,VAI,0.11,-1.00%,-0.90%,-7.20%,110.30%,"$1,326,815.00 ","295,857,918",400 Million,"$32,040,737.00 ",0.11,-1.0,-0.9,-7.2,110.3,1326815.0,32040737.0,295857918.0,False,Small,0.041410252204872815,False,False
602,Alchemix,ALCX,15.76,1.10%,-1.80%,0.70%,23.90%,"$4,084,339.00 ","2,026,995",2.78 Million,"$31,937,492.00 ",15.76,1.1,-1.8,0.7,23.9,4084339.0,31937492.0,2026995.0,False,Small,0.12788540189693043,False,False
603,Doge Killer,LEASH,296.74,0.70%,0.80%,-7.10%,1.30%,"$1,435,595.00 ","107,526",108 Thousand,"$31,914,357.00 ",296.74,0.7,0.8,-7.1,1.3,1435595.0,31914357.0,107526.0,False,Small,0.04498273300633943,False,False
604,BENQI,QI,0.01,-0.40%,-3.50%,0.60%,45.90%,"$2,790,400.00 ","4,202,709,176",7.2 Billion,"$31,738,247.00 ",0.01,-0.4,-3.5,0.6,45.9,2790400.0,31738247.0,4202709176.0,False,Small,0.08791915949233113,False,False
605,dForce USD,USX,0.99,-0.20%,-0.20%,-0.30%,-10.50%,"$171,810.00 ","31,797,479",162 Million,"$31,635,641.00 ",0.99,-0.2,-0.2,-0.3,-10.5,171810.0,31635641.0,31797479.0,False,Small,0.005430899914435115,False,False
606,sETH,SETH,"2,023.07",0.40%,1.70%,0.70%,20.60%,"$686,734.00 ","15,592",15.6 Thousand,"$31,544,270.00 ",2023.07,0.4,1.7,0.7,20.6,686734.0,31544270.0,15592.0,False,Small,0.021770483197106796,False,False
607,Ethernity Chain,ERN,1.60,-0.10%,-4.30%,-6.70%,8.10%,"$2,166,353.00 ","19,633,262",30 Million,"$31,476,141.00 ",1.6,-0.1,-4.3,-6.7,8.1,2166353.0,31476141.0,19633262.0,False,Small,0.0688252413153188,False,False
608,STFX,STFX,0.07,0.10%,1.80%,8.40%,119.80%,"$47,350.00 ","431,350,043",990 Million,"$31,468,305.00 ",0.07,0.1,1.8,8.4,119.8,47350.0,31468305.0,431350043.0,False,Small,0.001504688606520116,False,False
609,IRISnet,IRIS,0.02,1.10%,-1.40%,-7.50%,8.60%,"$738,122.00 ","1,550,895,659",1.99 Billion,"$31,200,906.00 ",0.02,1.1,-1.4,-7.5,8.6,738122.0,31200906.0,1550895659.0,False,Small,0.023657069445355207,False,False
610,Ternoa,CAPS,0.02,0.00%,-10.10%,29.70%,52.50%,"$667,365.00 ","1,369,248,124",2.5 Billion,"$30,902,891.00 ",0.02,0.0,-10.1,29.7,52.5,667365.0,30902891.0,1369248124.0,False,Small,0.021595552338452735,False,False
611,Niza Global,NIZA,0.01,1.50%,23.30%,34.00%,153.90%,"$3,977,295.00 ","2,391,904,659",8.75 Billion,"$30,765,759.00 ",0.01,1.5,23.3,34.0,153.9,3977295.0,30765759.0,2391904659.0,False,Small,0.12927667411033156,False,False
612,Quickswap [OLD],QUICK,50.22,-0.40%,-1.20%,-8.20%,14.10%,"$19,747.00 ","607,000",1 Million,"$30,651,059.00 ",50.22,-0.4,-1.2,-8.2,14.1,19747.0,30651059.0,607000.0,False,Small,0.0006442518021971117,False,False
613,StarLink,STARL, $-   ,1.70%,0.90%,-17.80%,-30.10%,"$4,210,527.00 ","9,979,143,984,086",10 Trillion,"$30,651,239.00 ",,1.7,0.9,-17.8,-30.1,4210527.0,30651239.0,9979143984086.0,False,Small,0.13736890048718747,False,False
614,SelfKey,KEY,0.01,0.50%,-3.50%,-9.90%,-15.40%,"$3,909,788.00 ","5,999,999,954",6 Billion,"$30,634,673.00 ",0.01,0.5,-3.5,-9.9,-15.4,3909788.0,30634673.0,5999999954.0,False,Small,0.12762623580150503,False,False
615,ROACORE,ROA,0.27,-1.70%,-3.80%,-25.60%,-2.60%,"$177,356,493.00 ","115,046,731",950 Million,"$30,612,294.00 ",0.27,-1.7,-3.8,-25.6,-2.6,177356493.0,30612294.0,115046731.0,False,Small,5.793636145007623,True,False
616,Measurable Data,MDT,0.05,0.70%,4.70%,4.90%,23.40%,"$10,672,090.00 ","606,319,736",1 Billion,"$30,587,841.00 ",0.05,0.7,4.7,4.9,23.4,10672090.0,30587841.0,606319736.0,False,Small,0.34889974745193686,False,False
617,Phoenix Global [OLD],PHB,0.01,0.00%,-11.80%,-6.30%,0.40%,$10.13 ,"3,386,665,894",3.39 Billion,"$30,494,381.00 ",0.01,0.0,-11.8,-6.3,0.4,10.13,30494381.0,3386665894.0,False,Small,3.3219234717373017e-07,False,False
618,Biswap,BSW,0.08,0.70%,-11.20%,-2.30%,32.70%,"$18,245,882.00 ","373,032,214",435 Million,"$30,307,507.00 ",0.08,0.7,-11.2,-2.3,32.7,18245882.0,30307507.0,373032214.0,False,Small,0.6020251682198737,True,False
619,PIVX,PIVX,0.39,1.30%,9.30%,-18.30%,97.10%,"$8,885,613.00 ","78,140,399",78.2 Million,"$30,306,609.00 ",0.39,1.3,9.3,-18.3,97.1,8885613.0,30306609.0,78140399.0,False,Small,0.29319060406923125,False,False
620,Banana Gun,BANANA,12.54,-1.80%,4.60%,-16.80%,111.20%,"$750,013.00 ","2,400,000",10 Million,"$30,120,935.00 ",12.54,-1.8,4.6,-16.8,111.2,750013.0,30120935.0,2400000.0,False,Small,0.024900057053341803,False,False
621,Beefy,BIFI,374.92,-0.30%,-2.60%,-3.50%,6.50%,"$1,046,998.00 ","80,000",80 Thousand,"$29,987,770.00 ",374.92,-0.3,-2.6,-3.5,6.5,1046998.0,29987770.0,80000.0,False,Small,0.03491416667528129,False,False
622,DIA,DIA,0.27,0.10%,-6.10%,-8.10%,11.80%,"$4,164,740.00 ","110,617,604",169 Million,"$29,925,942.00 ",0.27,0.1,-6.1,-8.1,11.8,4164740.0,29925942.0,110617604.0,False,Small,0.13916821732796247,False,False
623,ChainGPT,CGPT,0.10,0.40%,5.40%,99.10%,126.50%,"$10,210,651.00 ","304,833,136",999 Million,"$29,679,629.00 ",0.1,0.4,5.4,99.1,126.5,10210651.0,29679629.0,304833136.0,False,Small,0.3440289297416757,False,False
624,Bit2Me,B2M,0.01,0.40%,0.90%,-6.10%,-3.40%,"$53,861.00 ","4,843,060,000",5 Billion,"$29,548,248.00 ",0.01,0.4,0.9,-6.1,-3.4,53861.0,29548248.0,4843060000.0,False,Small,0.0018228153493229109,False,False
625,StakeWise,SWISE,0.09,-0.10%,3.50%,22.70%,51.40%,"$107,158.00 ","323,616,482",1 Billion,"$29,534,153.00 ",0.09,-0.1,3.5,22.7,51.4,107158.0,29534153.0,323616482.0,False,Small,0.003628274018896022,False,False
626,Quickswap,QUICK,0.05,0.20%,-2.60%,-10.90%,17.70%,"$2,304,938.00 ","607,000,000",890 Million,"$29,466,289.00 ",0.05,0.2,-2.6,-10.9,17.7,2304938.0,29466289.0,607000000.0,False,Small,0.07822288039053714,False,False
627,TokenFi,TOKEN,0.03,0.60%,-3.20%,-27.60%,,"$4,929,056.00 ","1,167,085,423",10 Billion,"$29,431,695.00 ",0.03,0.6,-3.2,-27.6,,4929056.0,29431695.0,1167085423.0,False,Small,0.16747441830992066,False,False
628,BitMEX,BMEX,0.29,0.00%,-2.00%,-8.60%,3.80%,"$47,687.00 ","99,750,000",450 Million,"$29,417,723.00 ",0.29,0.0,-2.0,-8.6,3.8,47687.0,29417723.0,99750000.0,False,Small,0.0016210296085798347,False,False
629,Rally,RLY,0.01,0.20%,-0.10%,-3.80%,0.50%,"$660,964.00 ","5,011,892,646",15 Billion,"$29,405,089.00 ",0.01,0.2,-0.1,-3.8,0.5,660964.0,29405089.0,5011892646.0,False,Small,0.02247787789385708,False,False
630,Ampleforth Governance,FORTH,3.04,0.20%,-2.50%,-9.10%,5.30%,"$7,506,594.00 ","9,564,987",15.3 Million,"$29,155,284.00 ",3.04,0.2,-2.5,-9.1,5.3,7506594.0,29155284.0,9564987.0,False,Small,0.2574694178935112,False,False
631,ECOx,ECOX,0.18,0.00%,-14.10%,-4.70%,-27.70%,"$94,129.00 ","165,506,219",1 Billion,"$29,106,039.00 ",0.18,0.0,-14.1,-4.7,-27.7,94129.0,29106039.0,165506219.0,False,Small,0.003234002400670184,False,False
632,cBAT,CBAT, $-   ,-1.10%,-3.30%,-11.80%,3.40%,"$634,357.00 ","6,953,363,357",6.95 Billion,"$29,040,562.00 ",,-1.1,-3.3,-11.8,3.4,634357.0,29040562.0,6953363357.0,False,Small,0.02184382657608348,False,False
633,Pirate Chain,ARRR,0.15,0.00%,-1.40%,-2.20%,-6.50%,"$46,535.00 ","196,213,798",200 Million,"$28,953,449.00 ",0.15,0.0,-1.4,-2.2,-6.5,46535.0,28953449.0,196213798.0,False,Small,0.0016072351173084768,False,False
634,JPEG'd,JPEG, $-   ,0.20%,-4.80%,-9.90%,-1.80%,"$271,812.00 ","50,941,948,221",69.4 Billion,"$28,944,578.00 ",,0.2,-4.8,-9.9,-1.8,271812.0,28944578.0,50941948221.0,False,Small,0.009390774327405982,False,False
635,CargoX,CXO,0.17,-1.70%,2.00%,-3.60%,-6.00%,"$106,536.00 ","167,160,148",215 Million,"$28,905,142.00 ",0.17,-1.7,2.0,-3.6,-6.0,106536.0,28905142.0,167160148.0,False,Small,0.003685711006021005,False,False
636,Electroneum,ETN, $-   ,0.00%,2.20%,-5.40%,-14.10%,"$636,747.00 ","17,924,015,802",21 Billion,"$28,598,776.00 ",,0.0,2.2,-5.4,-14.1,636747.0,28598776.0,17924015802.0,False,Small,0.0222648339914967,False,False
637,Pluton,PLU,6.58,0.60%,-1.50%,-3.70%,24.50%,"$240,631.00 ","4,350,183",20 Million,"$28,539,212.00 ",6.58,0.6,-1.5,-3.7,24.5,240631.0,28539212.0,4350183.0,False,Small,0.008431592294839816,False,False
638,INSTAR,INSTAR,0.01,23.30%,-36.30%,-46.10%,-59.40%,"$4,186.00 ",0,300 Million,"$51,416,115.00 ",0.01,23.3,-36.3,-46.1,-59.4,4186.0,51416115.0,0.0,False,Small,8.14141636333278e-05,False,False
639,CHEQD Network,CHEQ,0.08,0.30%,3.50%,82.10%,156.60%,"$552,921.00 ","374,647,789",1.12 Billion,"$28,226,142.00 ",0.08,0.3,3.5,82.1,156.6,552921.0,28226142.0,374647789.0,False,Small,0.01958896826920236,False,False
640,Clover Finance,CLV,0.04,0.50%,-4.80%,-6.20%,18.10%,"$3,491,972.00 ","741,993,651",1 Billion,"$28,127,479.00 ",0.04,0.5,-4.8,-6.2,18.1,3491972.0,28127479.0,741993651.0,False,Small,0.12414806175839647,False,False
641,SafeMoon,SFM, $-   ,1.10%,-7.70%,-18.20%,-70.80%,"$33,129.00 ","557,254,914,092",1 Trillion,"$27,955,569.00 ",,1.1,-7.7,-18.2,-70.8,33129.0,27955569.0,557254914092.0,False,Small,0.0011850590485208868,False,False
642,Altered State Machine,ASTO,0.04,-1.60%,-2.00%,33.80%,166.30%,"$1,056,968.00 ","732,269,679",2.38 Billion,"$27,878,360.00 ",0.04,-1.6,-2.0,33.8,166.3,1056968.0,27878360.0,732269679.0,False,Small,0.037913564499489925,False,False
643,BitShares,BTS,0.01,-0.30%,-3.80%,-9.40%,4.60%,"$1,420,676.00 ","2,710,195,992",3 Billion,"$27,854,079.00 ",0.01,-0.3,-3.8,-9.4,4.6,1420676.0,27854079.0,2710195992.0,False,Small,0.05100423532223054,False,False
644,KOGE,KOGE,8.08,,-7.20%,-5.50%,7.20%,$199.00 ,"3,388,229",3.39 Million,"$27,362,485.00 ",8.08,,-7.2,-5.5,7.2,199.0,27362485.0,3388229.0,False,Small,7.27273125960599e-06,False,False
645,Forta,FORT,0.12,0.20%,-4.00%,-3.00%,27.90%,"$300,661.00 ","235,867,680",1 Billion,"$27,350,328.00 ",0.12,0.2,-4.0,-3.0,27.9,300661.0,27350328.0,235867680.0,False,Small,0.010992957744419007,False,False
646,Milady Meme Coin,LADYS, $-   ,-0.40%,-5.10%,-10.80%,-10.90%,"$2,503,712.00 ","888,000,888,000,888",888 Trillion,"$27,323,082.00 ",,-0.4,-5.1,-10.8,-10.9,2503712.0,27323082.0,888000888000888.0,False,Small,0.09163358657709259,False,False
647,Contentos,COS,0.01,-0.10%,-6.10%,-6.60%,15.90%,"$2,821,107.00 ","5,114,004,014",9.9 Billion,"$26,999,040.00 ",0.01,-0.1,-6.1,-6.6,15.9,2821107.0,26999040.0,5114004014.0,False,Small,0.10448915961456408,False,False
648,Neurai,XNA, $-   ,2.30%,20.00%,241.40%,310.20%,"$1,624,557.00 ","9,665,664,736",9.67 Billion,"$26,900,046.00 ",,2.3,20.0,241.4,310.2,1624557.0,26900046.0,9665664736.0,False,Small,0.0603923502584345,False,False
649,REI Network,REI,0.03,0.10%,-4.00%,-5.20%,8.60%,"$2,052,940.00 ","965,885,382",1 Billion,"$26,783,418.00 ",0.03,0.1,-4.0,-5.2,8.6,2052940.0,26783418.0,965885382.0,False,Small,0.07664966435575922,False,False
650,LTO Network,LTO,0.06,0.00%,-5.00%,-10.40%,10.60%,"$1,026,212.00 ","421,776,984",422 Million,"$26,782,827.00 ",0.06,0.0,-5.0,-10.4,10.6,1026212.0,26782827.0,421776984.0,False,Small,0.03831604482977096,False,False
651,TokenPocket Token,TPT,0.01,-0.20%,-2.20%,1.00%,6.00%,"$75,393.00 ","3,466,457,401",5.9 Billion,"$26,633,167.00 ",0.01,-0.2,-2.2,1.0,6.0,75393.0,26633167.0,3466457401.0,False,Small,0.0028307936491368075,False,False
652,Frontier,FRONT,0.30,1.30%,-2.70%,-10.10%,9.00%,"$11,804,461.00 ","87,456,250",90 Million,"$26,606,710.00 ",0.3,1.3,-2.7,-10.1,9.0,11804461.0,26606710.0,87456250.0,False,Small,0.44366481237251804,False,False
653,AVA,AVA,0.50,-0.20%,-5.70%,-7.10%,10.90%,"$1,355,907.00 ","52,745,870",62.1 Million,"$26,541,917.00 ",0.5,-0.2,-5.7,-7.1,10.9,1355907.0,26541917.0,52745870.0,False,Small,0.05108549619833413,False,False
654,Rich Quack,QUACK, $-   ,0.90%,-3.10%,-8.20%,23.80%,"$971,068.00 ","43,896,383,199,525,700",100 Quadrillion,"$26,368,367.00 ",,0.9,-3.1,-8.2,23.8,971068.0,26368367.0,4.38963831995257e+16,False,Small,0.036827005631406756,False,False
655,Dopex,DPX,96.30,-0.40%,-1.80%,-11.10%,17.30%,"$410,437.00 ","273,284",500 Thousand,"$26,245,574.00 ",96.3,-0.4,-1.8,-11.1,17.3,410437.0,26245574.0,273284.0,False,Small,0.015638332009808586,False,False
656,Metacade,MCADE,0.01,-4.00%,0.50%,99.10%,150.20%,"$628,746.00 ","1,843,294,819",2 Billion,"$26,123,035.00 ",0.01,-4.0,0.5,99.1,150.2,628746.0,26123035.0,1843294819.0,False,Small,0.024068642866343824,False,False
657,TOKPIE,TKP,0.33,0.00%,-0.40%,8.90%,33.00%,"$32,903.00 ","79,293,847",100 Million,"$26,115,970.00 ",0.33,0.0,-0.4,8.9,33.0,32903.0,26115970.0,79293847.0,False,Small,0.0012598804486297082,False,False
658,Hydranet,HDN,0.16,0.80%,15.70%,37.80%,88.80%,"$663,056.00 ","160,640,931",300 Million,"$26,028,478.00 ",0.16,0.8,15.7,37.8,88.8,663056.0,26028478.0,160640931.0,False,Small,0.025474251702308524,False,False
659,Epik Prime,EPIK,0.03,-1.60%,30.00%,92.60%,508.90%,"$1,045,179.00 ","938,567,307",2 Billion,"$25,739,788.00 ",0.03,-1.6,30.0,92.6,508.9,1045179.0,25739788.0,938567307.0,False,Small,0.040605579191250525,False,False
660,WAGMI Games,WAGMIGAMES, $-   ,0.80%,-4.50%,33.70%,90.00%,"$1,177,712.00 ","1,802,103,978,001",2.2 Trillion,"$25,639,618.00 ",,0.8,-4.5,33.7,90.0,1177712.0,25639618.0,1802103978001.0,False,Small,0.045933289645734975,False,False
661,Samoyedcoin,SAMO,0.01,-0.70%,-3.10%,-26.30%,78.00%,"$1,167,200.00 ","4,071,606,174",4.75 Billion,"$25,599,049.00 ",0.01,-0.7,-3.1,-26.3,78.0,1167200.0,25599049.0,4071606174.0,False,Small,0.04559544379949427,False,False
662,Cudos,CUDOS, $-   ,1.40%,5.90%,37.10%,85.70%,"$431,581.00 ","6,516,407,553",9.08 Billion,"$25,540,783.00 ",,1.4,5.9,37.1,85.7,431581.0,25540783.0,6516407553.0,False,Small,0.01689772001116802,False,False
663,MELD,MELD,0.01,0.00%,0.20%,3.00%,14.10%,"$1,455,997.00 ","2,157,375,490",4 Billion,"$25,445,276.00 ",0.01,0.0,0.2,3.0,14.1,1455997.0,25445276.0,2157375490.0,False,Small,0.057220719476573964,False,False
664,Instadapp,INST,1.41,-0.30%,0.90%,-0.70%,16.50%,"$120,604.00 ","17,946,350",100 Million,"$25,376,265.00 ",1.41,-0.3,0.9,-0.7,16.5,120604.0,25376265.0,17946350.0,False,Small,0.004752630065929718,False,False
665,BitMart,BMX,0.14,0.30%,-0.50%,7.60%,26.60%,"$2,010,633.00 ","176,130,087",886 Million,"$25,319,526.00 ",0.14,0.3,-0.5,7.6,26.6,2010633.0,25319526.0,176130087.0,False,Small,0.07941037284821209,False,False
666,Astroport,ASTRO,0.06,-0.30%,0.30%,-10.60%,337.70%,"$165,978.00 ","406,071,317",1.1 Billion,"$25,225,329.00 ",0.06,-0.3,0.3,-10.6,337.7,165978.0,25225329.0,406071317.0,False,Small,0.006579815073967915,False,False
667,ParaSwap,PSP,0.03,0.50%,-1.60%,-0.40%,40.50%,"$160,764.00 ","756,331,048",2 Billion,"$25,190,053.00 ",0.03,0.5,-1.6,-0.4,40.5,160764.0,25190053.0,756331048.0,False,Small,0.006382042943696863,False,False
668,Frax Price Index Share,FPIS,1.05,0.10%,-6.50%,9.60%,-6.40%,"$298,917.00 ","23,941,144",100 Million,"$25,102,225.00 ",1.05,0.1,-6.5,9.6,-6.4,298917.0,25102225.0,23941144.0,False,Small,0.011907988236102576,False,False
669,Qredo,QRDO,0.04,0.10%,-0.20%,0.20%,24.30%,"$833,567.00 ","627,271,396",1.62 Billion,"$25,026,061.00 ",0.04,0.1,-0.2,0.2,24.3,833567.0,25026061.0,627271396.0,False,Small,0.03330795845179151,False,False
670,xExchange,MEX, $-   ,-0.30%,-1.10%,-10.50%,47.50%,"$81,121.00 ","3,910,174,472,786",8.05 Trillion,"$24,994,192.00 ",,-0.3,-1.1,-10.5,47.5,81121.0,24994192.0,3910174472786.0,False,Small,0.0032455940164018903,False,False
671,Enjinstarter,EJS,0.01,-0.40%,-9.10%,-14.50%,90.40%,"$344,375.00 ","3,827,762,989",4.94 Billion,"$24,936,681.00 ",0.01,-0.4,-9.1,-14.5,90.4,344375.0,24936681.0,3827762989.0,False,Small,0.013809977358253891,False,False
672,Adshares,ADS,0.64,-0.10%,-3.00%,-12.60%,33.60%,"$63,276.00 ","38,751,952",38.8 Million,"$24,878,213.00 ",0.64,-0.1,-3.0,-12.6,33.6,63276.0,24878213.0,38751952.0,False,Small,0.0025434302696901905,False,False
673,League of Kingdoms,LOKA,0.22,-0.20%,-7.20%,-15.90%,14.10%,"$3,926,297.00 ","114,916,312",196 Million,"$24,782,341.00 ",0.22,-0.2,-7.2,-15.9,14.1,3926297.0,24782341.0,114916312.0,False,Small,0.15843123940551057,False,False
674,ViciCoin,VCNT,9.44,-0.10%,-1.70%,-0.70%,13.80%,"$209,162.00 ","2,612,665",10 Million,"$24,583,315.00 ",9.44,-0.1,-1.7,-0.7,13.8,209162.0,24583315.0,2612665.0,False,Small,0.00850829109092895,False,False
675,XSGD,XSGD,0.74,0.20%,-0.50%,0.30%,1.90%,"$10,037,073.00 ","33,098,661",33.1 Million,"$24,561,088.00 ",0.74,0.2,-0.5,0.3,1.9,10037073.0,24561088.0,33098661.0,False,Small,0.40865750735472306,False,False
676,FC Barcelona Fan Token,BAR,2.19,0.00%,-4.80%,-4.60%,4.80%,"$1,368,456.00 ","11,178,886",40 Million,"$24,487,778.00 ",2.19,0.0,-4.8,-4.6,4.8,1368456.0,24487778.0,11178886.0,False,Small,0.0558832246845753,False,False
677,Paris Saint-Germain Fan Token,PSG,2.99,-0.10%,-5.00%,-3.80%,5.10%,"$1,743,055.00 ","8,174,271",19.9 Million,"$24,435,032.00 ",2.99,-0.1,-5.0,-3.8,5.1,1743055.0,24435032.0,8174271.0,False,Small,0.07133426303677441,False,False
678,Alephium,ALPH,0.45,3.80%,14.80%,106.90%,155.80%,"$561,093.00 ","54,447,307",188 Million,"$24,415,447.00 ",0.45,3.8,14.8,106.9,155.8,561093.0,24415447.0,54447307.0,False,Small,0.022981066043967983,False,False
679,Planet IX,IXT,0.24,-0.30%,-6.10%,-29.90%,211.30%,"$283,633.00 ","101,610,267",153 Million,"$24,320,953.00 ",0.24,-0.3,-6.1,-29.9,211.3,283633.0,24320953.0,101610267.0,False,Small,0.01166208412968028,False,False
680,Big Time,BIGTIME,0.16,0.90%,-0.20%,-27.50%,8.80%,"$18,041,844.00 ","152,500,000",5 Billion,"$24,322,823.00 ",0.16,0.9,-0.2,-27.5,8.8,18041844.0,24322823.0,152500000.0,False,Small,0.7417660359572571,True,False
681,Sai,SAI,8.87,-0.60%,-1.70%,-9.40%,3.30%,$108.00 ,"2,725,413",2.73 Million,"$24,312,721.00 ",8.87,-0.6,-1.7,-9.4,3.3,108.0,24312721.0,2725413.0,False,Small,4.4421190042858636e-06,False,False
682,Wing Finance,WING,6.31,0.50%,-7.50%,-5.80%,11.90%,"$3,963,505.00 ","3,818,035",4.94 Million,"$24,176,831.00 ",6.31,0.5,-7.5,-5.8,11.9,3963505.0,24176831.0,3818035.0,False,Small,0.16393815219207183,False,False
683,AQTIS,AQTIS,0.01,-2.60%,10.00%,-12.10%,312.90%,"$162,427.00 ","1,994,990,000",3 Billion,"$23,966,575.00 ",0.01,-2.6,10.0,-12.1,312.9,162427.0,23966575.0,1994990000.0,False,Small,0.006777230371882507,False,False
684,Taboo,TABOO, $-   ,-0.60%,-0.70%,-14.40%,151.50%,"$1,096,535.00 ","9,782,678,080",9.78 Billion,"$23,949,830.00 ",,-0.6,-0.7,-14.4,151.5,1096535.0,23949830.0,9782678080.0,False,Small,0.045784667365071065,False,False
685,APX,APX,0.05,-0.90%,6.10%,12.40%,43.20%,"$1,465,905.00 ","434,585,698",4.02 Billion,"$23,928,404.00 ",0.05,-0.9,6.1,12.4,43.2,1465905.0,23928404.0,434585698.0,False,Small,0.06126213014457629,False,False
686,TROY,TROY, $-   ,0.50%,-8.50%,-12.70%,4.30%,"$1,832,490.00 ","9,750,000,000",10 Billion,"$23,785,365.00 ",,0.5,-8.5,-12.7,4.3,1832490.0,23785365.0,9750000000.0,False,Small,0.07704275297015623,False,False
687,Cornucopias,COPI,0.03,-0.20%,-3.70%,-8.80%,14.80%,"$131,750.00 ","818,386,888",3.84 Billion,"$23,717,750.00 ",0.03,-0.2,-3.7,-8.8,14.8,131750.0,23717750.0,818386888.0,False,Small,0.0055549114060144825,False,False
688,MOON (Ordinals),MOON,0.24,0.00%,0.10%,0.00%,-0.80%,"$13,735.00 ","100,000,000",100 Million,"$23,707,874.00 ",0.24,0.0,0.1,0.0,-0.8,13735.0,23707874.0,100000000.0,False,Small,0.000579343386083459,False,False
689,Elastos,ELA,1.11,0.90%,-2.10%,-4.50%,-11.80%,"$421,829.00 ","21,364,395",-,"$23,622,592.00 ",1.11,0.9,-2.1,-4.5,-11.8,421829.0,23622592.0,21364395.0,False,Small,0.01785701586007158,False,False
690,Alpaca Finance,ALPACA,0.16,0.20%,-5.00%,-12.00%,-5.40%,"$3,455,630.00 ","150,341,820",150 Million,"$23,587,139.00 ",0.16,0.2,-5.0,-12.0,-5.4,3455630.0,23587139.0,150341820.0,False,Small,0.14650483892938435,False,False
691,Revest Finance,RVST,0.29,-11.40%,41.70%,33.60%,231.80%,"$1,089,192.00 ","80,403,241",100 Million,"$23,556,665.00 ",0.29,-11.4,41.7,33.6,231.8,1089192.0,23556665.0,80403241.0,False,Small,0.04623710529482845,False,False
692,Stader,SD,0.72,0.10%,0.40%,-6.40%,26.50%,"$993,021.00 ","32,433,878",150 Million,"$23,493,424.00 ",0.72,0.1,0.4,-6.4,26.5,993021.0,23493424.0,32433878.0,False,Small,0.042268040622771716,False,False
693,Metahero,HERO, $-   ,-1.00%,-19.30%,-16.70%,20.30%,"$1,851,768.00 ","7,866,213,223",9.77 Billion,"$23,476,750.00 ",,-1.0,-19.3,-16.7,20.3,1851768.0,23476750.0,7866213223.0,False,Small,0.07887667586015952,False,False
694,Opulous,OPUL,0.09,-0.50%,-2.30%,7.40%,80.40%,"$932,659.00 ","259,282,432",500 Million,"$23,442,115.00 ",0.09,-0.5,-2.3,7.4,80.4,932659.0,23442115.0,259282432.0,False,Small,0.039785616613518024,False,False
695,Hegic,HEGIC,0.02,4.80%,31.90%,35.20%,67.90%,"$589,456.00 ","1,077,684,725",1.08 Billion,"$23,256,825.00 ",0.02,4.8,31.9,35.2,67.9,589456.0,23256825.0,1077684725.0,False,Small,0.025345506104122124,False,False
696,Lybra,LBR,1.24,-0.60%,6.30%,-14.10%,31.30%,"$2,044,864.00 ","18,808,594",45.4 Million,"$23,188,157.00 ",1.24,-0.6,6.3,-14.1,31.3,2044864.0,23188157.0,18808594.0,False,Small,0.08818570617751122,False,False
697,Poollotto.finance,PLT,1.55,-0.10%,-10.00%,5.90%,-9.80%,"$1,658.00 ","14,969,975",19.3 Million,"$23,157,465.00 ",1.55,-0.1,-10.0,5.9,-9.8,1658.0,23157465.0,14969975.0,False,Small,7.159678315394194e-05,False,False
698,Camelot Token,GRAIL,"1,435.54",0.00%,-3.00%,-15.00%,101.30%,"$1,379,111.00 ","16,030",74.8 Thousand,"$23,100,070.00 ",1435.54,0.0,-3.0,-15.0,101.3,1379111.0,23100070.0,16030.0,False,Small,0.05970159397785375,False,False
699,AirDAO,AMB,0.01,0.70%,-6.50%,-15.30%,-11.60%,"$3,210,491.00 ","3,072,310,854",6.5 Billion,"$23,099,267.00 ",0.01,0.7,-6.5,-15.3,-11.6,3210491.0,23099267.0,3072310854.0,False,Small,0.1389867046430521,False,False
700,Across Protocol,ACX,0.08,0.10%,7.00%,24.70%,72.40%,"$349,135.00 ","284,763,336",1 Billion,"$23,096,124.00 ",0.08,0.1,7.0,24.7,72.4,349135.0,23096124.0,284763336.0,False,Small,0.015116605712716126,False,False
701,Vyvo Smart Chain,VSC,0.01,0.20%,0.30%,-1.00%,3.50%,"$608,645.00 ","1,876,030,845",20 Billion,"$23,046,355.00 ",0.01,0.2,0.3,-1.0,3.5,608645.0,23046355.0,1876030845.0,False,Small,0.02640959926200911,False,False
702,Carbon Browser,CSIX,0.08,-1.10%,-9.00%,59.60%,283.80%,"$7,680,523.00 ","288,257,906",1 Billion,"$22,970,181.00 ",0.08,-1.1,-9.0,59.6,283.8,7680523.0,22970181.0,288257906.0,False,Small,0.33436928511795355,False,False
703,RFOX,RFOX,0.01,-0.30%,1.00%,-9.60%,21.90%,"$238,537.00 ","1,844,906,338",1.99 Billion,"$22,862,438.00 ",0.01,-0.3,1.0,-9.6,21.9,238537.0,22862438.0,1844906338.0,False,Small,0.010433576681542012,False,False
704,flexUSD,FLEXUSD,0.14,0.70%,-4.10%,-7.50%,-5.10%,$4.43 ,"166,350,245",166 Million,"$22,550,708.00 ",0.14,0.7,-4.1,-7.5,-5.1,4.43,22550708.0,166350245.0,False,Small,1.9644616036002062e-07,False,False
705,Onyxcoin,XCN, $-   ,0.60%,-1.50%,-3.40%,14.80%,"$2,143,295.00 ","26,673,778,543",48.5 Billion,"$22,408,012.00 ",,0.6,-1.5,-3.4,14.8,2143295.0,22408012.0,26673778543.0,False,Small,0.09564860104501907,False,False
706,Optimus AI,OPTI,0.22,-0.60%,12.60%,19.00%,131.40%,"$450,026.00 ","100,000,000",100 Million,"$22,385,276.00 ",0.22,-0.6,12.6,19.0,131.4,450026.0,22385276.0,100000000.0,False,Small,0.020103660995736662,False,False
707,Mango,MNGO,0.02,0.30%,0.10%,-18.60%,17.00%,"$145,546.00 ","1,155,193,312",5 Billion,"$22,363,501.00 ",0.02,0.3,0.1,-18.6,17.0,145546.0,22363501.0,1155193312.0,False,Small,0.006508193864636847,False,False
708,Platypus USD,USP,0.50,-,-,-,-, - ,"65,437,889",65.4 Million,"$32,870,940.00 ",0.5,,,,,,32870940.0,65437889.0,False,Small,,False,False
709,Tranchess,CHESS,0.16,1.10%,-6.80%,0.10%,29.60%,"$12,083,419.00 ","138,869,649",300 Million,"$22,162,398.00 ",0.16,1.1,-6.8,0.1,29.6,12083419.0,22162398.0,138869649.0,False,Small,0.5452216407267841,True,False
710,GXChain,GXC,0.29,-0.10%,-5.10%,-5.30%,0.10%,"$1,230.00 ","75,000,000",100 Million,"$22,057,614.00 ",0.29,-0.1,-5.1,-5.3,0.1,1230.0,22057614.0,75000000.0,False,Small,5.5763057599974325e-05,False,False
711,ArbDoge AI,AIDOGE, $-   ,0.10%,-1.50%,-6.50%,-16.40%,"$2,964,903.00 ","183,247,762,510,786,000",183 Quadrillion,"$22,026,084.00 ",,0.1,-1.5,-6.5,-16.4,2964903.0,22026084.0,1.83247762510786e+17,False,Small,0.13460872118711614,False,False
712,Firo,FIRO,1.68,0.10%,-4.30%,-8.70%,8.60%,"$778,380.00 ","13,052,538",21.4 Million,"$21,966,127.00 ",1.68,0.1,-4.3,-8.7,8.6,778380.0,21966127.0,13052538.0,False,Small,0.03543546843738088,False,False
713,XPR Network,XPR, $-   ,0.30%,-2.30%,4.10%,49.60%,"$1,519,004.00 ","23,941,442,887",28.4 Billion,"$21,946,047.00 ",,0.3,-2.3,4.1,49.6,1519004.0,21946047.0,23941442887.0,False,Small,0.06921538079272317,False,False
714,Pepe 2.0,PEPE2.0, $-   ,-1.70%,-16.00%,-0.40%,285.60%,"$16,341,967.00 ","420,690,000,000,000",421 Trillion,"$21,774,872.00 ",,-1.7,-16.0,-0.4,285.6,16341967.0,21774872.0,420690000000000.0,False,Small,0.7504965815642912,True,False
715,Shiba Saga,SHIA,0.08,-0.40%,8.50%,-10.70%,37.80%,"$509,258.00 ","280,080,209",2 Billion,"$21,723,434.00 ",0.08,-0.4,8.5,-10.7,37.8,509258.0,21723434.0,280080209.0,False,Small,0.02344279454159964,False,False
716,cUNI,CUNI,0.11,-1.50%,10.70%,4.90%,30.30%,"$767,095.00 ","190,908,265",191 Million,"$21,670,281.00 ",0.11,-1.5,10.7,4.9,30.3,767095.0,21670281.0,190908265.0,False,Small,0.03539847960439461,False,False
717,Cosplay Token,COT,0.03,0.10%,1.30%,3.40%,11.20%,"$178,782.00 ","840,635,026",1 Billion,"$21,619,649.00 ",0.03,0.1,1.3,3.4,11.2,178782.0,21619649.0,840635026.0,False,Small,0.008269421950374865,False,False
718,Harvest Finance,FARM,32.26,-0.10%,-3.60%,2.70%,35.00%,"$1,795,028.00 ","669,978",705 Thousand,"$21,613,574.00 ",32.26,-0.1,-3.6,2.7,35.0,1795028.0,21613574.0,669978.0,False,Small,0.08305095677373858,False,False
719,KardiaChain,KAI, $-   ,-0.30%,-11.00%,-7.90%,-8.20%,"$156,778.00 ","4,775,000,000",5 Billion,"$21,499,178.00 ",,-0.3,-11.0,-7.9,-8.2,156778.0,21499178.0,4775000000.0,False,Small,0.007292278802473285,False,False
720,Bytom,BTM,0.01,2.50%,-9.20%,-23.00%,-60.70%,"$768,509.00 ","1,800,654,319",2.1 Billion,"$21,496,927.00 ",0.01,2.5,-9.2,-23.0,-60.7,768509.0,21496927.0,1800654319.0,False,Small,0.035749714366151035,False,False
721,Enzyme,MLN,14.78,0.30%,-4.90%,-9.20%,-2.20%,"$3,467,273.00 ","1,453,964",2.37 Million,"$21,487,096.00 ",14.78,0.3,-4.9,-9.2,-2.2,3467273.0,21487096.0,1453964.0,False,Small,0.16136536086588898,False,False
722,Kishu Inu,KISHU, $-   ,-0.90%,-2.80%,-7.50%,-19.60%,"$794,946.00 ","96,834,929,602,284,600",-,"$21,377,573.00 ",,-0.9,-2.8,-7.5,-19.6,794946.0,21377573.0,9.68349296022846e+16,False,Small,0.037185979905202525,False,False
723,NULS,NULS,0.20,0.10%,-2.60%,-5.30%,11.80%,"$1,693,214.00 ","104,791,516",126 Million,"$21,346,059.00 ",0.2,0.1,-2.6,-5.3,11.8,1693214.0,21346059.0,104791516.0,False,Small,0.07932208938427464,False,False
724,AdEx,ADX,0.15,0.30%,-4.30%,-6.40%,8.50%,"$2,882,485.00 ","142,557,534",150 Million,"$21,318,072.00 ",0.15,0.3,-4.3,-6.4,8.5,2882485.0,21318072.0,142557534.0,False,Small,0.13521321252691143,False,False
725,MAI,MIMATIC,0.77,0.00%,0.10%,1.10%,3.40%,"$145,815.00 ","27,563,987",304 Million,"$21,302,245.00 ",0.77,0.0,0.1,1.1,3.4,145815.0,21302245.0,27563987.0,False,Small,0.0068450531857088305,False,False
726,Dejitaru Tsuka,TSUKA,0.02,-1.10%,-2.80%,14.40%,32.40%,"$372,785.00 ","1,000,000,000",1 Billion,"$21,289,576.00 ",0.02,-1.1,-2.8,14.4,32.4,372785.0,21289576.0,1000000000.0,False,Small,0.017510212509633822,False,False
727,Petals,PTS, $-   ,-0.10%,-1.70%,-0.10%,-2.60%,"$25,213.00 ","14,124,978,750",100 Billion,"$21,255,096.00 ",,-0.1,-1.7,-0.1,-2.6,25213.0,21255096.0,14124978750.0,False,Small,0.0011862096506174331,False,False
728,Radiant,RXD, $-   ,4.20%,11.20%,40.30%,85.10%,"$151,665.00 ","8,368,667,953",21 Billion,"$21,219,630.00 ",,4.2,11.2,40.3,85.1,151665.0,21219630.0,8368667953.0,False,Small,0.007147391354137654,False,False
729,Gamium,GMM, $-   ,-0.80%,-5.90%,-18.00%,33.90%,"$340,298.00 ","36,925,970,004",37.9 Billion,"$21,197,342.00 ",,-0.8,-5.9,-18.0,33.9,340298.0,21197342.0,36925970004.0,False,Small,0.016053805236524468,False,False
730,Bonfida,FIDA,0.19,-0.40%,-3.50%,-7.30%,19.20%,"$5,952,987.00 ","110,521,999",1 Billion,"$21,110,155.00 ",0.19,-0.4,-3.5,-7.3,19.2,5952987.0,21110155.0,110521999.0,False,Small,0.2819963662038483,False,False
731,Pintu,PTU,0.29,0.20%,1.80%,0.60%,11.50%,"$15,120.00 ","73,700,973",300 Million,"$21,103,252.00 ",0.29,0.2,1.8,0.6,11.5,15120.0,21103252.0,73700973.0,False,Small,0.000716477251942023,False,False
732,Globiance Exchange,GBEX, $-   ,0.00%,-5.30%,-13.70%,5.00%,"$257,884.00 ","378,355,950,568,613",500 Trillion,"$20,993,142.00 ",,0.0,-5.3,-13.7,5.0,257884.0,20993142.0,378355950568613.0,False,Small,0.012284202145634035,False,False
733,Orion,ORN,0.61,-0.40%,-3.70%,-14.90%,20.40%,"$2,087,225.00 ","34,433,074",100 Million,"$20,981,439.00 ",0.61,-0.4,-3.7,-14.9,20.4,2087225.0,20981439.0,34433074.0,False,Small,0.09947959241499117,False,False
734,Silo Finance,SILO,0.08,0.20%,4.80%,5.50%,50.60%,"$98,446.00 ","273,615,313",1 Billion,"$20,880,720.00 ",0.08,0.2,4.8,5.5,50.6,98446.0,20880720.0,273615313.0,False,Small,0.004714684167978882,False,False
735,Velo,VELO, $-   ,0.40%,-2.80%,-2.00%,22.60%,"$2,316,711.00 ","7,390,475,595",24 Billion,"$20,802,072.00 ",,0.4,-2.8,-2.0,22.6,2316711.0,20802072.0,7390475595.0,False,Small,0.1113692424485407,False,False
736,Boson Protocol,BOSON,0.19,0.30%,-1.20%,-7.20%,8.40%,"$638,447.00 ","109,125,191",200 Million,"$20,776,402.00 ",0.19,0.3,-1.2,-7.2,8.4,638447.0,20776402.0,109125191.0,False,Small,0.030729430437474208,False,False
737,Ferrum Network,FRM,0.08,2.50%,-0.30%,86.80%,212.40%,"$640,126.00 ","254,818,018",597 Million,"$20,703,359.00 ",0.08,2.5,-0.3,86.8,212.4,640126.0,20703359.0,254818018.0,False,Small,0.030918944119164432,False,False
738,AXEL,AXEL,0.17,0.30%,17.90%,4.80%,14.70%,"$4,062.00 ","122,884,920",1 Billion,"$20,581,488.00 ",0.17,0.3,17.9,4.8,14.7,4062.0,20581488.0,122884920.0,False,Small,0.0001973618234016899,False,False
739,ParagonsDAO,PDT,0.16,1.60%,15.40%,20.40%,110.20%,"$314,307.00 ","124,204,333",163 Million,"$20,535,521.00 ",0.16,1.6,15.4,20.4,110.2,314307.0,20535521.0,124204333.0,False,Small,0.015305528406121276,False,False
740,Domani Protocol,DEXTF,0.32,-2.50%,-2.30%,47.70%,37.50%,"$172,452.00 ","64,807,235",100 Million,"$20,471,120.00 ",0.32,-2.5,-2.3,47.7,37.5,172452.0,20471120.0,64807235.0,False,Small,0.008424160475831317,False,False
741,HILO,HILO,0.23,0.10%,-8.60%,-25.10%,-7.80%,"$180,186.00 ","86,469,543",96.8 Million,"$20,278,507.00 ",0.23,0.1,-8.6,-25.1,-7.8,180186.0,20278507.0,86469543.0,False,Small,0.008885565391968945,False,False
742,HAVAH,HVH,0.02,-0.30%,-2.30%,-4.90%,-14.10%,"$224,455.00 ","941,132,398",5.11 Billion,"$20,204,360.00 ",0.02,-0.3,-2.3,-4.9,-14.1,224455.0,20204360.0,941132398.0,False,Small,0.011109235828306365,False,False
743,Swarm,BZZ,0.32,1.00%,8.00%,6.20%,5.20%,"$940,171.00 ","62,444,798",62.4 Million,"$20,150,862.00 ",0.32,1.0,8.0,6.2,5.2,940171.0,20150862.0,62444798.0,False,Small,0.046656614491231194,False,False
744,Advertise Coin,ADCO,0.45,0.40%,1.60%,0.80%,20.50%,"$6,610.00 ","45,000,000",50 Million,"$20,061,728.00 ",0.45,0.4,1.6,0.8,20.5,6610.0,20061728.0,45000000.0,False,Small,0.0003294830834113592,False,False
745,agEUR,AGEUR,1.09,-0.20%,-0.50%,0.60%,2.30%,"$1,413,705.00 ","18,400,096",18.4 Million,"$20,002,450.00 ",1.09,-0.2,-0.5,0.6,2.3,1413705.0,20002450.0,18400096.0,False,Small,0.07067659211746562,False,False
746,Stratos,STOS,0.74,0.70%,-5.10%,19.90%,52.50%,"$471,327.00 ","27,012,647",100 Million,"$19,917,594.00 ",0.74,0.7,-5.1,19.9,52.5,471327.0,19917594.0,27012647.0,False,Small,0.02366385217009645,False,False
747,Zignaly,ZIG,0.03,0.20%,8.50%,14.60%,212.60%,"$11,153,959.00 ","631,365,644",2 Billion,"$19,895,129.00 ",0.03,0.2,8.5,14.6,212.6,11153959.0,19895129.0,631365644.0,False,Small,0.5606376817159617,True,False
748,Castello Coin,CAST,0.10,0.60%,-1.00%,-4.40%,0.30%,"$101,698.00 ","196,245,174",440 Million,"$19,818,338.00 ",0.1,0.6,-1.0,-4.4,0.3,101698.0,19818338.0,196245174.0,False,Small,0.005131510018650404,False,False
749,Streamr,DATA,0.03,0.70%,-6.30%,-9.60%,4.70%,"$1,822,693.00 ","767,121,867",1 Billion,"$19,802,960.00 ",0.03,0.7,-6.3,-9.6,4.7,1822693.0,19802960.0,767121867.0,False,Small,0.09204144228943552,False,False
750,Vectorspace AI,VXV,0.53,1.90%,1.00%,18.40%,130.70%,"$181,272.00 ","37,971,940",50 Million,"$19,785,305.00 ",0.53,1.9,1.0,18.4,130.7,181272.0,19785305.0,37971940.0,False,Small,0.009161951256248009,False,False
751,Dust Protocol,DUST,0.59,1.90%,-9.10%,2.00%,8.40%,"$167,735.00 ","33,297,819",33.3 Million,"$19,667,563.00 ",0.59,1.9,-9.1,2.0,8.4,167735.0,19667563.0,33297819.0,False,Small,0.008528509607418062,False,False
752,OG Fan Token,OG,4.39,0.30%,-5.60%,-4.20%,5.90%,"$8,392,044.00 ","4,455,720",5 Million,"$19,600,899.00 ",4.39,0.3,-5.6,-4.2,5.9,8392044.0,19600899.0,4455720.0,False,Small,0.42814587228881695,False,False
753,Manifold Finance,FOLD,11.42,1.00%,1.60%,-13.30%,-2.70%,"$51,208.00 ","1,695,554",2 Million,"$19,346,667.00 ",11.42,1.0,1.6,-13.3,-2.7,51208.0,19346667.0,1695554.0,False,Small,0.0026468641859603,False,False
754,Nest Protocol,NEST, $-   ,4.80%,-4.30%,-15.10%,-20.00%,"$293,493.00 ","5,929,658,303",10 Billion,"$19,306,212.00 ",,4.8,-4.3,-15.1,-20.0,293493.0,19306212.0,5929658303.0,False,Small,0.01520199819622824,False,False
755,DeFi Pulse Index,DPI,88.19,0.30%,7.00%,3.20%,27.30%,"$141,525.00 ","217,742",218 Thousand,"$19,189,807.00 ",88.19,0.3,7.0,3.2,27.3,141525.0,19189807.0,217742.0,False,Small,0.007375009034744331,False,False
756,chrono.tech,TIME,26.78,4.20%,-2.00%,50.40%,87.50%,"$3,886,358.00 ","710,113",710 Thousand,"$19,082,021.00 ",26.78,4.2,-2.0,50.4,87.5,3886358.0,19082021.0,710113.0,False,Small,0.20366595341237703,False,False
757,SnailBrook,SNAIL, $-   ,-0.60%,3.80%,-8.90%,115.90%,"$26,753.00 ","80,373,015,782",100 Billion,"$19,066,678.00 ",,-0.6,3.8,-8.9,115.9,26753.0,19066678.0,80373015782.0,False,Small,0.0014031285366019187,False,False
758,Voxies,VOXEL,0.16,0.30%,-6.30%,-12.80%,11.30%,"$7,703,143.00 ","120,057,907",300 Million,"$19,056,390.00 ",0.16,0.3,-6.3,-12.8,11.3,7703143.0,19056390.0,120057907.0,False,Small,0.4042288702109896,False,False
759,Lingose,LING, $-   ,0.30%,-1.70%,1.00%,34.70%,"$311,060.00 ","4,341,666,667",10 Billion,"$19,053,200.00 ",,0.3,-1.7,1.0,34.7,311060.0,19053200.0,4341666667.0,False,Small,0.016325866521109313,False,False
760,district0x,DNT,0.03,0.00%,-1.60%,1.50%,12.20%,"$231,037.00 ","751,221,716",1 Billion,"$19,036,137.00 ",0.03,0.0,-1.6,1.5,12.2,231037.0,19036137.0,751221716.0,False,Small,0.012136758629127328,False,False
761,Alpine F1 Team Fan Token,ALPINE,1.67,-0.50%,-6.90%,-7.20%,4.70%,"$2,324,966.00 ","11,360,000",40 Million,"$19,019,088.00 ",1.67,-0.5,-6.9,-7.2,4.7,2324966.0,19019088.0,11360000.0,False,Small,0.12224382157546146,False,False
762,Kava Lend,HARD,0.14,0.40%,-5.80%,-4.20%,26.10%,"$1,611,957.00 ","134,791,668",200 Million,"$18,990,334.00 ",0.14,0.4,-5.8,-4.2,26.1,1611957.0,18990334.0,134791668.0,False,Small,0.08488302522746571,False,False
763,OctaSpace,OCTA,0.78,-1.90%,13.70%,57.00%,50.20%,"$715,931.00 ","24,323,349",24.3 Million,"$18,863,235.00 ",0.78,-1.9,13.7,57.0,50.2,715931.0,18863235.0,24323349.0,False,Small,0.03795377622131092,False,False
764,EverGrow Coin,EGC, $-   ,-0.90%,-12.00%,-12.50%,-4.20%,"$42,334.00 ","464,846,384,206,124",465 Trillion,"$18,861,548.00 ",,-0.9,-12.0,-12.5,-4.2,42334.0,18861548.0,464846384206124.0,False,Small,0.0022444605289025058,False,False
765,Streamr XDATA,XDATA,0.03,3.20%,-2.20%,-1.50%,8.40%,"$3,871.00 ","697,152,733",987 Million,"$18,857,507.00 ",0.03,3.2,-2.2,-1.5,8.4,3871.0,18857507.0,697152733.0,False,Small,0.00020527633901978667,False,False
766,HydraDX,HDX,0.01,1.80%,2.10%,5.20%,67.10%,"$24,090.00 ","2,561,833,254",4.4 Billion,"$18,845,133.00 ",0.01,1.8,2.1,5.2,67.1,24090.0,18845133.0,2561833254.0,False,Small,0.0012783141408447476,False,False
767,Poolz Finance,POOLX,3.96,1.10%,-1.20%,-3.80%,78.10%,"$1,112,252.00 ","4,753,607",5.5 Million,"$18,793,919.00 ",3.96,1.1,-1.2,-3.8,78.1,1112252.0,18793919.0,4753607.0,False,Small,0.05918148311695927,False,False
768,ONBUFF,ONIT,0.02,-0.90%,-2.00%,-3.30%,-3.30%,"$581,870.00 ","770,075,466",770 Million,"$18,786,435.00 ",0.02,-0.9,-2.0,-3.3,-3.3,581870.0,18786435.0,770075466.0,False,Small,0.030972880165928234,False,False
769,ZUSD,ZUSD,0.98,-,-,-,-, - ,"18,772,373",18.8 Million,"$18,322,475.00 ",0.98,,,,,,18322475.0,18772373.0,False,Small,,False,False
770,Media Licensing Token,MLT,0.13,0.20%,0.20%,-1.20%,47.90%,"$942,611.00 ","146,401,461",200 Million,"$18,702,597.00 ",0.13,0.2,0.2,-1.2,47.9,942611.0,18702597.0,146401461.0,False,Small,0.050400005945698344,False,False
771,VeraOne,VRO,64.72,0.70%,2.10%,1.40%,1.30%,"$23,384.00 ","289,445",289 Thousand,"$18,684,374.00 ",64.72,0.7,2.1,1.4,1.3,23384.0,18684374.0,289445.0,False,Small,0.001251527078188437,False,False
772,Yield App,YLD,0.07,0.10%,2.10%,-0.20%,8.70%,"$219,241.00 ","256,945,231",300 Million,"$18,627,938.00 ",0.07,0.1,2.1,-0.2,8.7,219241.0,18627938.0,256945231.0,False,Small,0.011769472284049905,False,False
773,Velodrome Finance,VELO,0.05,0.70%,0.40%,-10.70%,31.30%,"$1,726,210.00 ","392,411,927",1.32 Billion,"$18,588,061.00 ",0.05,0.7,0.4,-10.7,31.3,1726210.0,18588061.0,392411927.0,False,Small,0.09286659861940415,False,False
774,IX Swap,IXS,0.12,-0.60%,31.10%,138.30%,915.80%,"$523,695.00 ","148,778,152",180 Million,"$18,455,715.00 ",0.12,-0.6,31.1,138.3,915.8,523695.0,18455715.0,148778152.0,False,Small,0.02837576327982958,False,False
775,DXdao,DXD,787.28,0.50%,1.40%,0.60%,17.80%,"$12,531.00 ","23,470",149 Thousand,"$18,452,146.00 ",787.28,0.5,1.4,0.6,17.8,12531.0,18452146.0,23470.0,False,Small,0.0006791080018551771,False,False
776,Electronic USD,EUSD,1.00,0.00%,0.00%,0.00%,-0.30%,"$62,995.00 ","18,378,167",18.4 Million,"$18,333,106.00 ",1.0,0.0,0.0,0.0,-0.3,62995.0,18333106.0,18378167.0,False,Small,0.003436133517146522,False,False
777,Findora,FRA, $-   ,-0.40%,1.40%,6.60%,7.10%,"$485,647.00 ","10,071,077,426",21 Billion,"$18,329,168.00 ",,-0.4,1.4,6.6,7.1,485647.0,18329168.0,10071077426.0,False,Small,0.02649585622217004,False,False
778,Botto,BOTTO,0.42,0.50%,5.10%,22.80%,204.40%,"$258,009.00 ","43,028,240",97.6 Million,"$18,250,625.00 ",0.42,0.5,5.1,22.8,204.4,258009.0,18250625.0,43028240.0,False,Small,0.01413699530837985,False,False
779,Indigo Protocol,INDY,2.16,-0.40%,0.10%,1.10%,19.10%,"$134,179.00 ","8,408,239",35 Million,"$18,208,332.00 ",2.16,-0.4,0.1,1.1,19.1,134179.0,18208332.0,8408239.0,False,Small,0.0073690989377829886,False,False
780,Orbcity,ORB,0.10,-2.50%,-8.40%,-9.20%,119.70%,"$142,858.00 ","189,550,912",1 Billion,"$18,191,044.00 ",0.1,-2.5,-8.4,-9.2,119.7,142858.0,18191044.0,189550912.0,False,Small,0.007853205126654633,False,False
781,GooseFX,GOFX,0.07,8.20%,50.00%,111.80%,3364.30%,"$125,384.00 ","279,708,787",699 Million,"$18,129,101.00 ",0.07,8.2,50.0,111.8,3364.3,125384.0,18129101.0,279708787.0,False,Small,0.006916173063407832,False,True
782,XEN Crypto,XEN, $-   ,0.50%,-1.70%,-17.00%,-24.60%,"$3,100,240.00 ","34,958,972,534,320",35 Trillion,"$18,112,372.00 ",,0.5,-1.7,-17.0,-24.6,3100240.0,18112372.0,34958972534320.0,False,Small,0.17116697912344114,False,False
783,RAMP [OLD],RAMP,0.05,7.20%,0.70%,3.40%,-19.40%,$542.00 ,"410,961,782",1 Billion,"$18,060,443.00 ",0.05,7.2,0.7,3.4,-19.4,542.0,18060443.0,410961782.0,False,Small,3.0010338063136105e-05,False,False
784,Propy,PRO,0.31,-0.50%,-4.60%,3.20%,26.20%,"$558,606.00 ","57,896,591",100 Million,"$18,042,617.00 ",0.31,-0.5,-4.6,3.2,26.2,558606.0,18042617.0,57896591.0,False,Small,0.03096036456352202,False,False
785,Crust Network,CRU,0.63,-0.50%,-0.10%,-12.60%,23.60%,"$727,637.00 ","28,870,890",30.1 Million,"$18,042,670.00 ",0.63,-0.5,-0.1,-12.6,23.6,727637.0,18042670.0,28870890.0,False,Small,0.04032867640986617,False,False
786,Serum,SRM,0.05,0.30%,10.40%,-21.40%,44.40%,"$2,206,070.00 ","372,782,297",1.09 Billion,"$17,811,797.00 ",0.05,0.3,10.4,-21.4,44.4,2206070.0,17811797.0,372782297.0,False,Small,0.12385443198123132,False,False
787,RMRK,RMRK,1.88,0.50%,1.10%,-8.20%,17.60%,"$244,960.00 ","9,500,000",10 Million,"$17,755,494.00 ",1.88,0.5,1.1,-8.2,17.6,244960.0,17755494.0,9500000.0,False,Small,0.01379629313608509,False,False
788,Premia,PREMIA,0.51,0.70%,12.60%,13.00%,11.30%,"$98,526.00 ","34,477,241",100 Million,"$17,672,070.00 ",0.51,0.7,12.6,13.0,11.3,98526.0,17672070.0,34477241.0,False,Small,0.0055752382148780534,False,False
789,Tokocrypto,TKO,0.24,-0.50%,-7.40%,-12.00%,11.40%,"$4,152,328.00 ","75,000,000",500 Million,"$17,633,635.00 ",0.24,-0.5,-7.4,-12.0,11.4,4152328.0,17633635.0,75000000.0,False,Small,0.23547771063651934,False,False
790,Volt Inu,VOLT, $-   ,-0.40%,-1.80%,-11.60%,15.30%,"$533,341.00 ","62,263,131,613,878",69 Trillion,"$17,610,651.00 ",,-0.4,-1.8,-11.6,15.3,533341.0,17610651.0,62263131613878.0,False,Small,0.030285138238217314,False,False
791,FUSION,FSN,0.23,-0.10%,-3.70%,5.30%,23.70%,"$196,641.00 ","75,722,763",76.3 Million,"$17,579,928.00 ",0.23,-0.1,-3.7,5.3,23.7,196641.0,17579928.0,75722763.0,False,Small,0.011185540691634232,False,False
792,Index Coop - ETH 2x Flexible Leverage Index,ETH2X-FLI,13.35,-0.10%,3.80%,1.00%,40.70%,"$119,092.00 ","1,315,242",1.32 Million,"$17,550,131.00 ",13.35,-0.1,3.8,1.0,40.7,119092.0,17550131.0,1315242.0,False,Small,0.006785818293891938,False,False
793,Aladdin DAO,ALD,0.12,-0.30%,-5.90%,18.60%,228.00%,"$125,026.00 ","145,949,760",146 Million,"$17,443,112.00 ",0.12,-0.3,-5.9,18.6,228.0,125026.0,17443112.0,145949760.0,False,Small,0.00716764302149754,False,False
794,MELD [OLD],MELD,0.01,-0.30%,2.00%,4.20%,14.00%,"$8,054.00 ","1,481,934,719",4 Billion,"$17,428,685.00 ",0.01,-0.3,2.0,4.2,14.0,8054.0,17428685.0,1481934719.0,False,Small,0.0004621117427964301,False,False
795,Railgun,RAIL,0.30,-0.10%,-6.80%,-8.90%,16.30%,"$469,695.00 ","57,500,000",57.5 Million,"$17,285,033.00 ",0.3,-0.1,-6.8,-8.9,16.3,469695.0,17285033.0,57500000.0,False,Small,0.02717350901210313,False,False
796,Itheum,ITHEUM,0.02,-0.20%,-1.40%,-10.60%,33.90%,"$83,717.00 ","736,250,000",1 Billion,"$17,224,311.00 ",0.02,-0.2,-1.4,-10.6,33.9,83717.0,17224311.0,736250000.0,False,Small,0.0048603976089377394,False,False
797,Hacken,HAI,0.03,0.50%,0.70%,-3.80%,29.90%,"$625,279.00 ","645,974,359",1 Billion,"$17,222,063.00 ",0.03,0.5,0.7,-3.8,29.9,625279.0,17222063.0,645974359.0,False,Small,0.036306858243405564,False,False
798,SpaceN,SN,0.43,-0.60%,2.20%,11.70%,7.20%,"$25,635.00 ","40,010,000",1 Billion,"$17,202,445.00 ",0.43,-0.6,2.2,11.7,7.2,25635.0,17202445.0,40010000.0,False,Small,0.0014901951437717139,False,False
799,dForce,DF,0.03,0.70%,-2.70%,-7.90%,4.80%,"$813,288.00 ","490,560,320",1 Billion,"$17,145,459.00 ",0.03,0.7,-2.7,-7.9,4.8,813288.0,17145459.0,490560320.0,False,Small,0.04743460061349189,False,False
800,KOMPETE,KOMPETE,0.03,0.50%,-1.50%,9.70%,39.00%,"$66,277.00 ","676,137,487",851 Million,"$17,113,575.00 ",0.03,0.5,-1.5,9.7,39.0,66277.0,17113575.0,676137487.0,False,Small,0.0038727735145929476,False,False
801,Stafi,FIS,0.30,0.20%,-5.20%,-13.20%,14.40%,"$2,112,315.00 ","56,340,000",114 Million,"$17,057,927.00 ",0.3,0.2,-5.2,-13.2,14.4,2112315.0,17057927.0,56340000.0,False,Small,0.12383187007424759,False,False
802,Dora Factory,DORA,0.03,-0.20%,5.30%,10.80%,74.80%,"$880,783.00 ","537,277,116",1 Billion,"$17,016,889.00 ",0.03,-0.2,5.3,10.8,74.8,880783.0,17016889.0,537277116.0,False,Small,0.051759343320626934,False,False
803,Crypto Gladiator League,CGL,0.01,0.30%,3.10%,-12.40%,45.40%,"$828,410.00 ","2,108,193,785",3.1 Billion,"$17,012,587.00 ",0.01,0.3,3.1,-12.4,45.4,828410.0,17012587.0,2108193785.0,False,Small,0.04869394642919387,False,False
804,MATH,MATH,0.10,7.70%,-13.80%,9.60%,46.20%,"$1,474,295.00 ","171,869,862",200 Million,"$16,998,915.00 ",0.1,7.7,-13.8,9.6,46.2,1474295.0,16998915.0,171869862.0,False,Small,0.08672877063036082,False,False
805,Bad Idea AI,BAD, $-   ,1.70%,-1.40%,-18.80%,-30.70%,"$1,117,178.00 ","530,443,243,120,826",831 Trillion,"$16,992,634.00 ",,1.7,-1.4,-18.8,-30.7,1117178.0,16992634.0,530443243120826.0,False,Small,0.06574483979352465,False,False
806,XANA,XETA,0.01,-0.30%,-3.10%,12.00%,54.10%,"$854,371.00 ","1,660,166,667",4.93 Billion,"$16,960,565.00 ",0.01,-0.3,-3.1,12.0,54.1,854371.0,16960565.0,1660166667.0,False,Small,0.05037397044261202,False,False
807,Coinmetro,XCM,0.06,0.00%,6.20%,19.00%,6.00%,"$1,749.00 ","302,267,836",329 Million,"$16,946,628.00 ",0.06,0.0,6.2,19.0,6.0,1749.0,16946628.0,302267836.0,False,Small,0.00010320637238275366,False,False
808,MAP Protocol,MAP,0.01,-0.10%,-0.60%,-5.30%,2.40%,"$585,779.00 ","2,228,621,190",10 Billion,"$16,921,090.00 ",0.01,-0.1,-0.6,-5.3,2.4,585779.0,16921090.0,2228621190.0,False,Small,0.03461827813692853,False,False
809,Manchester City Fan Token,CITY,2.79,0.00%,-4.10%,-4.90%,2.90%,"$1,110,236.00 ","6,025,421",20 Million,"$16,800,302.00 ",2.79,0.0,-4.1,-4.9,2.9,1110236.0,16800302.0,6025421.0,False,Small,0.06608428824672319,False,False
810,Netvrk,NTVRK,0.27,2.30%,1.90%,-3.90%,290.70%,"$202,666.00 ","62,781,144",100 Million,"$16,765,492.00 ",0.27,2.3,1.9,-3.9,290.7,202666.0,16765492.0,62781144.0,False,Small,0.012088282288405255,False,False
811,AirSwap,AST,0.09,-0.30%,-4.20%,-9.30%,10.90%,"$831,422.00 ","180,102,121",500 Million,"$16,763,791.00 ",0.09,-0.3,-4.2,-9.3,10.9,831422.0,16763791.0,180102121.0,False,Small,0.04959629954823464,False,False
812,UniLend Finance,UFT,0.27,0.00%,-4.10%,-10.50%,10.50%,"$2,299,122.00 ","62,330,000",100 Million,"$16,717,569.00 ",0.27,0.0,-4.1,-10.5,10.5,2299122.0,16717569.0,62330000.0,False,Small,0.13752729239520411,False,False
813,NvirWorld,NVIR,0.01,-0.90%,-1.50%,4.00%,-27.40%,"$1,897,505.00 ","1,121,804,492",10.7 Billion,"$16,692,490.00 ",0.01,-0.9,-1.5,4.0,-27.4,1897505.0,16692490.0,1121804492.0,False,Small,0.11367417323598816,False,False
814,00 Token,0,0.07,0.20%,-1.50%,-2.20%,8.50%,"$38,545.00 ","232,688,485",1 Billion,"$16,643,977.00 ",0.07,0.2,-1.5,-2.2,8.5,38545.0,16643977.0,232688485.0,False,Small,0.002315852755624452,False,False
815,Yuan Chain Coin,YCC, $-   ,0.30%,7.50%,3.00%,30.00%,$443.00 ,"4,961,514,173",10 Billion,"$16,641,111.00 ",,0.3,7.5,3.0,30.0,443.0,16641111.0,4961514173.0,False,Small,2.6620818766247038e-05,False,False
816,Iron Bank EUR,IBEUR,1.07,-0.20%,-0.80%,-1.00%,2.00%,"$287,804.00 ","15,500,000",15.5 Million,"$16,609,722.00 ",1.07,-0.2,-0.8,-1.0,2.0,287804.0,16609722.0,15500000.0,False,Small,0.017327442325645186,False,False
817,StrikeX,STRX,0.02,-0.30%,-4.10%,-13.60%,-10.50%,"$13,733.00 ","802,768,054",887 Million,"$16,525,325.00 ",0.02,-0.3,-4.1,-13.6,-10.5,13733.0,16525325.0,802768054.0,False,Small,0.0008310275289593397,False,False
818,Stargaze,STARS,0.01,-4.40%,-9.00%,-16.80%,82.80%,"$103,760.00 ","1,436,147,925",2.43 Billion,"$16,520,325.00 ",0.01,-4.4,-9.0,-16.8,82.8,103760.0,16520325.0,1436147925.0,False,Small,0.006280748108769047,False,False
819,Bitcicoin,BITCI, $-   ,0.10%,0.60%,1.20%,-17.70%,"$781,631.00 ","7,654,450,322",20.8 Billion,"$16,501,949.00 ",,0.1,0.6,1.2,-17.7,781631.0,16501949.0,7654450322.0,False,Small,0.04736598083050675,False,False
820,Veloce,VEXT,0.41,0.70%,4.00%,13.40%,-15.40%,"$3,421,842.00 ","40,564,794",46.2 Million,"$16,484,451.00 ",0.41,0.7,4.0,13.4,-15.4,3421842.0,16484451.0,40564794.0,False,Small,0.20757997946064446,False,False
821,Pangolin,PNG,0.08,-1.20%,-0.80%,-19.40%,320.90%,"$714,372.00 ","194,195,778",538 Million,"$16,478,777.00 ",0.08,-1.2,-0.8,-19.4,320.9,714372.0,16478777.0,194195778.0,False,Small,0.04335103266462068,False,False
822,Numbers Protocol,NUM,0.03,-1.20%,6.90%,45.30%,71.30%,"$884,724.00 ","489,923,767",513 Million,"$16,439,397.00 ",0.03,-1.2,6.9,45.3,71.3,884724.0,16439397.0,489923767.0,False,Small,0.053817302422953836,False,False
823,Hera Finance,HERA,4.36,-1.00%,-0.60%,-17.40%,-15.00%,"$55,909.00 ","3,766,000",10 Million,"$16,400,420.00 ",4.36,-1.0,-0.6,-17.4,-15.0,55909.0,16400420.0,3766000.0,False,Small,0.0034089980622447474,False,False
824,bZx Protocol,BZRX,0.02,-,-,-,-, - ,"807,165,982",1.03 Billion,"$16,411,499.00 ",0.02,,,,,,16411499.0,807165982.0,False,Small,,False,False
825,VIDT DAO,VIDT,0.02,0.00%,-5.00%,-12.10%,16.20%,"$1,455,213.00 ","770,011,370",1 Billion,"$16,316,720.00 ",0.02,0.0,-5.0,-12.1,16.2,1455213.0,16316720.0,770011370.0,False,Small,0.08918538774949868,False,False
826,VEED,VEED, $-   ,0.60%,-12.70%,-4.70%,25.60%,"$7,187.00 ","5,566,374,466",100 Billion,"$16,291,679.00 ",,0.6,-12.7,-4.7,25.6,7187.0,16291679.0,5566374466.0,False,Small,0.000441145446089381,False,False
827,Overnight.fi USD+,USD+,1.00,-0.10%,0.30%,0.30%,0.30%,"$1,886,833.00 ","16,108,258",16.1 Million,"$16,119,483.00 ",1.0,-0.1,0.3,0.3,0.3,1886833.0,16119483.0,16108258.0,False,Small,0.11705294766587737,False,False
828,Efinity,EFI,0.07,0.00%,-1.50%,-4.10%,40.10%,"$16,067.00 ","243,241,777",2 Billion,"$16,089,796.00 ",0.07,0.0,-1.5,-4.1,40.1,16067.0,16089796.0,243241777.0,False,Small,0.000998583201427787,False,False
829,Thales,THALES,0.32,0.10%,-0.20%,1.10%,0.80%,"$138,281.00 ","49,715,692",97.8 Million,"$16,029,215.00 ",0.32,0.1,-0.2,1.1,0.8,138281.0,16029215.0,49715692.0,False,Small,0.008626810483233271,False,False
830,GAMEE,GMEE,0.02,0.00%,-2.00%,-1.20%,584.00%,"$1,209,096.00 ","651,675,033",3.18 Billion,"$15,920,647.00 ",0.02,0.0,-2.0,-1.2,584.0,1209096.0,15920647.0,651675033.0,False,Small,0.0759451547415127,False,False
831,Gifto,GFT,0.02,0.40%,-3.40%,-21.90%,-3.40%,"$4,293,505.00 ","1,000,000,000",1 Billion,"$15,903,913.00 ",0.02,0.4,-3.4,-21.9,-3.4,4293505.0,15903913.0,1000000000.0,False,Small,0.2699653223706644,False,False
832,rETH2,RETH2,"2,007.41",0.60%,1.70%,0.80%,20.60%,$994.00 ,"7,908",7.92 Thousand,"$15,875,155.00 ",2007.41,0.6,1.7,0.8,20.6,994.0,15875155.0,7908.0,False,Small,6.26135618833328e-05,False,False
833,Circuits of Value,COVAL,0.01,-0.60%,-0.60%,10.40%,30.20%,"$517,237.00 ","1,784,838,484",1.78 Billion,"$15,861,804.00 ",0.01,-0.6,-0.6,10.4,30.2,517237.0,15861804.0,1784838484.0,False,Small,0.03260896427669892,False,False
834,Kyber Network Crystal Legacy,KNCL,0.73,-1.90%,-4.60%,-11.60%,24.40%,"$262,910.00 ","21,485,273",23.4 Million,"$15,845,420.00 ",0.73,-1.9,-4.6,-11.6,24.4,262910.0,15845420.0,21485273.0,False,Small,0.016592176161944586,False,False
835,ShapeShift FOX,FOX,0.03,0.30%,1.70%,-2.60%,24.20%,"$259,848.00 ","607,887,499",1 Billion,"$15,740,861.00 ",0.03,0.3,1.7,-2.6,24.2,259848.0,15740861.0,607887499.0,False,Small,0.01650786446815076,False,False
836,Hourglass,WAIT,0.16,-0.90%,15.30%,-3.60%,84.60%,"$211,073.00 ","97,959,725",98 Million,"$15,741,662.00 ",0.16,-0.9,15.3,-3.6,84.6,211073.0,15741662.0,97959725.0,False,Small,0.013408558765904134,False,False
837,Stake DAO,SDT,0.29,-0.10%,3.00%,5.30%,2.70%,"$33,512.00 ","53,365,965",63 Million,"$15,661,527.00 ",0.29,-0.1,3.0,5.3,2.7,33512.0,15661527.0,53365965.0,False,Small,0.002139765809553564,False,False
838,Unibright,UBT,0.10,0.10%,-1.70%,-20.80%,73.70%,"$82,633.00 ","150,000,000",150 Million,"$15,579,492.00 ",0.1,0.1,-1.7,-20.8,73.7,82633.0,15579492.0,150000000.0,False,Small,0.005303959846701035,False,False
839,pNetwork,PNT,0.20,-2.50%,4.60%,30.50%,61.20%,"$36,027,540.00 ","74,408,229",88 Million,"$15,518,990.00 ",0.2,-2.5,4.6,30.5,61.2,36027540.0,15518990.0,74408229.0,False,Small,2.321513191257936,True,False
840,Saito,SAITO,0.01,-0.10%,1.80%,-9.10%,8.80%,"$71,210.00 ","2,132,604,084",3 Billion,"$15,483,663.00 ",0.01,-0.1,1.8,-9.1,8.8,71210.0,15483663.0,2132604084.0,False,Small,0.004599040937535259,False,False
841,TENET,TENET,0.08,-0.60%,1.10%,-12.20%,29.80%,"$1,653,139.00 ","184,448,451",1.2 Billion,"$15,372,049.00 ",0.08,-0.6,1.1,-12.2,29.8,1653139.0,15372049.0,184448451.0,False,Small,0.10754187681811318,False,False
842,Hydra,HYDRA,0.72,-0.10%,-1.50%,-13.40%,43.20%,"$100,606.00 ","21,220,305",∞,"$15,367,838.00 ",0.72,-0.1,-1.5,-13.4,43.2,100606.0,15367838.0,21220305.0,False,Small,0.006546529186473725,False,False
843,Katana Inu,KATA, $-   ,2.20%,-4.40%,-13.10%,54.90%,"$1,504,054.00 ","25,527,960,312",50 Billion,"$15,337,500.00 ",,2.2,-4.4,-13.1,54.9,1504054.0,15337500.0,25527960312.0,False,Small,0.0980638304808476,False,False
844,Xpense,XPE,0.73,1.60%,32.50%,506.00%,1961.00%,"$1,380,863.00 ","21,075,828",21.1 Million,"$15,322,846.00 ",0.73,1.6,32.5,506.0,1961.0,1380863.0,15322846.0,21075828.0,False,Small,0.09011791934735884,False,True
845,Decimated,DIO,0.04,1.20%,18.00%,68.50%,421.20%,"$214,213.00 ","404,783,310",1 Billion,"$15,308,654.00 ",0.04,1.2,18.0,68.5,421.2,214213.0,15308654.0,404783310.0,False,Small,0.013992934976517204,False,False
846,Colony,CLY,0.16,0.80%,-2.00%,76.60%,243.50%,"$353,229.00 ","96,153,217",150 Million,"$15,256,414.00 ",0.16,0.8,-2.0,76.6,243.5,353229.0,15256414.0,96153217.0,False,Small,0.02315281952888798,False,False
847,Crypto Carbon Energy,CYCE,0.75,-0.10%,0.10%,0.90%,3.90%,"$1,346,959.00 ","20,276,652",42 Million,"$15,220,778.00 ",0.75,-0.1,0.1,0.9,3.9,1346959.0,15220778.0,20276652.0,False,Small,0.08849475368473281,False,False
848,Shiden Network,SDN,0.24,-0.40%,0.30%,-9.60%,37.10%,"$388,461.00 ","64,192,876",83.4 Million,"$15,165,158.00 ",0.24,-0.4,0.3,-9.6,37.1,388461.0,15165158.0,64192876.0,False,Small,0.02561536121153502,False,False
849,MANTRA,OM,0.02,0.40%,-4.20%,-10.30%,10.30%,"$2,158,852.00 ","699,557,405",889 Million,"$15,130,718.00 ",0.02,0.4,-4.2,-10.3,10.3,2158852.0,15130718.0,699557405.0,False,Small,0.142680076385007,False,False
850,Interest Compounding ETH Index,ICETH,"2,180.63",0.40%,1.30%,1.00%,21.00%,"$17,021.00 ","6,931",6.93 Thousand,"$15,113,364.00 ",2180.63,0.4,1.3,1.0,21.0,17021.0,15113364.0,6931.0,False,Small,0.0011262217994617214,False,False
851,Battle World,BWO,0.03,-1.50%,-8.40%,-6.90%,5.60%,"$175,334.00 ","436,093,163",1 Billion,"$15,112,759.00 ",0.03,-1.5,-8.4,-6.9,5.6,175334.0,15112759.0,436093163.0,False,Small,0.011601720109478355,False,False
852,PlayZap,PZP,0.45,2.80%,22.50%,-6.40%,123.00%,"$660,685.00 ","33,357,660",150 Million,"$15,106,822.00 ",0.45,2.8,22.5,-6.4,123.0,660685.0,15106822.0,33357660.0,False,Small,0.04373421491297111,False,False
853,Strips Finance,STRP,0.50,-1.10%,-11.20%,-12.50%,63.30%,"$38,646.00 ","30,282,607",100 Million,"$15,103,492.00 ",0.5,-1.1,-11.2,-12.5,63.3,38646.0,15103492.0,30282607.0,False,Small,0.0025587460171462334,False,False
854,Aleph.im,ALEPH,0.08,0.00%,-3.60%,13.20%,28.10%,"$161,181.00 ","186,431,941",500 Million,"$15,090,508.00 ",0.08,0.0,-3.6,13.2,28.1,161181.0,15090508.0,186431941.0,False,Small,0.01068095255640168,False,False
855,Origin Dollar,OUSD,1.00,-0.10%,-0.20%,0.10%,-0.10%,"$1,351,326.00 ","15,117,031",15.1 Million,"$15,086,189.00 ",1.0,-0.1,-0.2,0.1,-0.1,1351326.0,15086189.0,15117031.0,False,Small,0.0895737154028761,False,False
856,FIO Protocol,FIO,0.02,0.20%,-4.20%,-9.30%,8.30%,"$982,055.00 ","723,791,561",1 Billion,"$15,083,477.00 ",0.02,0.2,-4.2,-9.3,8.3,982055.0,15083477.0,723791561.0,False,Small,0.06510799863983616,False,False
857,Shido,SHIDO, $-   ,12.40%,5.10%,-19.90%,82.00%,"$1,240,726.00 ","9,884,378,866",13 Billion,"$15,065,477.00 ",,12.4,5.1,-19.9,82.0,1240726.0,15065477.0,9884378866.0,False,Small,0.0823555736071284,False,False
858,RabbitX,RBX,0.06,-0.60%,-0.40%,-22.70%,111.70%,"$301,016.00 ","253,727,797",1 Billion,"$15,046,723.00 ",0.06,-0.6,-0.4,-22.7,111.7,301016.0,15046723.0,253727797.0,False,Small,0.02000541912016324,False,False
859,Unidef,U, $-   ,-0.10%,-8.60%,-11.40%,-8.20%,"$1,986.00 ","172,259,933,000",792 Billion,"$14,918,392.00 ",,-0.1,-8.6,-11.4,-8.2,1986.0,14918392.0,172259933000.0,False,Small,0.0001331242670121552,False,False
860,Dogechain,DC, $-   ,0.60%,-6.70%,-13.70%,13.90%,"$12,892,764.00 ","23,772,652,780",170 Billion,"$14,897,797.00 ",,0.6,-6.7,-13.7,13.9,12892764.0,14897797.0,23772652780.0,False,Small,0.8654141280083223,True,False
861,Celo Euro,CEUR,1.08,0.20%,-4.20%,-1.50%,1.00%,"$105,308.00 ","13,691,888",11 Million,"$14,863,947.00 ",1.08,0.2,-4.2,-1.5,1.0,105308.0,14863947.0,13691888.0,False,Small,0.007084793830333222,False,False
862,SOLVE,SOLVE,0.02,1.70%,0.00%,-0.90%,1.40%,"$1,041,985.00 ","670,000,000",1 Billion,"$14,852,098.00 ",0.02,1.7,0.0,-0.9,1.4,1041985.0,14852098.0,670000000.0,False,Small,0.07015742826367022,False,False
863,Ovr,OVR,0.29,0.10%,-6.40%,15.20%,37.10%,"$840,513.00 ","51,265,344",87.8 Million,"$14,798,567.00 ",0.29,0.1,-6.4,15.2,37.1,840513.0,14798567.0,51265344.0,False,Small,0.05679691824215142,False,False
864,Avalaunch,XAVA,0.43,-0.40%,-3.00%,-0.90%,142.70%,"$443,926.00 ","34,383,322",100 Million,"$14,770,090.00 ",0.43,-0.4,-3.0,-0.9,142.7,443926.0,14770090.0,34383322.0,False,Small,0.030055741027982905,False,False
865,Dagger,XDAG,0.01,3.80%,-2.60%,17.50%,133.10%,"$40,913.00 ","1,227,401,792",1.45 Billion,"$14,735,908.00 ",0.01,3.8,-2.6,17.5,133.1,40913.0,14735908.0,1227401792.0,False,Small,0.002776415270779378,False,False
866,UX Chain,UX, $-   ,0.20%,-7.60%,1.40%,79.70%,"$234,081.00 ","4,432,500,000",12 Billion,"$14,729,098.00 ",,0.2,-7.6,1.4,79.7,234081.0,14729098.0,4432500000.0,False,Small,0.01589241920992039,False,False
867,Santos FC Fan Token,SANTOS,2.86,0.40%,-7.40%,-5.40%,8.30%,"$4,833,980.00 ","5,146,061",30 Million,"$14,708,628.00 ",2.86,0.4,-7.4,-5.4,8.3,4833980.0,14708628.0,5146061.0,False,Small,0.3286492798648521,False,False
868,Cere Network,CERE, $-   ,0.20%,-3.70%,2.10%,5.40%,"$435,285.00 ","4,479,500,531",10 Billion,"$14,648,083.00 ",,0.2,-3.7,2.1,5.4,435285.0,14648083.0,4479500531.0,False,Small,0.02971617514728719,False,False
869,Step App,FITFI,0.01,1.30%,-8.80%,33.40%,46.60%,"$23,198,765.00 ","2,261,772,429",4.6 Billion,"$14,645,095.00 ",0.01,1.3,-8.8,33.4,46.6,23198765.0,14645095.0,2261772429.0,False,Small,1.5840638111258412,True,False
870,BSCPAD,BSCPAD,0.18,-0.60%,-3.00%,-6.80%,85.60%,"$407,640.00 ","79,211,621",176 Million,"$14,646,322.00 ",0.18,-0.6,-3.0,-6.8,85.6,407640.0,14646322.0,79211621.0,False,Small,0.027832243480649953,False,False
871,Verified USD,USDV,1.00,0.00%,0.10%,-0.20%,,"$2,508,246.00 ","14,631,468",14.6 Million,"$14,603,260.00 ",1.0,0.0,0.1,-0.2,,2508246.0,14603260.0,14631468.0,False,Small,0.17175931949441425,False,False
872,Ethix,ETHIX,0.21,1.10%,-0.10%,-1.00%,-3.40%,$985.00 ,"70,480,465",100 Million,"$14,581,555.00 ",0.21,1.1,-0.1,-1.0,-3.4,985.0,14581555.0,70480465.0,False,Small,6.75510945163256e-05,False,False
873,Dimitra,DMTR,0.04,0.30%,5.00%,-19.50%,92.50%,"$458,288.00 ","402,375,593",471 Million,"$14,550,274.00 ",0.04,0.3,5.0,-19.5,92.5,458288.0,14550274.0,402375593.0,False,Small,0.03149686390785493,False,False
874,Bitrue Coin,BTR,0.05,-1.10%,0.00%,-12.50%,59.80%,"$8,328,068.00 ","275,953,625",801 Million,"$14,547,386.00 ",0.05,-1.1,0.0,-12.5,59.8,8328068.0,14547386.0,275953625.0,False,Small,0.5724786569903348,True,False
875,Inverse Finance,INV,33.95,0.60%,3.10%,11.90%,5.20%,"$226,849.00 ","423,218",480 Thousand,"$14,348,633.00 ",33.95,0.6,3.1,11.9,5.2,226849.0,14348633.0,423218.0,False,Small,0.01580979874528814,False,False
876,Jesus Coin,JESUS, $-   ,0.10%,4.30%,-1.10%,83.70%,"$364,455.00 ","156,533,918,921,921",778 Trillion,"$14,344,357.00 ",,0.1,4.3,-1.1,83.7,364455.0,14344357.0,156533918921921.0,False,Small,0.02540755225208073,False,False
877,Magpie,MGP,0.05,0.00%,-4.30%,2.60%,140.50%,"$107,147.00 ","288,871,254",1 Billion,"$14,339,790.00 ",0.05,0.0,-4.3,2.6,140.5,107147.0,14339790.0,288871254.0,False,Small,0.007472006214874834,False,False
878,Buying.com,BUY,0.02,-1.30%,1.50%,14.10%,14.70%,"$361,960.00 ","614,994,216",987 Million,"$14,336,069.00 ",0.02,-1.3,1.5,14.1,14.7,361960.0,14336069.0,614994216.0,False,Small,0.025248204371784204,False,False
879,Phantasma,SOUL,0.12,0.70%,-2.40%,-12.20%,78.60%,"$178,738.00 ","122,261,300",122 Million,"$14,277,864.00 ",0.12,0.7,-2.4,-12.2,78.6,178738.0,14277864.0,122261300.0,False,Small,0.0125185391876544,False,False
880,StorX,SRX,0.04,0.20%,-0.20%,-6.50%,-13.10%,"$325,424.00 ","385,111,549",583 Million,"$14,255,773.00 ",0.04,0.2,-0.2,-6.5,-13.1,325424.0,14255773.0,385111549.0,False,Small,0.022827523979232833,False,False
881,Juventus Fan Token,JUV,2.38,-0.10%,-6.30%,-2.10%,22.90%,"$3,730,822.00 ","5,979,107",20 Million,"$14,249,505.00 ",2.38,-0.1,-6.3,-2.1,22.9,3730822.0,14249505.0,5979107.0,False,Small,0.2618211650159076,False,False
882,blockbank,BBANK,0.04,-0.30%,2.80%,-20.70%,94.60%,"$493,169.00 ","384,399,734",400 Million,"$14,240,953.00 ",0.04,-0.3,2.8,-20.7,94.6,493169.0,14240953.0,384399734.0,False,Small,0.034630336888268644,False,False
883,Rarible,RARI,1.24,-0.60%,-0.90%,-8.50%,45.90%,"$520,639.00 ","11,578,870",25 Million,"$14,221,365.00 ",1.24,-0.6,-0.9,-8.5,45.9,520639.0,14221365.0,11578870.0,False,Small,0.036609636276123986,False,False
884,Lazio Fan Token,LAZIO,1.75,0.50%,-7.60%,-7.70%,4.20%,"$2,776,542.00 ","8,062,919",40 Million,"$14,111,999.00 ",1.75,0.5,-7.6,-7.7,4.2,2776542.0,14111999.0,8062919.0,False,Small,0.1967504391121343,False,False
885,ThetaDrop,TDROP, $-   ,-0.10%,-4.10%,-8.40%,7.70%,"$45,439.00 ","11,050,797,860",11.1 Billion,"$14,109,571.00 ",,-0.1,-4.1,-8.4,7.7,45439.0,14109571.0,11050797860.0,False,Small,0.003220438098365996,False,False
886,Propchain,PROPC,1.95,1.80%,-0.40%,7.40%,28.40%,"$496,031.00 ","7,217,320",90 Million,"$14,071,514.00 ",1.95,1.8,-0.4,7.4,28.4,496031.0,14071514.0,7217320.0,False,Small,0.03525072000070497,False,False
887,MXC,MXC,0.01,-1.00%,-4.80%,-7.20%,-3.40%,"$1,393,989.00 ","2,437,203,515",2.66 Billion,"$14,042,911.00 ",0.01,-1.0,-4.8,-7.2,-3.4,1393989.0,14042911.0,2437203515.0,False,Small,0.09926638429881098,False,False
888,Shina Inu,SHI, $-   ,-0.80%,-1.50%,23.60%,32.10%,"$181,942.00 ","14,034,511,227,460",14.5 Trillion,"$14,032,833.00 ",,-0.8,-1.5,23.6,32.1,181942.0,14032833.0,14034511227460.0,False,Small,0.012965450383397279,False,False
889,AVINOC,AVINOC,0.08,-0.20%,-0.10%,-11.30%,-22.30%,"$70,770.00 ","167,018,564",1 Billion,"$14,035,236.00 ",0.08,-0.2,-0.1,-11.3,-22.3,70770.0,14035236.0,167018564.0,False,Small,0.005042309228003006,False,False
890,Mute,MUTE,0.35,1.00%,-9.40%,-1.90%,21.50%,"$309,288.00 ","40,000,000",40 Million,"$14,014,555.00 ",0.35,1.0,-9.4,-1.9,21.5,309288.0,14014555.0,40000000.0,False,Small,0.0220690560634997,False,False
891,XDEFI,XDEFI,0.14,0.50%,2.10%,-14.80%,283.80%,"$215,577.00 ","100,616,471",240 Million,"$13,909,601.00 ",0.14,0.5,2.1,-14.8,283.8,215577.0,13909601.0,100616471.0,False,Small,0.015498431622876889,False,False
892,Stader BNBx,BNBX,248.33,-0.40%,-9.50%,-8.00%,5.90%,"$1,224,640.00 ","55,927",-,"$13,888,660.00 ",248.33,-0.4,-9.5,-8.0,5.9,1224640.0,13888660.0,55927.0,False,Small,0.08817553313278603,False,False
893,Decentral Games,DG,0.02,0.20%,-4.50%,-22.60%,29.70%,"$188,273.00 ","745,493,906",745 Million,"$13,857,452.00 ",0.02,0.2,-4.5,-22.6,29.7,188273.0,13857452.0,745493906.0,False,Small,0.013586408237243037,False,False
894,Spool,SPOOL,0.35,0.30%,1.40%,-2.30%,35.70%,"$99,505.00 ","39,673,676",140 Million,"$13,807,566.00 ",0.35,0.3,1.4,-2.3,35.7,99505.0,13807566.0,39673676.0,False,Small,0.007206556173622491,False,False
895,GYEN,GYEN,0.01,0.10%,-0.90%,0.80%,-0.60%,"$56,322.00 ","2,054,883,680",2.05 Billion,"$13,782,482.00 ",0.01,0.1,-0.9,0.8,-0.6,56322.0,13782482.0,2054883680.0,False,Small,0.0040864918234611155,False,False
896,Revolution Populi,RVP,0.01,1.00%,-2.40%,39.10%,44.20%,"$23,575.00 ","1,200,000,000",2 Billion,"$13,771,666.00 ",0.01,1.0,-2.4,39.1,44.2,23575.0,13771666.0,1200000000.0,False,Small,0.0017118480799636006,False,False
897,Syntropy,NOIA,0.03,0.20%,-4.30%,-10.70%,41.60%,"$584,670.00 ","479,487,714",1 Billion,"$13,742,442.00 ",0.03,0.2,-4.3,-10.7,41.6,584670.0,13742442.0,479487714.0,False,Small,0.04254484028384475,False,False
898,Socean Staked Sol,SCNSOL,63.06,0.70%,-2.50%,-9.80%,85.80%,"$38,591.00 ","218,184",668 Thousand,"$13,737,442.00 ",63.06,0.7,-2.5,-9.8,85.8,38591.0,13737442.0,218184.0,False,Small,0.002809183834952679,False,False
899,HOPR,HOPR,0.03,0.20%,-0.20%,-5.50%,-7.70%,"$331,869.00 ","402,270,721",424 Million,"$13,710,569.00 ",0.03,0.2,-0.2,-5.5,-7.7,331869.0,13710569.0,402270721.0,False,Small,0.02420534114959051,False,False
900,Everdome,DOME, $-   ,0.50%,-3.30%,-5.20%,8.40%,"$576,760.00 ","25,175,541,480",100 Billion,"$13,695,444.00 ",,0.5,-3.3,-5.2,8.4,576760.0,13695444.0,25175541480.0,False,Small,0.04211327504241556,False,False
901,Tap,XTP, $-   ,-3.30%,9.00%,-19.90%,-40.50%,"$328,048.00 ","3,777,481,820",10 Billion,"$13,691,290.00 ",,-3.3,9.0,-19.9,-40.5,328048.0,13691290.0,3777481820.0,False,Small,0.02396034267041309,False,False
902,ResearchCoin,RSC,0.16,3.10%,14.80%,179.80%,1028.20%,"$924,106.00 ","83,447,738",1 Billion,"$13,677,725.00 ",0.16,3.1,14.8,179.8,1028.2,924106.0,13677725.0,83447738.0,False,Small,0.0675628439671071,False,True
903,PinkSale,PINKSALE,136.46,-0.50%,-2.20%,-8.30%,7.60%,$20.34 ,"100,000",100 Thousand,"$13,646,093.00 ",136.46,-0.5,-2.2,-8.3,7.6,20.34,13646093.0,100000.0,False,Small,1.4905365220653267e-06,False,False
904,Divi,DIVI, $-   ,0.10%,-6.70%,-9.80%,107.60%,"$163,093.00 ","3,656,357,891",-,"$13,605,526.00 ",,0.1,-6.7,-9.8,107.6,163093.0,13605526.0,3656357891.0,False,Small,0.011987261646480996,False,False
905,Solanium,SLIM,0.14,0.10%,1.70%,-21.80%,238.00%,"$1,072,176.00 ","97,500,000",100 Million,"$13,519,618.00 ",0.14,0.1,1.7,-21.8,238.0,1072176.0,13519618.0,97500000.0,False,Small,0.07930519930370813,False,False
906,Shiba Predator,QOM, $-   ,-0.10%,-0.40%,4.30%,-11.60%,"$32,957.00 ","599,999,999,999,999",600 Trillion,"$13,518,323.00 ",,-0.1,-0.4,4.3,-11.6,32957.0,13518323.0,599999999999999.0,False,Small,0.0024379503286021498,False,False
907,Vite,VITE,0.01,0.70%,-5.90%,-11.60%,5.10%,"$802,472.00 ","1,035,494,586",1.08 Billion,"$13,511,571.00 ",0.01,0.7,-5.9,-11.6,5.1,802472.0,13511571.0,1035494586.0,False,Small,0.05939146528556894,False,False
908,DIMO,DIMO,0.09,-0.50%,3.40%,-4.20%,5.60%,"$65,878.00 ","148,342,459",1 Billion,"$13,507,437.00 ",0.09,-0.5,3.4,-4.2,5.6,65878.0,13507437.0,148342459.0,False,Small,0.004877165075802315,False,False
909,GPEX,GPX,0.23,4.60%,0.30%,-13.10%,-21.10%,"$1,075.00 ","64,007,952",1 Billion,"$13,498,332.00 ",0.23,4.6,0.3,-13.1,-21.1,1075.0,13498332.0,64007952.0,False,Small,7.963946952853137e-05,False,False
910,NFT Worlds,WRLD,0.02,0.20%,-2.10%,-3.10%,-29.80%,"$38,867.00 ","548,933,562",5 Billion,"$13,448,443.00 ",0.02,0.2,-2.1,-3.1,-29.8,38867.0,13448443.0,548933562.0,False,Small,0.0028900743379735483,False,False
911,Cream,CREAM,17.48,0.30%,-5.40%,-19.60%,10.90%,"$2,123,148.00 ","766,535",9 Million,"$13,400,202.00 ",17.48,0.3,-5.4,-19.6,10.9,2123148.0,13400202.0,766535.0,False,Small,0.1584414921506407,False,False
912,Seedify NFT Space,SNFTS, $-   ,-1.00%,7.00%,3.10%,134.70%,"$34,526.00 ","4,524,999,996",20 Billion,"$13,392,269.00 ",,-1.0,7.0,3.1,134.7,34526.0,13392269.0,4524999996.0,False,Small,0.002578054547739446,False,False
913,PolySwarm,NCT,0.01,-1.40%,-3.50%,0.00%,-1.00%,"$372,684.00 ","1,726,500,781",1.89 Billion,"$13,385,816.00 ",0.01,-1.4,-3.5,0.0,-1.0,372684.0,13385816.0,1726500781.0,False,Small,0.02784170946321091,False,False
914,Tornado Cash,TORN,3.53,-1.40%,-3.70%,-3.30%,17.70%,"$1,460,169.00 ","3,784,814",10 Million,"$13,374,427.00 ",3.53,-1.4,-3.7,-3.3,17.7,1460169.0,13374427.0,3784814.0,False,Small,0.10917619124916529,False,False
915,Somnium Space CUBEs,CUBE,0.90,-0.30%,0.20%,-1.90%,26.40%,"$21,820.00 ","14,842,905",40.1 Million,"$13,360,948.00 ",0.9,-0.3,0.2,-1.9,26.4,21820.0,13360948.0,14842905.0,False,Small,0.0016331176500350125,False,False
916,sBTC,SBTC,"36,504.84",0.60%,-0.40%,-1.20%,18.50%,"$1,103,130.00 ",363,. M,"$13,242,091.00 ",36504.84,0.6,-0.4,-1.2,18.5,1103130.0,13242091.0,363.0,False,Small,0.08330481945789377,False,False
917,Tokemak,TOKE,0.62,-0.70%,19.90%,43.70%,69.30%,"$716,893.00 ","21,368,286",100 Million,"$13,239,446.00 ",0.62,-0.7,19.9,43.7,69.3,716893.0,13239446.0,21368286.0,False,Small,0.054148262699209616,False,False
918,Ellipsis [OLD],EPS,0.02,-0.50%,-8.30%,-8.20%,1.50%,"$4,100.00 ","698,445,817",724 Million,"$13,233,978.00 ",0.02,-0.5,-8.3,-8.2,1.5,4100.0,13233978.0,698445817.0,False,Small,0.00030980858514348446,False,False
919,Red Kite,PKF,0.09,0.20%,-0.70%,-0.50%,45.20%,"$406,889.00 ","142,412,138",200 Million,"$13,228,574.00 ",0.09,0.2,-0.7,-0.5,45.2,406889.0,13228574.0,142412138.0,False,Small,0.030758341753238105,False,False
920,Gamma Strategies,GAMMA,0.21,0.10%,-0.50%,36.40%,107.00%,"$198,997.00 ","62,166,673",100 Million,"$13,209,720.00 ",0.21,0.1,-0.5,36.4,107.0,198997.0,13209720.0,62166673.0,False,Small,0.01506443739912731,False,False
921,Alkimi,$ADS,0.10,-0.10%,6.80%,13.70%,48.90%,"$564,271.00 ","135,848,407",250 Million,"$12,985,580.00 ",0.1,-0.1,6.8,13.7,48.9,564271.0,12985580.0,135848407.0,False,Small,0.043453661677029444,False,False
922,Push Protocol,PUSH,0.22,0.00%,-1.40%,-1.70%,27.10%,"$304,714.00 ","58,601,647",100 Million,"$12,961,402.00 ",0.22,0.0,-1.4,-1.7,27.1,304714.0,12961402.0,58601647.0,False,Small,0.02350933949892149,False,False
923,Datamall Coin,DMC,0.03,-0.10%,-4.90%,-6.00%,19.40%,"$181,200.00 ","382,957,904",497 Million,"$12,908,891.00 ",0.03,-0.1,-4.9,-6.0,19.4,181200.0,12908891.0,382957904.0,False,Small,0.014036837091582847,False,False
924,r/CryptoCurrency Moons,MOON,0.16,2.90%,-1.20%,-42.90%,358.20%,"$432,072.00 ","81,235,285",81.2 Million,"$12,885,878.00 ",0.16,2.9,-1.2,-42.9,358.2,432072.0,12885878.0,81235285.0,False,Small,0.03353066046411428,False,False
925,LimeWire,LMWR,0.27,-10.20%,8.20%,45.80%,226.30%,"$2,559,442.00 ","48,654,993",911 Million,"$12,882,633.00 ",0.27,-10.2,8.2,45.8,226.3,2559442.0,12882633.0,48654993.0,False,Small,0.19867382700415356,False,False
926,Dogami,DOGA,0.04,-10.90%,76.30%,90.90%,392.90%,"$1,489,104.00 ","362,743,680",1 Billion,"$12,831,728.00 ",0.04,-10.9,76.3,90.9,392.9,1489104.0,12831728.0,362743680.0,False,Small,0.11604859454626844,False,False
927,Empyreal,EMP,42.77,-0.70%,-2.10%,-7.10%,41.00%,"$333,182.00 ","300,000",300 Thousand,"$12,809,191.00 ",42.77,-0.7,-2.1,-7.1,41.0,333182.0,12809191.0,300000.0,False,Small,0.026011166513170113,False,False
928,SaucerSwap,SAUCE,0.02,-0.10%,-3.50%,4.90%,29.30%,"$466,340.00 ","551,169,619",1 Billion,"$12,808,795.00 ",0.02,-0.1,-3.5,4.9,29.3,466340.0,12808795.0,551169619.0,False,Small,0.03640779636179672,False,False
929,MASQ,MASQ,0.37,0.30%,8.90%,1.90%,63.60%,"$244,262.00 ","34,379,475",37.5 Million,"$12,764,968.00 ",0.37,0.3,8.9,1.9,63.6,244262.0,12764968.0,34379475.0,False,Small,0.019135339783068788,False,False
930,Spheroid Universe,SPH,0.01,0.00%,-2.00%,9.70%,4.00%,"$89,264.00 ","2,166,097,109",2.17 Billion,"$12,728,515.00 ",0.01,0.0,-2.0,9.7,4.0,89264.0,12728515.0,2166097109.0,False,Small,0.007012915489355985,False,False
931,QASH,QASH,0.02,-0.40%,-9.10%,-9.60%,20.70%,"$28,324.00 ","813,106,196",1 Billion,"$12,720,407.00 ",0.02,-0.4,-9.1,-9.6,20.7,28324.0,12720407.0,813106196.0,False,Small,0.0022266583136844598,False,False
932,WINR Protocol,WINR,0.06,4.50%,4.30%,-28.50%,35.90%,"$840,378.00 ","201,838,618",229 Million,"$12,687,780.00 ",0.06,4.5,4.3,-28.5,35.9,840378.0,12687780.0,201838618.0,False,Small,0.06623522791221159,False,False
933,Drep,DREP,0.26,0.10%,-3.00%,-8.40%,2.10%,"$1,243,588.00 ","48,737,500",100 Million,"$12,685,833.00 ",0.26,0.1,-3.0,-8.4,2.1,1243588.0,12685833.0,48737500.0,False,Small,0.09802966821335264,False,False
934,BurgerCities,BURGER,0.38,0.50%,-5.50%,-7.60%,12.50%,"$2,717,025.00 ","33,259,000",46.7 Million,"$12,543,796.00 ",0.38,0.5,-5.5,-7.6,12.5,2717025.0,12543796.0,33259000.0,False,Small,0.21660309207834694,False,False
935,GameZone,GZONE,0.03,0.70%,-10.80%,-9.70%,67.70%,"$55,393.00 ","419,898,874",420 Million,"$12,494,734.00 ",0.03,0.7,-10.8,-9.7,67.7,55393.0,12494734.0,419898874.0,False,Small,0.004433307663852627,False,False
936,Yoshi.exchange,YOSHI,0.04,-0.30%,2.10%,-2.70%,15.40%,"$61,872.00 ","275,435,849",153 Million,"$12,491,793.00 ",0.04,-0.3,2.1,-2.7,15.4,61872.0,12491793.0,275435849.0,False,Small,0.004953011949525581,False,False
937,PIP,PIP,0.09,-0.50%,2.60%,38.50%,72.90%,"$753,626.00 ","134,120,150",1 Billion,"$12,490,880.00 ",0.09,-0.5,2.6,38.5,72.9,753626.0,12490880.0,134120150.0,False,Small,0.0603340997591843,False,False
938,Wise,WISE,0.14,0.60%,1.20%,3.60%,21.60%,"$25,265.00 ","87,794,417",543 Million,"$12,460,711.00 ",0.14,0.6,1.2,3.6,21.6,25265.0,12460711.0,87794417.0,False,Small,0.0020275729049490034,False,False
939,Arsenal Fan Token,AFC,1.28,0.00%,-1.60%,-3.20%,6.40%,"$337,906.00 ","9,736,421",40 Million,"$12,421,800.00 ",1.28,0.0,-1.6,-3.2,6.4,337906.0,12421800.0,9736421.0,False,Small,0.027202659839958784,False,False
940,Bitrock,BROCK,0.12,0.30%,-6.70%,-32.80%,67.90%,"$515,074.00 ","100,000,000",100 Million,"$12,412,552.00 ",0.12,0.3,-6.7,-32.8,67.9,515074.0,12412552.0,100000000.0,False,Small,0.0414962209221762,False,False
941,Viberate,VIB,0.07,-0.10%,-5.20%,-8.70%,14.60%,"$4,960,138.00 ","182,563,874",200 Million,"$12,381,400.00 ",0.07,-0.1,-5.2,-8.7,14.6,4960138.0,12381400.0,182563874.0,False,Small,0.4006120471029124,False,False
942,YUSD Stablecoin,YUSD,1.00,0.10%,0.00%,-0.10%,-0.10%,"$9,249.00 ","12,376,105",12.4 Million,"$12,358,239.00 ",1.0,0.1,0.0,-0.1,-0.1,9249.0,12358239.0,12376105.0,False,Small,0.0007484076007916662,False,False
943,Galactic Quadrant,GQ, $-   ,0.10%,-7.40%,-11.00%,49.50%,"$1,982,694.00 ","5,650,156,050",5.96 Billion,"$12,301,685.00 ",,0.1,-7.4,-11.0,49.5,1982694.0,12301685.0,5650156050.0,False,Small,0.16117255481667755,False,False
944,LitLab Games,LITT,0.03,-2.30%,3.30%,191.50%,797.90%,"$1,322,582.00 ","403,842,306",3 Billion,"$12,224,613.00 ",0.03,-2.3,3.3,191.5,797.9,1322582.0,12224613.0,403842306.0,False,Small,0.1081900915799952,False,False
945,AS Roma Fan Token,ASR,2.27,0.70%,-5.30%,-5.10%,4.40%,"$1,118,161.00 ","5,374,420",10 Million,"$12,181,011.00 ",2.27,0.7,-5.3,-5.1,4.4,1118161.0,12181011.0,5374420.0,False,Small,0.09179541829491822,False,False
946,Hathor,HTR,0.05,0.00%,-0.80%,-12.90%,24.30%,"$356,735.00 ","248,739,376",869 Million,"$12,177,151.00 ",0.05,0.0,-0.8,-12.9,24.3,356735.0,12177151.0,248739376.0,False,Small,0.029295440288126508,False,False
947,Galatasaray Fan Token,GAL,1.74,0.20%,-1.70%,-1.90%,-6.80%,"$507,412.00 ","6,993,329",9.98 Million,"$12,157,679.00 ",1.74,0.2,-1.7,-1.9,-6.8,507412.0,12157679.0,6993329.0,False,Small,0.04173592673404192,False,False
948,eUSD (OLD),EUSD,1.04,0.00%,0.00%,-1.50%,-1.70%,$167.00 ,"11,659,603",11.7 Million,"$12,106,606.00 ",1.04,0.0,0.0,-1.5,-1.7,167.0,12106606.0,11659603.0,False,Small,1.3794121985963696e-05,False,False
949,Kleros,PNK,0.02,0.60%,1.50%,9.10%,18.40%,"$147,999.00 ","724,189,581",765 Million,"$12,050,643.00 ",0.02,0.6,1.5,9.1,18.4,147999.0,12050643.0,724189581.0,False,Small,0.012281419340030237,False,False
950,Witnet,WIT,0.01,-0.10%,15.80%,23.60%,88.20%,"$280,710.00 ","1,278,774,207",2.5 Billion,"$12,036,161.00 ",0.01,-0.1,15.8,23.6,88.2,280710.0,12036161.0,1278774207.0,False,Small,0.023322220432245796,False,False
951,Handshake,HNS,0.02,0.80%,2.90%,3.80%,31.00%,"$72,648.00 ","617,190,168",2.04 Billion,"$12,025,982.00 ",0.02,0.8,2.9,3.8,31.0,72648.0,12025982.0,617190168.0,False,Small,0.006040920400512823,False,False
952,Fei USD,FEI,0.96,0.30%,-5.00%,-3.30%,-4.00%,"$3,436.00 ","12,516,375",12.8 Million,"$12,004,177.00 ",0.96,0.3,-5.0,-3.3,-4.0,3436.0,12004177.0,12516375.0,False,Small,0.00028623370015287176,False,False
953,Fuse,FUSE,0.05,0.80%,-3.30%,-1.70%,26.60%,"$805,019.00 ","242,721,421",360 Million,"$11,936,672.00 ",0.05,0.8,-3.3,-1.7,26.6,805019.0,11936672.0,242721421.0,False,Small,0.06744082437717984,False,False
954,STEPN Green Satoshi Token on Solana,GST-SOL,0.01,-1.10%,-0.20%,-0.30%,64.10%,"$728,286.00 ","900,523,933",911 Million,"$11,910,310.00 ",0.01,-1.1,-0.2,-0.3,64.1,728286.0,11910310.0,900523933.0,False,Small,0.061147526806607046,False,False
955,SENATE,SENATE,0.12,-1.10%,6.20%,18.90%,529.60%,"$427,616.00 ","97,710,712",192 Million,"$11,832,391.00 ",0.12,-1.1,6.2,18.9,529.6,427616.0,11832391.0,97710712.0,False,Small,0.0361394413014242,False,False
956,Grai,GRAI,0.99,0.10%,-0.20%,-0.40%,0.10%,"$1,825,032.00 ","11,935,214",11.9 Million,"$11,770,734.00 ",0.99,0.1,-0.2,-0.4,0.1,1825032.0,11770734.0,11935214.0,False,Small,0.1550482748144678,False,False
957,TrustSwap,SWAP,0.12,0.10%,-4.20%,-2.30%,29.80%,"$626,669.00 ","99,995,164",100 Million,"$11,740,221.00 ",0.12,0.1,-4.2,-2.3,29.8,626669.0,11740221.0,99995164.0,False,Small,0.05337795600270216,False,False
958,Nimiq,NIM, $-   ,-0.50%,3.30%,2.10%,-1.90%,"$315,462.00 ","11,393,856,179",8.89 Billion,"$11,692,999.00 ",,-0.5,3.3,2.1,-1.9,315462.0,11692999.0,11393856179.0,False,Small,0.026978707515497094,False,False
959,WigoSwap,WIGO,0.01,-2.10%,-5.30%,57.80%,363.50%,"$599,128.00 ","1,555,315,054",1.66 Billion,"$11,657,475.00 ",0.01,-2.1,-5.3,57.8,363.5,599128.0,11657475.0,1555315054.0,False,Small,0.051394319953506226,False,False
960,Areon Network,AREA,0.16,0.30%,0.60%,0.40%,-2.90%,"$632,772.00 ","74,115,303",500 Million,"$11,648,602.00 ",0.16,0.3,0.6,0.4,-2.9,632772.0,11648602.0,74115303.0,False,Small,0.054321711738455826,False,False
961,Bitcoin Diamond,BCD,0.06,-0.70%,-6.80%,0.70%,15.70%,"$45,109.00 ","188,156,898",210 Million,"$11,589,458.00 ",0.06,-0.7,-6.8,0.7,15.7,45109.0,11589458.0,188156898.0,False,Small,0.0038922441411841694,False,False
962,ISKRA Token,ISK,0.18,-0.80%,-10.10%,12.80%,-8.50%,"$211,957.00 ","65,020,373",1 Billion,"$11,537,568.00 ",0.18,-0.8,-10.1,12.8,-8.5,211957.0,11537568.0,65020373.0,False,Small,0.018371029319177144,False,False
963,veCRV-DAO yVault,YVE-CRVDAO,0.56,,2.50%,-4.50%,9.20%,"$1,935.00 ","20,499,621",20.5 Million,"$11,527,066.00 ",0.56,,2.5,-4.5,9.2,1935.0,11527066.0,20499621.0,False,Small,0.00016786578648894697,False,False
964,Cap,CAP,115.36,1.40%,3.30%,4.90%,36.90%,"$9,150.00 ","100,000",100 Thousand,"$11,517,129.00 ",115.36,1.4,3.3,4.9,36.9,9150.0,11517129.0,100000.0,False,Small,0.0007944688298620256,False,False
965,Bolide,BLID,0.01,-0.30%,0.20%,-0.80%,-7.00%,"$35,366.00 ","2,106,371,668",9.99 Billion,"$11,509,461.00 ",0.01,-0.3,0.2,-0.8,-7.0,35366.0,11509461.0,2106371668.0,False,Small,0.003072776388051534,False,False
966,Step Finance,STEP,0.03,0.80%,-11.60%,-14.30%,46.50%,"$131,498.00 ","376,595,871",630 Million,"$11,476,271.00 ",0.03,0.8,-11.6,-14.3,46.5,131498.0,11476271.0,376595871.0,False,Small,0.011458251552268154,False,False
967,Electronic Gulden,EFL,0.55,0.20%,13.80%,152.00%,172.30%,$163.00 ,"20,997,704",21 Million,"$11,475,026.00 ",0.55,0.2,13.8,152.0,172.3,163.0,11475026.0,20997704.0,False,Small,1.4204760843243405e-05,False,False
968,ICHI,ICHI,1.62,-0.20%,-0.40%,-8.90%,-5.40%,"$294,193.00 ","7,027,084",10 Million,"$11,429,827.00 ",1.62,-0.2,-0.4,-8.9,-5.4,294193.0,11429827.0,7027084.0,False,Small,0.025739059742549034,False,False
969,Gearbox,GEAR,0.01,0.90%,0.50%,-4.30%,62.20%,"$924,590.00 ","1,660,201,607",10 Billion,"$11,361,709.00 ",0.01,0.9,0.5,-4.3,62.2,924590.0,11361709.0,1660201607.0,False,Small,0.08137772231272601,False,False
970,Goldcoin,GLC,0.01,0.20%,-3.10%,-4.70%,-4.50%,$890.00 ,"1,145,006,327",72.2 Million,"$11,329,883.00 ",0.01,0.2,-3.1,-4.7,-4.5,890.0,11329883.0,1145006327.0,False,Small,7.855332663188136e-05,False,False
971,Presearch,PRE,0.03,-0.40%,-4.00%,0.90%,13.50%,"$48,051.00 ","396,578,435",500 Million,"$11,301,831.00 ",0.03,-0.4,-4.0,0.9,13.5,48051.0,11301831.0,396578435.0,False,Small,0.004251611973316536,False,False
972,Ben,BEN, $-   ,-9.70%,-8.20%,8.20%,-41.60%,"$559,260.00 ","420,690,000,000,000",421 Trillion,"$11,291,121.00 ",,-9.7,-8.2,8.2,-41.6,559260.0,11291121.0,420690000000000.0,False,Small,0.04953095445527508,False,False
973,WXT Token,WXT, $-   ,-0.60%,-1.00%,-2.60%,-1.30%,"$146,244.00 ","2,300,499,975",10 Billion,"$11,285,728.00 ",,-0.6,-1.0,-2.6,-1.3,146244.0,11285728.0,2300499975.0,False,Small,0.01295831336711287,False,False
974,Clearpool,CPOOL,0.03,-2.10%,-5.80%,6.20%,52.10%,"$588,782.00 ","447,747,750",1 Billion,"$11,283,047.00 ",0.03,-2.1,-5.8,6.2,52.1,588782.0,11283047.0,447747750.0,False,Small,0.05218288995871417,False,False
975,renBTC,RENBTC,"36,990.57",0.10%,25.70%,0.60%,19.40%,"$28,166.00 ",304,. M,"$11,259,084.00 ",36990.57,0.1,25.7,0.6,19.4,28166.0,11259084.0,304.0,False,Small,0.0025016244660755705,False,False
976,Roko Network,ROKO, $-   ,-6.10%,32.20%,84.80%,262.70%,"$448,226.00 ","194,159,405,485",369 Billion,"$11,245,935.00 ",,-6.1,32.2,84.8,262.7,448226.0,11245935.0,194159405485.0,False,Small,0.03985671266995586,False,False
977,ZKSpace,ZKS,0.05,1.60%,8.60%,6.00%,35.50%,"$1,190,704.00 ","223,450,000",1 Billion,"$11,245,313.00 ",0.05,1.6,8.6,6.0,35.5,1190704.0,11245313.0,223450000.0,False,Small,0.10588446937848685,False,False
978,GET Protocol,GET,0.90,1.80%,12.10%,-9.60%,1.90%,"$81,920.00 ","12,521,349",22.9 Million,"$11,215,099.00 ",0.9,1.8,12.1,-9.6,1.9,81920.0,11215099.0,12521349.0,False,Small,0.007304438418243121,False,False
979,Vesta Finance,VSTA,0.50,0.60%,2.50%,-0.70%,4.10%,"$19,763.00 ","22,407,705",100 Million,"$11,196,235.00 ",0.5,0.6,2.5,-0.7,4.1,19763.0,11196235.0,22407705.0,False,Small,0.0017651469444862492,False,False
980,Cryptex Finance,CTX,2.14,-3.20%,3.70%,18.00%,160.70%,"$247,112.00 ","5,227,082",10 Million,"$11,195,583.00 ",2.14,-3.2,3.7,18.0,160.7,247112.0,11195583.0,5227082.0,False,Small,0.0220722761824909,False,False
981,USDX,USDX,0.92,-0.20%,-1.10%,-3.00%,-3.30%,"$323,223.00 ","111,572,256",112 Million,"$13,984,023.00 ",0.92,-0.2,-1.1,-3.0,-3.3,323223.0,13984023.0,111572256.0,False,Small,0.0231137348672839,False,False
982,SWFTCOIN,SWFTC, $-   ,0.80%,-4.00%,4.40%,15.60%,"$2,435,791.00 ","8,958,999,999",10 Billion,"$11,144,182.00 ",,0.8,-4.0,4.4,15.6,2435791.0,11144182.0,8958999999.0,False,Small,0.21857064071638457,False,False
983,Unisocks,SOCKS,"37,634.21",-,-,-,-, - ,299,. M,"$11,252,361.00 ",37634.21,,,,,,11252361.0,299.0,False,Small,,False,False
984,WeWay,WWY, $-   ,-0.10%,-1.50%,0.30%,46.10%,"$47,359.00 ","2,820,890,878",7 Billion,"$11,086,319.00 ",,-0.1,-1.5,0.3,46.1,47359.0,11086319.0,2820890878.0,False,Small,0.004271841717706301,False,False
985,Asymetrix,ASX,2.17,0.10%,25.70%,105.70%,797.20%,"$78,052.00 ","5,112,959",100 Million,"$11,080,731.00 ",2.17,0.1,25.7,105.7,797.2,78052.0,11080731.0,5112959.0,False,Small,0.00704393961012139,False,False
986,BABB,BAX, $-   ,0.90%,-3.30%,-21.60%,-30.10%,"$150,947.00 ","79,661,666,666",80 Billion,"$11,054,766.00 ",,0.9,-3.3,-21.6,-30.1,150947.0,11054766.0,79661666666.0,False,Small,0.0136544726500769,False,False
987,ONINO,ONI,0.33,-1.50%,5.60%,183.10%,204.70%,"$410,098.00 ","33,133,144",100 Million,"$11,023,343.00 ",0.33,-1.5,5.6,183.1,204.7,410098.0,11023343.0,33133144.0,False,Small,0.037202688875779336,False,False
988,Atletico Madrid Fan Token,ATM,2.59,0.30%,-9.80%,1.20%,11.20%,"$5,422,814.00 ","4,268,647",10 Million,"$11,000,046.00 ",2.59,0.3,-9.8,1.2,11.2,5422814.0,11000046.0,4268647.0,False,Small,0.49298102935205906,False,False
989,holoride,RIDE,0.01,0.00%,-6.90%,-14.50%,22.10%,"$244,342.00 ","750,543,483",1 Billion,"$10,987,183.00 ",0.01,0.0,-6.9,-14.5,22.1,244342.0,10987183.0,750543483.0,False,Small,0.022238821361216975,False,False
990,AC Milan Fan Token,ACM,1.82,0.30%,-3.60%,-4.00%,2.70%,"$1,224,940.00 ","6,027,812",20 Million,"$10,963,647.00 ",1.82,0.3,-3.6,-4.0,2.7,1224940.0,10963647.0,6027812.0,False,Small,0.11172742062928513,False,False
991,Bitcoin 2,BTC2,0.61,0.00%,0.40%,11.20%,99.70%,"$1,274.00 ","17,954,380",18 Million,"$10,927,950.00 ",0.61,0.0,0.4,11.2,99.7,1274.0,10927950.0,17954380.0,False,Small,0.00011658179255944619,False,False
992,RAI Finance,SOFI,0.02,4.00%,-3.70%,0.70%,4.10%,"$586,336.00 ","470,650,000",1 Billion,"$10,910,366.00 ",0.02,4.0,-3.7,0.7,4.1,586336.0,10910366.0,470650000.0,False,Small,0.05374118521780113,False,False
993,CateCoin,CATE, $-   ,-0.80%,-10.60%,-13.30%,34.00%,"$52,974.00 ","34,378,628,154,281",100 Trillion,"$10,902,744.00 ",,-0.8,-10.6,-13.3,34.0,52974.0,10902744.0,34378628154281.0,False,Small,0.0048587768363633965,False,False
994,Talken,TALK,0.05,0.30%,-1.30%,-5.90%,0.90%,"$434,934.00 ","203,144,787",500 Million,"$10,895,322.00 ",0.05,0.3,-1.3,-5.9,0.9,434934.0,10895322.0,203144787.0,False,Small,0.039919334187644935,False,False
995,Dexalot,ALOT,0.45,-0.30%,-4.30%,-11.30%,55.00%,"$10,760.00 ","24,271,557",100 Million,"$10,844,921.00 ",0.45,-0.3,-4.3,-11.3,55.0,10760.0,10844921.0,24271557.0,False,Small,0.0009921695141900987,False,False
996,Ethereum Meta,ETHM, $-   ,-0.10%,4.10%,2.70%,23.30%,"$4,731.00 ","1,000,991,099,000,000,000",1000 Quadrillion,"$10,759,447.00 ",,-0.1,4.1,2.7,23.3,4731.0,10759447.0,1.000991099e+18,False,Small,0.00043970661317445034,False,False
997,Swarm Markets,SMT,0.18,-0.10%,14.80%,27.00%,142.70%,"$190,773.00 ","60,914,132",245 Million,"$10,751,558.00 ",0.18,-0.1,14.8,27.0,142.7,190773.0,10751558.0,60914132.0,False,Small,0.017743753975005296,False,False
998,Real Smurf Cat,ШАЙЛУШАЙ, $-   ,-16.90%,-16.70%,-6.70%,97.30%,"$826,561.00 ","100,000,000,000",100 Billion,"$10,743,462.00 ",,-16.9,-16.7,-6.7,97.3,826561.0,10743462.0,100000000000.0,False,Small,0.0769361868641598,False,False
999,Genopets,GENE,0.33,0.80%,0.90%,-12.20%,129.60%,"$62,625.00 ","32,181,006",100 Million,"$10,699,886.00 ",0.33,0.8,0.9,-12.2,129.6,62625.0,10699886.0,32181006.0,False,Small,0.005852866095956536,False,False
1000,APF coin,APFC,0.19,-0.20%,-0.30%,6.80%,-0.90%,"$322,091.00 ","56,821,262",250 Million,"$10,675,320.00 ",0.19,-0.2,-0.3,6.8,-0.9,322091.0,10675320.0,56821262.0,False,Small,0.030171554576349936,False,False
1001,Scallop,SCLP,0.16,-0.50%,-3.90%,-2.90%,23.10%,"$1,209,811.00 ","64,883,044",100 Million,"$10,670,546.00 ",0.16,-0.5,-3.9,-2.9,23.1,1209811.0,10670546.0,64883044.0,False,Small,0.11337854688972804,False,False
1002,Sipher,SIPHER,0.11,0.20%,0.40%,5.80%,101.90%,"$57,269.00 ","94,356,017",114 Million,"$10,632,614.00 ",0.11,0.2,0.4,5.8,101.9,57269.0,10632614.0,94356017.0,False,Small,0.005386163741108254,False,False
1003,FEG BSC,FEG, $-   ,-1.30%,-9.20%,-7.30%,-18.70%,"$81,461.00 ","49,999,998,931",50 Billion,"$10,533,756.00 ",,-1.3,-9.2,-7.3,-18.7,81461.0,10533756.0,49999998931.0,False,Small,0.007733328928446795,False,False
1004,Index Cooperative,INDEX,1.57,-3.20%,-6.60%,20.60%,78.20%,"$258,307.00 ","6,726,859",10 Million,"$10,518,451.00 ",1.57,-3.2,-6.6,20.6,78.2,258307.0,10518451.0,6726859.0,False,Small,0.02455751326882637,False,False
1005,Sovryn,SOV,0.28,0.00%,-8.30%,-9.90%,20.90%,"$136,943.00 ","37,246,490",100 Million,"$10,463,380.00 ",0.28,0.0,-8.3,-9.9,20.9,136943.0,10463380.0,37246490.0,False,Small,0.013087835861834322,False,False
1006,ZambesiGold,ZGD,0.25,-0.20%,8.80%,-3.20%,-15.70%,"$119,793.00 ","41,904,417",177 Million,"$10,420,958.00 ",0.25,-0.2,8.8,-3.2,-15.7,119793.0,10420958.0,41904417.0,False,Small,0.011495392266238863,False,False
1007,UXD Stablecoin,UXD,1.00,1.80%,-2.10%,0.40%,-0.10%,"$875,152.00 ","10,353,177",9 Million,"$10,397,179.00 ",1.0,1.8,-2.1,0.4,-0.1,875152.0,10397179.0,10353177.0,False,Small,0.08417206244116794,False,False
1008,PAID Network,PAID,0.04,0.00%,-1.00%,-3.40%,201.50%,"$112,643.00 ","246,705,329",595 Million,"$10,375,525.00 ",0.04,0.0,-1.0,-3.4,201.5,112643.0,10375525.0,246705329.0,False,Small,0.01085660725601837,False,False
1009,Neoxa,NEOX, $-   ,1.60%,11.30%,42.40%,-15.70%,"$604,530.00 ","3,913,972,988",21 Billion,"$10,344,901.00 ",,1.6,11.3,42.4,-15.7,604530.0,10344901.0,3913972988.0,False,Small,0.05843748528864607,False,False
1010,Wojak,WOJAK, $-   ,3.00%,14.20%,6.10%,40.40%,"$1,687,380.00 ","69,420,000,000",69.4 Billion,"$10,316,183.00 ",,3.0,14.2,6.1,40.4,1687380.0,10316183.0,69420000000.0,False,Small,0.16356631129944088,False,False
1011,SquidGrow,SQUIDGROW, $-   ,0.10%,-0.10%,2.30%,36.20%,"$702,480.00 ","939,573,603,133,420",1 Quadrillion,"$10,299,495.00 ",,0.1,-0.1,2.3,36.2,702480.0,10299495.0,939573603133420.0,False,Small,0.0682052857931384,False,False
1012,ForTube,FOR,0.02,0.50%,-4.80%,-9.00%,0.00%,"$1,610,415.00 ","563,718,021",1 Billion,"$10,296,713.00 ",0.02,0.5,-4.8,-9.0,0.0,1610415.0,10296713.0,563718021.0,False,Small,0.15640088249521958,False,False
1013,Penpie,PNP,3.14,0.20%,-0.10%,14.90%,177.50%,"$123,500.00 ","3,281,232",10 Million,"$10,283,627.00 ",3.14,0.2,-0.1,14.9,177.5,123500.0,10283627.0,3281232.0,False,Small,0.012009381514907142,False,False
1014,D-Drops,DOP,0.06,0.20%,2.10%,0.70%,-3.30%,"$19,094.00 ","175,193,442",336 Million,"$10,272,591.00 ",0.06,0.2,2.1,0.7,-3.3,19094.0,10272591.0,175193442.0,False,Small,0.0018587326215946881,False,False
1015,Quantum Resistant Ledger,QRL,0.13,9.90%,42.30%,4.70%,-2.90%,"$22,560.00 ","77,669,091",105 Million,"$10,250,311.00 ",0.13,9.9,42.3,4.7,-2.9,22560.0,10250311.0,77669091.0,False,Small,0.002200908830961324,False,False
1016,PARSIQ,PRQ,0.06,0.40%,-1.30%,-11.00%,14.00%,"$326,895.00 ","185,256,872",310 Million,"$10,244,628.00 ",0.06,0.4,-1.3,-11.0,14.0,326895.0,10244628.0,185256872.0,False,Small,0.031908918508314794,False,False
1017,Vela Token,VELA,0.72,-0.50%,1.70%,-0.30%,36.50%,"$848,357.00 ","14,110,752",14.1 Million,"$10,163,186.00 ",0.72,-0.5,1.7,-0.3,36.5,848357.0,10163186.0,14110752.0,False,Small,0.08347352887175341,False,False
1018,Validity,VAL,2.04,0.30%,-1.40%,0.60%,7.30%,"$278,567.00 ","4,974,960",9 Million,"$10,158,405.00 ",2.04,0.3,-1.4,0.6,7.3,278567.0,10158405.0,4974960.0,False,Small,0.027422316790874156,False,False
1019,EverRise,RISE, $-   ,0.20%,9.40%,-7.10%,31.20%,"$7,672.00 ","71,531,888,417",71.6 Billion,"$10,145,584.00 ",,0.2,9.4,-7.1,31.2,7672.0,10145584.0,71531888417.0,False,Small,0.0007561910679562655,False,False
1020,PowerPool Concentrated Voting Power,CVP,0.31,0.20%,-3.50%,-6.90%,0.10%,"$1,942,088.00 ","32,389,280",100 Million,"$10,135,581.00 ",0.31,0.2,-3.5,-6.9,0.1,1942088.0,10135581.0,32389280.0,False,Small,0.1916109199857413,False,False
1021,Bostrom,BOOT, $-   ,-0.60%,-2.50%,12.80%,137.10%,"$3,398.00 ","473,064,370,632,082",∞,"$10,112,531.00 ",,-0.6,-2.5,12.8,137.1,3398.0,10112531.0,473064370632082.0,False,Small,0.0003360187474332588,False,False
1022,Rupiah Token,IDRT, $-   ,-0.10%,-2.40%,-0.40%,1.80%,"$255,394.00 ","158,048,927,413",158 Billion,"$10,113,908.00 ",,-0.1,-2.4,-0.4,1.8,255394.0,10113908.0,158048927413.0,False,Small,0.025251762226826662,False,False
1023,Aventus,AVT,1.07,0.70%,-1.50%,8.90%,53.50%,"$205,315.00 ","9,412,000",10.6 Million,"$10,024,783.00 ",1.07,0.7,-1.5,8.9,53.5,205315.0,10024783.0,9412000.0,False,Small,0.020480742575674706,False,False
1024,GAMI World,GAMI,0.24,-0.20%,1.70%,-14.00%,-11.50%,"$19,793.00 ","41,473,950",132 Million,"$10,019,988.00 ",0.24,-0.2,1.7,-14.0,-11.5,19793.0,10019988.0,41473950.0,False,Small,0.001975351667087825,False,False
1025,Carbify,CBY,1.02,0.00%,-2.60%,-7.80%,6.60%,"$30,316.00 ","9,751,887",50 Million,"$9,963,075.00 ",1.02,0.0,-2.6,-7.8,6.6,30316.0,9963075.0,9751887.0,False,Small,0.0030428356707141117,False,False
1026,Mog Coin,MOG, $-   ,-1.80%,13.30%,-23.10%,-15.50%,"$833,126.00 ","390,570,159,911,439",391 Trillion,"$9,911,397.00 ",,-1.8,13.3,-23.1,-15.5,833126.0,9911397.0,390570159911439.0,False,Small,0.08405737354683704,False,False
1027,SideShift,XAI,0.08,0.40%,0.40%,5.30%,1.30%,"$14,171.00 ","127,889,470",210 Million,"$9,908,859.00 ",0.08,0.4,0.4,5.3,1.3,14171.0,9908859.0,127889470.0,False,Small,0.0014301343878240674,False,False
1028,Peercoin,PPC,0.35,3.30%,-2.70%,-12.60%,-4.30%,"$16,947.00 ","28,485,805",27.2 Million,"$9,892,429.00 ",0.35,3.3,-2.7,-12.6,-4.3,16947.0,9892429.0,28485805.0,False,Small,0.0017131282923536777,False,False
1029,ALVA,AA,"1,014.93",-2.00%,1.60%,-1.90%,-4.30%,"$2,830,024.00 ","9,880",19 Thousand,"$9,842,369.00 ",1014.93,-2.0,1.6,-1.9,-4.3,2830024.0,9842369.0,9880.0,False,Small,0.2875348404433932,False,False
1030,Polytrade,TRADE,0.35,-0.30%,-7.50%,42.40%,274.50%,"$833,412.00 ","28,138,389",100 Million,"$9,815,717.00 ",0.35,-0.3,-7.5,42.4,274.5,833412.0,9815717.0,28138389.0,False,Small,0.08490587085996876,False,False
1031,Karura,KAR,0.10,0.00%,0.80%,-13.30%,37.60%,"$238,233.00 ","98,270,832",103 Million,"$9,802,963.00 ",0.1,0.0,0.8,-13.3,37.6,238233.0,9802963.0,98270832.0,False,Small,0.02430214211764341,False,False
1032,Octopus Network,OCT,0.12,0.10%,-4.00%,-7.80%,32.80%,"$409,344.00 ","78,708,942",100 Million,"$9,793,176.00 ",0.12,0.1,-4.0,-7.8,32.8,409344.0,9793176.0,78708942.0,False,Small,0.04179890160250362,False,False
1033,Newscrypto Coin,NWC,0.06,-0.10%,-2.40%,-18.30%,6.80%,"$71,681.00 ","168,745,910",270 Million,"$9,774,707.00 ",0.06,-0.1,-2.4,-18.3,6.8,71681.0,9774707.0,168745910.0,False,Small,0.007333314441036442,False,False
1034,Revain,REV, $-   ,1.70%,-7.40%,-34.20%,3.10%,"$78,749.00 ","84,551,367,444",85.1 Billion,"$9,766,364.00 ",,1.7,-7.4,-34.2,3.1,78749.0,9766364.0,84551367444.0,False,Small,0.00806328742201294,False,False
1035,GulfCoin,GULF,0.06,-1.50%,-0.40%,-9.00%,-10.00%,"$550,525.00 ","151,042,386",10 Billion,"$9,711,275.00 ",0.06,-1.5,-0.4,-9.0,-10.0,550525.0,9711275.0,151042386.0,False,Small,0.05668926067895307,False,False
1036,Decentral Games Governance,XDG,0.02,0.50%,-4.90%,-18.90%,37.40%,"$5,099.00 ","439,121,239",439 Million,"$9,679,302.00 ",0.02,0.5,-4.9,-18.9,37.4,5099.0,9679302.0,439121239.0,False,Small,0.0005267941841260868,False,False
1037,OAX,OAX,0.17,-0.80%,-7.10%,-11.30%,-9.10%,"$2,715,469.00 ","55,788,269",100 Million,"$9,672,433.00 ",0.17,-0.8,-7.1,-11.3,-9.1,2715469.0,9672433.0,55788269.0,False,Small,0.2807431180965534,False,False
1038,Electra Protocol,XEP, $-   ,3.40%,23.50%,119.60%,198.70%,"$79,110.00 ","17,842,208,782",29.5 Billion,"$9,666,209.00 ",,3.4,23.5,119.6,198.7,79110.0,9666209.0,17842208782.0,False,Small,0.008184180582066868,False,False
1039,Inter Milan Fan Token,INTER,2.01,-0.10%,-3.50%,0.70%,8.80%,"$392,613.00 ","4,805,116",20 Million,"$9,658,936.00 ",2.01,-0.1,-3.5,0.7,8.8,392613.0,9658936.0,4805116.0,False,Small,0.04064764483375809,False,False
1040,Cult DAO,CULT, $-   ,0.80%,3.30%,-5.70%,11.20%,"$698,444.00 ","4,219,944,969,644",4.98 Trillion,"$9,629,247.00 ",,0.8,3.3,-5.7,11.2,698444.0,9629247.0,4219944969644.0,False,Small,0.07253360517182704,False,False
1041,Rari Governance,RGT,0.86,23.80%,20.60%,19.30%,26.60%,"$6,621.00 ","11,255,496",12.5 Million,"$9,618,088.00 ",0.86,23.8,20.6,19.3,26.6,6621.0,9618088.0,11255496.0,False,Small,0.0006883904576460519,False,False
1042,Matrix AI Network,MAN,0.02,-0.70%,12.00%,43.00%,71.70%,"$321,040.00 ","434,538,080",735 Million,"$9,595,856.00 ",0.02,-0.7,12.0,43.0,71.7,321040.0,9595856.0,434538080.0,False,Small,0.033456108553525606,False,False
1043,AimBot,AIMBOT,9.62,-0.30%,18.00%,8.00%,20.40%,"$208,900.00 ","1,000,000",1 Million,"$9,577,123.00 ",9.62,-0.3,18.0,8.0,20.4,208900.0,9577123.0,1000000.0,False,Small,0.02181239606090472,False,False
1044,Sinverse,SIN,0.02,-1.80%,1.70%,51.80%,452.70%,"$1,005,837.00 ","582,450,292",1 Billion,"$9,568,515.00 ",0.02,-1.8,1.7,51.8,452.7,1005837.0,9568515.0,582450292.0,False,Small,0.10511944643447808,False,False
1045,Symbiosis,SIS,0.18,-1.10%,-3.90%,-3.30%,30.30%,"$7,765,159.00 ","52,582,215",99.7 Million,"$9,547,680.00 ",0.18,-1.1,-3.9,-3.3,30.3,7765159.0,9547680.0,52582215.0,False,Small,0.813303231779867,True,False
1046,SophiaVerse,SOPH,0.10,-0.90%,-10.30%,-8.80%,8.90%,"$271,773.00 ","91,505,490",1 Billion,"$9,513,120.00 ",0.1,-0.9,-10.3,-8.8,8.9,271773.0,9513120.0,91505490.0,False,Small,0.028568229981331045,False,False
1047,Cratos,CRTS, $-   ,-0.70%,-6.30%,-3.10%,3.80%,"$155,175.00 ","56,030,826,917",100 Billion,"$9,512,586.00 ",,-0.7,-6.3,-3.1,3.8,155175.0,9512586.0,56030826917.0,False,Small,0.016312598908435623,False,False
1048,Xbit,XBT,0.01,0.40%,2.60%,0.10%,0.10%,"$8,075,301.00 ","863,000,000",1 Billion,"$9,450,479.00 ",0.01,0.4,2.6,0.1,0.1,8075301.0,9450479.0,863000000.0,False,Small,0.8544858943128703,True,False
1049,Swash,SWASH,0.01,-0.40%,-0.60%,0.40%,20.70%,"$209,217.00 ","880,452,856",1 Billion,"$9,444,958.00 ",0.01,-0.4,-0.6,0.4,20.7,209217.0,9444958.0,880452856.0,False,Small,0.022151183732103414,False,False
1050,Quiztok,QTCON, $-   ,0.60%,0.40%,3.30%,3.60%,"$159,615.00 ","6,331,548,893",12 Billion,"$9,426,528.00 ",,0.6,0.4,3.3,3.6,159615.0,9426528.0,6331548893.0,False,Small,0.016932533378143044,False,False
1051,Prism,PRISM,0.01,0.80%,-0.50%,1.40%,43.60%,"$54,392.00 ","1,837,017,829",10 Billion,"$9,416,831.00 ",0.01,0.8,-0.5,1.4,43.6,54392.0,9416831.0,1837017829.0,False,Small,0.0057760407933412,False,False
1052,Blocksquare,BST,0.28,-0.70%,0.30%,5.60%,35.10%,"$190,180.00 ","33,948,006",33.9 Million,"$9,414,436.00 ",0.28,-0.7,0.3,5.6,35.1,190180.0,9414436.0,33948006.0,False,Small,0.02020089148197513,False,False
1053,MantaDAO,MNTA,0.67,-0.30%,1.80%,-6.60%,65.60%,"$980,057.00 ","14,068,217",100 Million,"$9,410,461.00 ",0.67,-0.3,1.8,-6.6,65.6,980057.0,9410461.0,14068217.0,False,Small,0.10414548235203355,False,False
1054,Galaxia,GXA, $-   ,-0.30%,-7.50%,-43.80%,-7.50%,"$795,731.00 ","2,567,949,349",10 Billion,"$9,408,882.00 ",,-0.3,-7.5,-43.8,-7.5,795731.0,9408882.0,2567949349.0,False,Small,0.08457232219513434,False,False
1055,PLEX,PLEX,0.03,0.20%,-4.80%,-4.20%,-37.00%,"$202,175.00 ","348,134,354",415 Million,"$9,401,968.00 ",0.03,0.2,-4.8,-4.2,-37.0,202175.0,9401968.0,348134354.0,False,Small,0.021503476718916722,False,False
1056,ApeX,APEX,0.24,0.00%,-1.50%,9.50%,88.20%,"$119,171.00 ","39,592,748",1 Billion,"$9,382,700.00 ",0.24,0.0,-1.5,9.5,88.2,119171.0,9382700.0,39592748.0,False,Small,0.012701141462478818,False,False
1057,Efforce,WOZX,0.02,15.10%,4.00%,-15.90%,-32.10%,"$2,305,888.00 ","622,756,826",1 Billion,"$9,373,043.00 ",0.02,15.1,4.0,-15.9,-32.1,2305888.0,9373043.0,622756826.0,False,Small,0.24601274100630927,False,False
1058,GroveCoin,GRV,0.12,-2.90%,-17.20%,-26.70%,27.70%,"$3,352,096.00 ","74,940,502",79.7 Million,"$9,324,854.00 ",0.12,-2.9,-17.2,-26.7,27.7,3352096.0,9324854.0,74940502.0,False,Small,0.3594797301920223,False,False
1059,UNCX Network,UNCX,256.28,0.10%,5.00%,7.10%,-13.20%,"$11,291.00 ","36,163",47.7 Thousand,"$9,262,475.00 ",256.28,0.1,5.0,7.1,-13.2,11291.0,9262475.0,36163.0,False,Small,0.0012190046396886361,False,False
1060,Arcblock,ABT,0.09,-0.90%,1.70%,1.50%,37.10%,"$121,598.00 ","98,580,000",186 Million,"$9,218,955.00 ",0.09,-0.9,1.7,1.5,37.1,121598.0,9218955.0,98580000.0,False,Small,0.0131899982156329,False,False
1061,UFC Fan Token,UFC,0.86,0.20%,-0.40%,-11.20%,-11.20%,"$14,574.00 ","10,759,687",20 Million,"$9,212,924.00 ",0.86,0.2,-0.4,-11.2,-11.2,14574.0,9212924.0,10759687.0,False,Small,0.0015819081976579856,False,False
1062,Ooki,OOKI, $-   ,0.10%,-7.50%,-9.60%,8.50%,"$1,731,946.00 ","4,451,809,612",6.38 Billion,"$9,209,658.00 ",,0.1,-7.5,-9.6,8.5,1731946.0,9209658.0,4451809612.0,False,Small,0.18805758042263893,False,False
1063,KRYLL,KRL,0.25,1.20%,-1.60%,2.90%,16.70%,"$246,838.00 ","36,517,769",49.4 Million,"$9,186,854.00 ",0.25,1.2,-1.6,2.9,16.7,246838.0,9186854.0,36517769.0,False,Small,0.026868610299020754,False,False
1064,Mars Protocol,MARS,0.09,-0.40%,-0.80%,-19.60%,141.10%,"$8,075.00 ","99,507,237",1 Billion,"$9,177,726.00 ",0.09,-0.4,-0.8,-19.6,141.1,8075.0,9177726.0,99507237.0,False,Small,0.0008798475788011105,False,False
1065,FibSwap DEX,FIBO,0.01,0.00%,1.00%,-30.20%,15.30%,$9.08 ,"69,151,716,404,404,600",100 Million,"$20,254,899.00 ",0.01,0.0,1.0,-30.2,15.3,9.08,20254899.0,6.91517164044046e+16,False,Small,4.482866095752934e-07,False,False
1066,Raini,$RAINI,0.02,0.10%,-2.40%,19.10%,125.80%,"$48,085.00 ","486,362,378",500 Million,"$9,152,605.00 ",0.02,0.1,-2.4,19.1,125.8,48085.0,9152605.0,486362378.0,False,Small,0.005253695532583346,False,False
1067,Hoge Finance,HOGE, $-   ,0.00%,0.70%,15.70%,99.60%,"$24,074.00 ","415,202,711,787",415 Billion,"$9,152,035.00 ",,0.0,0.7,15.7,99.6,24074.0,9152035.0,415202711787.0,False,Small,0.002630453227069171,False,False
1068,Argentine Football Association Fan Token,ARG,0.77,-0.60%,-3.10%,-7.50%,12.50%,"$218,868.00 ","11,934,289",20 Million,"$9,132,644.00 ",0.77,-0.6,-3.1,-7.5,12.5,218868.0,9132644.0,11934289.0,False,Small,0.023965458414890582,False,False
1069,Comtech Gold,CGO,64.44,-0.30%,-0.40%,1.70%,0.80%,"$677,503.00 ","141,000",141 Thousand,"$9,086,224.00 ",64.44,-0.3,-0.4,1.7,0.8,677503.0,9086224.0,141000.0,False,Small,0.0745637571778992,False,False
1070,AMO Coin,AMO, $-   ,0.40%,-1.30%,-78.20%,1.10%,"$61,009.00 ","19,100,000,000",21.2 Billion,"$9,074,103.00 ",,0.4,-1.3,-78.2,1.1,61009.0,9074103.0,19100000000.0,False,Small,0.006723419383712087,False,False
1071,Kamaleont,KLT, $-   ,-0.40%,-9.10%,-5.40%,18.90%,$4.08 ,"7,960,053,982",10 Billion,"$9,061,740.00 ",,-0.4,-9.1,-5.4,18.9,4.08,9061740.0,7960053982.0,False,Small,4.502446550000331e-07,False,False
1072,Shyft Network,SHFT,0.01,0.30%,0.30%,18.60%,118.20%,"$164,340.00 ","980,171,577",2.52 Billion,"$9,050,612.00 ",0.01,0.3,0.3,18.6,118.2,164340.0,9050612.0,980171577.0,False,Small,0.01815788810745616,False,False
1073,TokenSight,TKST,0.61,0.50%,11.60%,2.10%,,"$489,926.00 ","14,737,096",100 Million,"$9,047,462.00 ",0.61,0.5,11.6,2.1,,489926.0,9047462.0,14737096.0,False,Small,0.05415065573085579,False,False
1074,Paribus,PBX, $-   ,-0.10%,-0.80%,12.50%,57.70%,"$156,784.00 ","6,357,626,699",9.28 Billion,"$9,038,954.00 ",,-0.1,-0.8,12.5,57.7,156784.0,9038954.0,6357626699.0,False,Small,0.01734536982929662,False,False
1075,Delysium,AGI,0.03,0.00%,0.90%,21.90%,97.30%,"$86,276,537.00 ","352,513,670",3 Billion,"$9,015,764.00 ",0.03,0.0,0.9,21.9,97.3,86276537.0,9015764.0,352513670.0,False,Small,9.569520342369211,True,False
1076,FORE Protocol,FORE,0.12,0.00%,3.90%,10.40%,90.20%,"$91,406.00 ","77,279,165",1 Billion,"$8,940,489.00 ",0.12,0.0,3.9,10.4,90.2,91406.0,8940489.0,77279165.0,False,Small,0.010223825564798525,False,False
1077,MOOxMOO,MOOX,0.16,-0.20%,-0.70%,0.60%,,"$231,503.00 ","57,118,500",1 Billion,"$8,927,572.00 ",0.16,-0.2,-0.7,0.6,,231503.0,8927572.0,57118500.0,False,Small,0.025931238639128308,False,False
1078,Pundi X [OLD],NPXS, $-   ,-,-,-,-, - ,"236,519,288,706",258 Billion,"$8,849,793.00 ",,,,,,,8849793.0,236519288706.0,False,Small,,False,False
1079,GameSwift,GSWIFT,0.16,0.50%,1.90%,28.60%,125.50%,"$358,348.00 ","56,135,745",1.4 Billion,"$8,798,951.00 ",0.16,0.5,1.9,28.6,125.5,358348.0,8798951.0,56135745.0,False,Small,0.04072621838671451,False,False
1080,Impossible Finance Launchpad,IDIA,0.01,0.40%,-1.00%,7.30%,26.20%,"$17,108.00 ","696,467,975",1 Billion,"$8,788,009.00 ",0.01,0.4,-1.0,7.3,26.2,17108.0,8788009.0,696467975.0,False,Small,0.0019467435684237466,False,False
1081,Defactor,FACTR,0.08,0.20%,20.00%,61.80%,154.40%,"$789,241.00 ","111,083,061",300 Million,"$8,767,270.00 ",0.08,0.2,20.0,61.8,154.4,789241.0,8767270.0,111083061.0,False,Small,0.0900212951123896,False,False
1082,Rhino.fi,DVF,0.57,-,-,-,-, - ,"15,051,414",100 Million,"$8,533,554.00 ",0.57,,,,,,8533554.0,15051414.0,False,Small,,False,False
1083,Observer,OBSR, $-   ,-0.10%,-2.30%,-0.50%,2.40%,"$136,245.00 ","5,907,080,871",14 Billion,"$8,740,504.00 ",,-0.1,-2.3,-0.5,2.4,136245.0,8740504.0,5907080871.0,False,Small,0.015587773885807957,False,False
1084,stake.link,SDL,0.65,0.70%,-7.10%,-6.20%,78.80%,"$23,380.00 ","13,348,321",100 Million,"$8,715,698.00 ",0.65,0.7,-7.1,-6.2,78.8,23380.0,8715698.0,13348321.0,False,Small,0.0026825160761650988,False,False
1085,NFTX,NFTX,20.76,0.10%,-3.30%,7.00%,43.70%,"$44,923.00 ","420,000",650 Thousand,"$8,713,986.00 ",20.76,0.1,-3.3,7.0,43.7,44923.0,8713986.0,420000.0,False,Small,0.005155275668333642,False,False
1086,Undead Blocks,UNDEAD,0.06,-0.40%,4.30%,1.50%,14.80%,"$123,294.00 ","135,000,000",500 Million,"$8,713,904.00 ",0.06,-0.4,4.3,1.5,14.8,123294.0,8713904.0,135000000.0,False,Small,0.014149111580756456,False,False
1087,Bazed Games,BAZED,0.11,13.40%,31.60%,21.00%,55.80%,"$95,273.00 ","77,700,000",77.7 Million,"$8,681,502.00 ",0.11,13.4,31.6,21.0,55.8,95273.0,8681502.0,77700000.0,False,Small,0.010974253072797771,False,False
1088,Boosted LUSD,BLUSD,1.13,-,-,-,-, - ,"7,544,506",7.54 Million,"$8,489,013.00 ",1.13,,,,,,8489013.0,7544506.0,False,Small,,False,False
1089,BigShortBets,BIGSB,0.91,0.00%,-1.00%,-5.70%,-9.30%,"$58,945.00 ","9,551,378",100 Million,"$8,644,555.00 ",0.91,0.0,-1.0,-5.7,-9.3,58945.0,8644555.0,9551378.0,False,Small,0.006818743127899585,False,False
1090,Dego Finance,DEGO,1.58,0.00%,-4.70%,-6.70%,19.30%,"$2,060,504.00 ","5,422,187",15 Million,"$8,606,012.00 ",1.58,0.0,-4.7,-6.7,19.3,2060504.0,8606012.0,5422187.0,False,Small,0.23942611281508788,False,False
1091,Ion,ION,403.41,10.80%,10.10%,1.10%,148.10%,"$14,034.00 ","21,294",21.3 Thousand,"$8,590,169.00 ",403.41,10.8,10.1,1.1,148.1,14034.0,8590169.0,21294.0,False,Small,0.00163372804423289,False,False
1092,HUSD,HUSD,0.05,1.20%,-7.50%,-7.60%,-2.60%,"$10,297.00 ","187,817,005",188 Million,"$8,549,135.00 ",0.05,1.2,-7.5,-7.6,-2.6,10297.0,8549135.0,187817005.0,False,Small,0.001204449339026697,False,False
1093,THORWallet DEX,TGT,0.02,0.90%,10.60%,-8.50%,79.30%,"$121,939.00 ","384,130,896",834 Million,"$8,529,598.00 ",0.02,0.9,10.6,-8.5,79.3,121939.0,8529598.0,384130896.0,False,Small,0.014295984406299101,False,False
1094,ScarQuest,SCAR, $-   ,0.20%,7.00%,81.40%,287.20%,"$4,768.00 ","2,161,518,581",9.95 Billion,"$8,527,012.00 ",,0.2,7.0,81.4,287.2,4768.0,8527012.0,2161518581.0,False,Small,0.0005591642183686384,False,False
1095,FEG ETH,FEG, $-   ,1.00%,0.90%,10.40%,1.40%,"$304,477.00 ","50,000,000,000",50 Billion,"$8,524,162.00 ",,1.0,0.9,10.4,1.4,304477.0,8524162.0,50000000000.0,False,Small,0.03571928830071507,False,False
1096,Aeternity,AE,0.02,-0.40%,-5.10%,-9.70%,15.80%,"$669,210.00 ","419,814,062",536 Million,"$8,518,674.00 ",0.02,-0.4,-5.1,-9.7,15.8,669210.0,8518674.0,419814062.0,False,Small,0.07855800092831348,False,False
1097,Prosper,PROS,0.27,0.80%,-2.60%,-13.20%,3.90%,"$1,357,337.00 ","30,952,168",100 Million,"$8,509,137.00 ",0.27,0.8,-2.6,-13.2,3.9,1357337.0,8509137.0,30952168.0,False,Small,0.15951523638648668,False,False
1098,Not Financial Advice,NFAI,0.11,-1.20%,3.60%,8.90%,3.00%,"$45,320.00 ","78,175,134",96.2 Million,"$8,506,283.00 ",0.11,-1.2,3.6,8.9,3.0,45320.0,8506283.0,78175134.0,False,Small,0.005327826501892777,False,False
1099,Metaverse.Network Pioneer,NEER,0.19,1.30%,2.40%,12.90%,13.20%,"$295,019.00 ","43,839,734",100 Million,"$8,408,784.00 ",0.19,1.3,2.4,12.9,13.2,295019.0,8408784.0,43839734.0,False,Small,0.035084621034385,False,False
1100,Flamengo Fan Token,MENGO,0.51,0.40%,-1.80%,-4.00%,7.10%,"$133,956.00 ","16,582,761",30 Million,"$8,408,445.00 ",0.51,0.4,-1.8,-4.0,7.1,133956.0,8408445.0,16582761.0,False,Small,0.015931126385437498,False,False
1101,Onomy Protocol,NOM,0.19,1.60%,26.40%,98.40%,205.00%,"$2,179,238.00 ","44,222,711",146 Million,"$8,396,478.00 ",0.19,1.6,26.4,98.4,205.0,2179238.0,8396478.0,44222711.0,False,Small,0.25954191745634303,False,False
1102,Splintershards,SPS,0.02,0.40%,-5.50%,1.30%,23.70%,"$183,659.00 ","489,718,725",1.22 Billion,"$8,321,475.00 ",0.02,0.4,-5.5,1.3,23.7,183659.0,8321475.0,489718725.0,False,Small,0.022070486302007756,False,False
1103,REVV,REVV,0.01,0.50%,-4.60%,-17.90%,71.20%,"$967,917.00 ","689,511,207",3 Billion,"$8,293,190.00 ",0.01,0.5,-4.6,-17.9,71.2,967917.0,8293190.0,689511207.0,False,Small,0.1167122663293618,False,False
1104,Ferro,FER,0.01,-0.70%,-0.20%,0.40%,18.70%,"$55,517.00 ","1,069,272,886",4.67 Billion,"$8,284,712.00 ",0.01,-0.7,-0.2,0.4,18.7,55517.0,8284712.0,1069272886.0,False,Small,0.006701138192854501,False,False
1105,Toshi,TOSHI, $-   ,0.90%,9.50%,12.80%,214.70%,"$360,221.00 ","420,690,000,000",421 Billion,"$8,270,867.00 ",,0.9,9.5,12.8,214.7,360221.0,8270867.0,420690000000.0,False,Small,0.04355299148202964,False,False
1106,Sperax,SPA, $-   ,-0.20%,-3.40%,0.70%,31.90%,"$1,016,354.00 ","1,691,682,261",4.61 Billion,"$8,257,274.00 ",,-0.2,-3.4,0.7,31.9,1016354.0,8257274.0,1691682261.0,False,Small,0.12308589977757793,False,False
1107,BEPRO Network,BEPRO, $-   ,0.00%,-6.80%,-10.40%,26.60%,"$382,829.00 ","10,000,000,000",10 Billion,"$8,235,487.00 ",,0.0,-6.8,-10.4,26.6,382829.0,8235487.0,10000000000.0,False,Small,0.04648528981953344,False,False
1108,Tamadoge,TAMA,0.01,0.00%,-1.50%,-7.40%,-4.90%,"$979,316.00 ","1,049,733,333",1.05 Billion,"$8,215,549.00 ",0.01,0.0,-1.5,-7.4,-4.9,979316.0,8215549.0,1049733333.0,False,Small,0.11920274591509344,False,False
1109,Good Person Coin,GPCX, $-   ,0.70%,0.60%,8.00%,31.70%,"$8,095.00 ","5,610,968,751",10 Billion,"$8,204,868.00 ",,0.7,0.6,8.0,31.7,8095.0,8204868.0,5610968751.0,False,Small,0.000986609412851005,False,False
1110,Diamond,DMD,2.16,-0.70%,-1.60%,-4.10%,-29.20%,"$5,316.00 ","3,785,886",4.38 Million,"$8,193,676.00 ",2.16,-0.7,-1.6,-4.1,-29.2,5316.0,8193676.0,3785886.0,False,Small,0.0006487930447823419,False,False
1111,XELS,XELS,0.61,-0.10%,-3.50%,-6.70%,-16.70%,"$131,677.00 ","13,305,200",21 Million,"$8,109,433.00 ",0.61,-0.1,-3.5,-6.7,-16.7,131677.0,8109433.0,13305200.0,False,Small,0.01623751007006285,False,False
1112,Catgirl,CATGIRL, $-   ,0.40%,-11.40%,-5.70%,26.80%,"$1,487,464.00 ","35,672,679,218,361,400",36.8 Quadrillion,"$8,109,586.00 ",,0.4,-11.4,-5.7,26.8,1487464.0,8109586.0,3.56726792183614e+16,False,Small,0.18342046067456463,False,False
1113,DeFi Kingdoms,JEWEL,0.11,-0.20%,4.40%,6.20%,10.30%,"$144,593.00 ","71,358,341",122 Million,"$8,083,051.00 ",0.11,-0.2,4.4,6.2,10.3,144593.0,8083051.0,71358341.0,False,Small,0.01788841861816782,False,False
1114,Connext,NEXT,0.07,-2.70%,14.90%,30.50%,170.90%,"$3,389,287.00 ","106,841,704",1 Billion,"$8,082,261.00 ",0.07,-2.7,14.9,30.5,170.9,3389287.0,8082261.0,106841704.0,False,Small,0.41934886784774705,False,False
1115,Sylo,SYLO, $-   ,-1.40%,-16.90%,31.00%,70.90%,"$2,302,627.00 ","4,158,769,592",10 Billion,"$7,960,857.00 ",,-1.4,-16.9,31.0,70.9,2302627.0,7960857.0,4158769592.0,False,Small,0.28924360781760056,False,False
1116,Conic,CNC,1.62,0.50%,-12.70%,-12.70%,22.40%,"$154,663.00 ","4,904,498",5.6 Million,"$7,951,331.00 ",1.62,0.5,-12.7,-12.7,22.4,154663.0,7951331.0,4904498.0,False,Small,0.019451208860503985,False,False
1117,Lossless,LSS,0.13,0.00%,-3.10%,9.90%,25.60%,"$388,490.00 ","61,575,269",100 Million,"$7,946,419.00 ",0.13,0.0,-3.1,9.9,25.6,388490.0,7946419.0,61575269.0,False,Small,0.04888868809963331,False,False
1118,Flooring Protocol μBoredApeYachtClub,ΜBAYC,0.05,-0.10%,2.90%,-11.00%,,"$442,646.00 ","150,000,000",150 Million,"$7,931,784.00 ",0.05,-0.1,2.9,-11.0,,442646.0,7931784.0,150000000.0,False,Small,0.05580661298895683,False,False
1119,Zus,ZCN,0.16,0.00%,-4.90%,6.30%,87.40%,"$15,346.00 ","48,400,982",400 Million,"$7,924,097.00 ",0.16,0.0,-4.9,6.3,87.4,15346.0,7924097.0,48400982.0,False,Small,0.0019366244507102828,False,False
1120,PER Project,PER,0.03,-0.40%,6.30%,6.40%,23.40%,"$43,050.00 ","311,600,000",600 Million,"$7,912,339.00 ",0.03,-0.4,6.3,6.4,23.4,43050.0,7912339.0,311600000.0,False,Small,0.005440869002200234,False,False
1121,DinoLFG,DINO,0.03,-0.40%,-1.70%,-9.30%,54.90%,"$183,327.00 ","312,948,493",333 Million,"$7,911,480.00 ",0.03,-0.4,-1.7,-9.3,54.9,183327.0,7911480.0,312948493.0,False,Small,0.02317227623655751,False,False
1122,pSTAKE Finance,PSTAKE,0.03,-0.20%,-4.40%,-4.30%,35.60%,"$786,828.00 ","276,111,115",500 Million,"$7,877,670.00 ",0.03,-0.2,-4.4,-4.3,35.6,786828.0,7877670.0,276111115.0,False,Small,0.09988080231845203,False,False
1123,Regen,REGEN,0.05,-0.50%,-1.50%,-4.60%,95.60%,"$2,153.00 ","148,354,423",148 Million,"$7,837,396.00 ",0.05,-0.5,-1.5,-4.6,95.6,2153.0,7837396.0,148354423.0,False,Small,0.000274708589434552,False,False
1124,HMX,HMX,7.42,-0.40%,-0.30%,-15.30%,19.20%,"$245,513.00 ","1,056,758",10 Million,"$7,830,775.00 ",7.42,-0.4,-0.3,-15.3,19.2,245513.0,7830775.0,1056758.0,False,Small,0.03135232464219697,False,False
1125,Sentinel,DVPN, $-   ,0.20%,22.40%,23.70%,55.30%,"$387,385.00 ","16,159,640,969",25.7 Billion,"$7,787,629.00 ",,0.2,22.4,23.7,55.3,387385.0,7787629.0,16159640969.0,False,Small,0.049743638275526476,False,False
1126,Vita Inu,VINU, $-   ,-0.20%,1.00%,-4.90%,-4.30%,"$1,378,839.00 ","899,796,509,472,934",900 Trillion,"$7,766,051.00 ",,-0.2,1.0,-4.9,-4.3,1378839.0,7766051.0,899796509472934.0,False,Small,0.17754699267362525,False,False
1127,Turbo,TURBO, $-   ,1.80%,-2.10%,-12.40%,3.50%,"$2,738,489.00 ","69,000,000,000",69 Billion,"$7,762,650.00 ",,1.8,-2.1,-12.4,3.5,2738489.0,7762650.0,69000000000.0,False,Small,0.3527775952799624,False,False
1128,KALM,KALM,0.92,-0.40%,-6.30%,-6.20%,4.00%,"$40,207.00 ","8,372,644",10 Million,"$7,706,871.00 ",0.92,-0.4,-6.3,-6.2,4.0,40207.0,7706871.0,8372644.0,False,Small,0.005217032956695396,False,False
1129,UNKJD,MBS,0.04,-1.50%,-11.10%,62.10%,282.00%,"$333,481.00 ","182,625,435",1 Billion,"$7,700,034.00 ",0.04,-1.5,-11.1,62.1,282.0,333481.0,7700034.0,182625435.0,False,Small,0.043309029544544866,False,False
1130,Popsicle Finance,ICE,0.75,0.30%,-2.90%,-17.20%,-25.20%,"$43,485.00 ","10,325,027",24.2 Million,"$7,687,502.00 ",0.75,0.3,-2.9,-17.2,-25.2,43485.0,7687502.0,10325027.0,False,Small,0.005656583894222076,False,False
1131,Diamond Launch,DLC,0.08,0.30%,-0.50%,1.20%,3.90%,"$76,822.00 ","96,203,056",1 Billion,"$7,684,895.00 ",0.08,0.3,-0.5,1.2,3.9,76822.0,7684895.0,96203056.0,False,Small,0.009996493120595662,False,False
1132,HAPI,HAPI,10.77,0.40%,1.50%,8.70%,41.00%,"$635,719.00 ","712,939",732 Thousand,"$7,685,401.00 ",10.77,0.4,1.5,8.7,41.0,635719.0,7685401.0,712939.0,False,Small,0.08271773977701359,False,False
1133,Pink BNB,PNB, $-   ,0.00%,-11.90%,3.00%,-33.50%,"$3,105.00 ","98,203,874,935,261",98.2 Trillion,"$7,679,605.00 ",,0.0,-11.9,3.0,-33.5,3105.0,7679605.0,98203874935261.0,False,Small,0.0004043176699843286,False,False
1134,Verse,VERSE, $-   ,1.00%,-1.40%,-7.10%,13.40%,"$185,023.00 ","20,640,313,413",207 Billion,"$7,674,638.00 ",,1.0,-1.4,-7.1,13.4,185023.0,7674638.0,20640313413.0,False,Small,0.02410836836864488,False,False
1135,Nash,NEX,0.19,3.90%,1.40%,15.50%,-3.30%,"$1,664.00 ","40,849,967",50 Million,"$7,665,524.00 ",0.19,3.9,1.4,15.5,-3.3,1664.0,7665524.0,40849967.0,False,Small,0.0002170758319979169,False,False
1136,Rejuve.AI,RJV,0.02,-0.30%,-0.50%,9.90%,43.60%,"$128,024.00 ","365,300,796",1 Billion,"$7,631,812.00 ",0.02,-0.3,-0.5,9.9,43.6,128024.0,7631812.0,365300796.0,False,Small,0.016775046345481257,False,False
1137,Etherisc DIP,DIP,0.02,-0.10%,11.60%,-3.30%,61.10%,"$20,753.00 ","383,445,511",1 Billion,"$7,600,018.00 ",0.02,-0.1,11.6,-3.3,61.1,20753.0,7600018.0,383445511.0,False,Small,0.002730651427404514,False,False
1138,nuco.cloud,NCDT,0.30,-2.30%,12.70%,113.40%,88.10%,"$683,016.00 ","25,125,000",50 Million,"$7,599,669.00 ",0.3,-2.3,12.7,113.4,88.1,683016.0,7599669.0,25125000.0,False,Small,0.0898744405841886,False,False
1139,X2Y2,X2Y2,0.02,-0.90%,1.60%,-11.80%,53.50%,"$467,195.00 ","375,912,080",595 Million,"$7,583,596.00 ",0.02,-0.9,1.6,-11.8,53.5,467195.0,7583596.0,375912080.0,False,Small,0.06160599799883854,False,False
1140,Reflexer Ungovernance,FLX,8.40,-0.30%,0.30%,2.90%,-2.50%,"$43,491.00 ","894,689",973 Thousand,"$7,568,064.00 ",8.4,-0.3,0.3,2.9,-2.5,43491.0,7568064.0,894689.0,False,Small,0.005746648019889895,False,False
1141,noiseGPT,NOISEGPT,0.01,-9.80%,12.60%,68.20%,1268.40%,"$185,179.00 ","878,576,511",1 Billion,"$7,567,374.00 ",0.01,-9.8,12.6,68.2,1268.4,185179.0,7567374.0,878576511.0,False,Small,0.024470708068611385,False,True
1142,ANGLE,ANGLE,0.04,-0.30%,-0.10%,0.00%,19.80%,"$91,672.00 ","201,477,202",1 Billion,"$7,564,401.00 ",0.04,-0.3,-0.1,0.0,19.8,91672.0,7564401.0,201477202.0,False,Small,0.012118871011729811,False,False
1143,Counterparty,XCP,2.92,0.40%,-4.40%,1.00%,-9.80%,"$180,480.00 ","2,593,250",2.65 Million,"$7,557,576.00 ",2.92,0.4,-4.4,1.0,-9.8,180480.0,7557576.0,2593250.0,False,Small,0.02388067285066005,False,False
1144,LockTrip,LOC,0.46,,0.10%,-5.70%,7.80%,"$1,139.00 ","16,510,837",18.6 Million,"$7,523,289.00 ",0.46,,0.1,-5.7,7.8,1139.0,7523289.0,16510837.0,False,Small,0.00015139655009929832,False,False
1145,Carbon Protocol,SWTH, $-   ,0.10%,-1.60%,0.60%,36.10%,"$67,248.00 ","1,720,665,160",2.16 Billion,"$7,534,121.00 ",,0.1,-1.6,0.6,36.1,67248.0,7534121.0,1720665160.0,False,Small,0.008925792404979958,False,False
1146,Poof Token,POOF,0.16,-0.10%,2.10%,8.30%,25.10%,"$14,986.00 ","47,945,141",100 Million,"$7,529,167.00 ",0.16,-0.1,2.1,8.3,25.1,14986.0,7529167.0,47945141.0,False,Small,0.0019903928283168644,False,False
1147,Haven,XHV,0.24,-0.30%,2.20%,-0.50%,97.30%,"$15,841.00 ","31,796,704",31.8 Million,"$7,508,583.00 ",0.24,-0.3,2.2,-0.5,97.3,15841.0,7508583.0,31796704.0,False,Small,0.002109718970942986,False,False
1148,Jackal Protocol,JKL,0.12,0.50%,3.40%,-12.20%,110.80%,"$77,904.00 ","65,190,411",133 Million,"$7,497,150.00 ",0.12,0.5,3.4,-12.2,110.8,77904.0,7497150.0,65190411.0,False,Small,0.010391148636481863,False,False
1149,DigitalBits,XDB, $-   ,0.20%,3.00%,16.00%,20.50%,"$899,168.00 ","19,974,370,020",20 Billion,"$7,499,030.00 ",,0.2,3.0,16.0,20.5,899168.0,7499030.0,19974370020.0,False,Small,0.11990457432494603,False,False
1150,MarsDAO,MDAO,0.10,-0.10%,1.40%,-1.10%,3.30%,"$76,227.00 ","74,373,353",96 Million,"$7,466,152.00 ",0.1,-0.1,1.4,-1.1,3.3,76227.0,7466152.0,74373353.0,False,Small,0.010209676952732814,False,False
1151,Nodle Network,NODL, $-   ,-0.20%,-1.40%,-5.80%,-9.80%,"$94,559.00 ","2,769,879,310",8.52 Billion,"$7,456,466.00 ",,-0.2,-1.4,-5.8,-9.8,94559.0,7456466.0,2769879310.0,False,Small,0.012681476721009659,False,False
1152,Wasder,WAS,0.01,-0.90%,22.70%,56.70%,384.80%,"$340,876.00 ","597,083,456",1 Billion,"$7,455,432.00 ",0.01,-0.9,22.7,56.7,384.8,340876.0,7455432.0,597083456.0,False,Small,0.04572183074032464,False,False
1153,Aura Network,AURA,0.03,-0.20%,-4.10%,-6.10%,7.60%,"$60,542.00 ","222,617,555",413 Million,"$7,453,701.00 ",0.03,-0.2,-4.1,-6.1,7.6,60542.0,7453701.0,222617555.0,False,Small,0.008122407915208834,False,False
1154,Stader sFTMX,SFTMX,0.32,-0.20%,-4.50%,-9.60%,29.20%,$224.00 ,"23,068,677",21.7 Million,"$7,445,629.00 ",0.32,-0.2,-4.5,-9.6,29.2,224.0,7445629.0,23068677.0,False,Small,3.0084765168933343e-05,False,False
1155,Lunr,LUNR,0.07,9.40%,-2.30%,-17.20%,40.60%,"$94,637.00 ","110,761,700",246 Million,"$7,436,774.00 ",0.07,9.4,-2.3,-17.2,40.6,94637.0,7436774.0,110761700.0,False,Small,0.012725544705271399,False,False
1156,Wagmi,WAGMI,0.01,-1.10%,5.00%,-7.50%,-19.10%,"$72,021.00 ","672,677,732",∞,"$7,436,811.00 ",0.01,-1.1,5.0,-7.5,-19.1,72021.0,7436811.0,672677732.0,False,Small,0.009684392947460948,False,False
1157,Nucleon xCFX,XCFX,0.16,-0.70%,-3.70%,-9.50%,34.10%,"$5,841.00 ","45,685,016",45.7 Million,"$7,379,492.00 ",0.16,-0.7,-3.7,-9.5,34.1,5841.0,7379492.0,45685016.0,False,Small,0.000791517898522012,False,False
1158,AtPay,ATPAY,0.24,-0.20%,-1.90%,1.00%,-2.60%,"$1,235.00 ","30,000,000",100 Million,"$7,339,526.00 ",0.24,-0.2,-1.9,1.0,-2.6,1235.0,7339526.0,30000000.0,False,Small,0.00016826699707855793,False,False
1159,Polkadex,PDEX,0.96,0.70%,1.40%,-20.30%,110.60%,"$168,411.00 ","7,460,000",7.46 Million,"$7,278,973.00 ",0.96,0.7,1.4,-20.3,110.6,168411.0,7278973.0,7460000.0,False,Small,0.023136643040165144,False,False
1160,Qmall,QMALL,0.11,-1.60%,-0.60%,-5.60%,6.50%,"$681,594.00 ","67,071,140",100 Million,"$7,274,047.00 ",0.11,-1.6,-0.6,-5.6,6.5,681594.0,7274047.0,67071140.0,False,Small,0.09370217156969153,False,False
1161,Hector Network,HEC,2.99,,0.00%,125.30%,14084.80%,$30.72 ,"2,425,573",3.16 Million,"$7,240,398.00 ",2.99,,0.0,125.3,14084.8,30.72,7240398.0,2425573.0,False,Small,4.2428606825204915e-06,False,True
1162,Cypherium,CPH,0.01,2.50%,-9.60%,1.90%,-23.30%,"$9,577.00 ","540,678,192",6.83 Billion,"$7,226,683.00 ",0.01,2.5,-9.6,1.9,-23.3,9577.0,7226683.0,540678192.0,False,Small,0.001325227632096219,False,False
1163,Sphere Finance,SPHERE, $-   ,0.00%,-0.30%,-10.90%,10.20%,"$4,836.00 ","7,671,877,872",8.96 Billion,"$7,228,015.00 ",,0.0,-0.3,-10.9,10.2,4836.0,7228015.0,7671877872.0,False,Small,0.000669063359719093,False,False
1164,DeFi Land,DFL, $-   ,1.20%,-4.80%,-3.20%,198.60%,"$53,110.00 ","7,137,303,616",10 Billion,"$7,217,249.00 ",,1.2,-4.8,-3.2,198.6,53110.0,7217249.0,7137303616.0,False,Small,0.007358759549518106,False,False
1165,Epic Cash,EPIC,0.43,0.30%,1.50%,1.80%,-10.60%,"$3,745.00 ","16,946,144",21 Million,"$7,212,975.00 ",0.43,0.3,1.5,1.8,-10.6,3745.0,7212975.0,16946144.0,False,Small,0.0005192032413809835,False,False
1166,Gari Network,GARI,0.03,-0.80%,-1.90%,9.30%,14.40%,"$1,325,592.00 ","273,397,650",997 Million,"$7,168,381.00 ",0.03,-0.8,-1.9,9.3,14.4,1325592.0,7168381.0,273397650.0,False,Small,0.18492209049714295,False,False
1167,Solcasino Token,SCS, $-   ,0.10%,-1.20%,26.70%,75.90%,"$108,566.00 ","1,516,579,095",9.88 Billion,"$7,158,552.00 ",,0.1,-1.2,26.7,75.9,108566.0,7158552.0,1516579095.0,False,Small,0.015165916235573899,False,False
1168,HEdpAY,HDP.Ф,0.14,-,-,-,-, - ,"66,338,588",1 Billion,"$9,571,146.00 ",0.14,,,,,,9571146.0,66338588.0,False,Small,,False,False
1169,Bitcoin Pro,BTCP,55.30,-0.30%,11.60%,-25.20%,-35.30%,"$10,020.00 ","129,018",2.1 Million,"$7,135,372.00 ",55.3,-0.3,11.6,-25.2,-35.3,10020.0,7135372.0,129018.0,False,Small,0.0014042715642576169,False,False
1170,DeFinity,DEFX,0.05,-0.40%,-4.80%,165.00%,123.40%,"$16,700.00 ","153,070,078",172 Million,"$7,102,715.00 ",0.05,-0.4,-4.8,165.0,123.4,16700.0,7102715.0,153070078.0,False,Small,0.0023512135852276207,False,False
1171,Law Blocks,LBT,0.09,-0.10%,0.10%,0.30%,0.50%,"$74,254.00 ","75,000,000",1 Billion,"$7,088,574.00 ",0.09,-0.1,0.1,0.3,0.5,74254.0,7088574.0,75000000.0,False,Small,0.010475167501954553,False,False
1172,GensoKishi Metaverse,MV,0.04,-0.70%,-5.70%,-9.30%,20.50%,"$643,113.00 ","189,020,210",400 Million,"$7,063,304.00 ",0.04,-0.7,-5.7,-9.3,20.5,643113.0,7063304.0,189020210.0,False,Small,0.09104988260451483,False,False
1173,AshSwap,ASH,0.03,0.40%,-3.40%,41.10%,132.20%,"$189,289.00 ","224,539,171",1 Billion,"$7,049,759.00 ",0.03,0.4,-3.4,41.1,132.2,189289.0,7049759.0,224539171.0,False,Small,0.02685042141156882,False,False
1174,Muse DAO,MUSE,7.42,-1.50%,-5.00%,-5.40%,27.70%,"$216,627.00 ","949,942",950 Thousand,"$7,046,315.00 ",7.42,-1.5,-5.0,-5.4,27.7,216627.0,7046315.0,949942.0,False,Small,0.030743303414621684,False,False
1175,Trabzonspor Fan Token,TRA,0.94,0.00%,-1.80%,-4.70%,-6.10%,"$150,492.00 ","7,448,712",10 Million,"$7,022,021.00 ",0.94,0.0,-1.8,-4.7,-6.1,150492.0,7022021.0,7448712.0,False,Small,0.02143143690399103,False,False
1176,White Whale,WHALE,0.02,0.10%,-2.00%,-34.50%,45.20%,"$116,543.00 ","333,163,727",589 Million,"$7,020,341.00 ",0.02,0.1,-2.0,-34.5,45.2,116543.0,7020341.0,333163727.0,False,Small,0.01660076056134595,False,False
1177,Offshift,XFT,0.78,0.10%,-2.00%,83.50%,332.40%,"$88,533.00 ","9,022,955",10.3 Million,"$7,019,125.00 ",0.78,0.1,-2.0,83.5,332.4,88533.0,7019125.0,9022955.0,False,Small,0.012613110608516019,False,False
1178,Astra DAO,ASTRADAO, $-   ,0.00%,-1.50%,24.70%,,"$62,292.00 ","84,914,405,594,431",130 Trillion,"$7,007,081.00 ",,0.0,-1.5,24.7,,62292.0,7007081.0,84914405594431.0,False,Small,0.008889864410016097,False,False
1179,Dark Frontiers,DARK,0.04,0.30%,3.30%,31.70%,106.90%,"$148,846.00 ","189,674,900",250 Million,"$7,009,676.00 ",0.04,0.3,3.3,31.7,106.9,148846.0,7009676.0,189674900.0,False,Small,0.02123436233001354,False,False
1180,SIX Network,SIX,0.03,0.30%,-1.10%,-4.30%,-10.90%,"$3,000,834.00 ","273,776,596",1 Billion,"$6,976,971.00 ",0.03,0.3,-1.1,-4.3,-10.9,3000834.0,6976971.0,273776596.0,False,Small,0.4301055572683332,False,False
1181,KlimaDAO,KLIMA,0.78,0.60%,-0.30%,-11.40%,13.00%,"$23,393.00 ","8,851,790",8.85 Million,"$6,941,570.00 ",0.78,0.6,-0.3,-11.4,13.0,23393.0,6941570.0,8851790.0,False,Small,0.0033699869049797094,False,False
1182,Taki,TAKI,0.01,0.20%,0.70%,-3.10%,-4.80%,"$75,026.00 ","1,170,868,697",3 Billion,"$6,920,953.00 ",0.01,0.2,0.7,-3.1,-4.8,75026.0,6920953.0,1170868697.0,False,Small,0.010840414607641463,False,False
1183,Dexpools,DXP,0.79,0.10%,-0.60%,10.50%,41.40%,$19.71 ,"8,750,000",8.75 Million,"$6,911,594.00 ",0.79,0.1,-0.6,10.5,41.4,19.71,6911594.0,8750000.0,False,Small,2.851730006131726e-06,False,False
1184,Aquarius,AQUA, $-   ,0.00%,-2.80%,0.80%,1.90%,"$61,697.00 ","17,475,597,813",100 Billion,"$6,900,082.00 ",,0.0,-2.8,0.8,1.9,61697.0,6900082.0,17475597813.0,False,Small,0.008941487941737504,False,False
1185,KI,XKI,0.01,0.40%,4.50%,-6.80%,-2.70%,"$1,037.00 ","483,942,741",946 Million,"$6,885,879.00 ",0.01,0.4,4.5,-6.8,-2.7,1037.0,6885879.0,483942741.0,False,Small,0.00015059805727053873,False,False
1186,Cashtree Token,CTT,0.02,0.10%,-6.80%,-6.80%,13.80%,"$19,610.00 ","310,686,488",5 Billion,"$6,884,299.00 ",0.02,0.1,-6.8,-6.8,13.8,19610.0,6884299.0,310686488.0,False,Small,0.0028485107924568647,False,False
1187,LeisureMeta,LM,0.01,-2.20%,-8.70%,-19.90%,-20.60%,"$1,153,747.00 ","964,748,037",4.67 Billion,"$6,881,844.00 ",0.01,-2.2,-8.7,-19.9,-20.6,1153747.0,6881844.0,964748037.0,False,Small,0.1676508505569147,False,False
1188,Meta Apes PEEL,PEEL,0.04,0.10%,-7.70%,-5.60%,-0.70%,"$142,614.00 ","175,744,289",70 Million,"$6,879,543.00 ",0.04,0.1,-7.7,-5.6,-0.7,142614.0,6879543.0,175744289.0,False,Small,0.0207301560583312,False,False
1189,Spookyswap,BOO,0.68,-2.00%,-3.30%,-16.90%,73.10%,"$90,592.00 ","9,915,805",5.74 Million,"$6,759,473.00 ",0.68,-2.0,-3.3,-16.9,73.1,90592.0,6759473.0,9915805.0,False,Small,0.013402228250634331,False,False
1190,ELYSIA,EL, $-   ,-1.00%,-2.40%,-1.60%,12.80%,"$355,690.00 ","3,202,286,469",6.8 Billion,"$6,746,210.00 ",,-1.0,-2.4,-1.6,12.8,355690.0,6746210.0,3202286469.0,False,Small,0.0527244185994803,False,False
1191,Dream Machine Token,DMT,11.21,0.10%,7.70%,-27.70%,4.80%,"$156,806.00 ","601,463",1 Million,"$6,734,204.00 ",11.21,0.1,7.7,-27.7,4.8,156806.0,6734204.0,601463.0,False,Small,0.023285008888949608,False,False
1192,El Hippo,HIPP, $-   ,0.40%,4.60%,43.00%,67.80%,"$1,419,237.00 ","737,581,291,822,586",777 Trillion,"$6,703,390.00 ",,0.4,4.6,43.0,67.8,1419237.0,6703390.0,737581291822586.0,False,Small,0.21171929426752734,False,False
1193,Project WITH,WIKEN,0.01,-0.60%,-1.40%,1.50%,6.90%,"$34,909.00 ","991,118,882",1.06 Billion,"$6,690,836.00 ",0.01,-0.6,-1.4,1.5,6.9,34909.0,6690836.0,991118882.0,False,Small,0.00521743471219441,False,False
1194,Rowan Coin,RWN,0.03,0.40%,1.00%,42.00%,68.80%,"$343,884.00 ","195,000,000",545 Million,"$6,653,021.00 ",0.03,0.4,1.0,42.0,68.8,343884.0,6653021.0,195000000.0,False,Small,0.05168839839826148,False,False
1195,BzetCoin,BZET,0.07,0.90%,0.30%,8.80%,-14.20%,"$39,144.00 ","100,000,000",100 Million,"$6,621,586.00 ",0.07,0.9,0.3,8.8,-14.2,39144.0,6621586.0,100000000.0,False,Small,0.005911574659001635,False,False
1196,Hivemapper,HONEY,0.02,3.50%,14.40%,32.50%,122.00%,"$148,517.00 ","275,315,513",6.16 Billion,"$6,613,878.00 ",0.02,3.5,14.4,32.5,122.0,148517.0,6613878.0,275315513.0,False,Small,0.022455358263336576,False,False
1197,Smart Valor,VALOR,0.13,0.70%,-1.00%,-1.80%,5.50%,"$39,922.00 ","50,615,105",75 Million,"$6,614,777.00 ",0.13,0.7,-1.0,-1.8,5.5,39922.0,6614777.0,50615105.0,False,Small,0.006035275263247725,False,False
1198,Moonwell,WELL,0.01,0.30%,6.80%,6.20%,44.50%,"$707,854.00 ","1,213,656,935",5 Billion,"$6,600,975.00 ",0.01,0.3,6.8,6.2,44.5,707854.0,6600975.0,1213656935.0,False,Small,0.10723476456129587,False,False
1199,Steam Exchange,STEAMX, $-   ,-0.40%,5.80%,5.90%,7.00%,"$24,771.00 ","100,000,000,000",100 Billion,"$6,547,264.00 ",,-0.4,5.8,5.9,7.0,24771.0,6547264.0,100000000000.0,False,Small,0.0037834124299860215,False,False
1200,Karate Combat,KARATE, $-   ,0.40%,1.00%,11.20%,59.80%,"$162,060.00 ","6,509,976,129",110 Billion,"$6,545,961.00 ",,0.4,1.0,11.2,59.8,162060.0,6545961.0,6509976129.0,False,Small,0.024757251074364786,False,False
1201,ApeSwap,BANANA,0.02,-0.10%,-5.30%,-2.30%,45.10%,"$411,415.00 ","269,508,815",318 Million,"$6,545,290.00 ",0.02,-0.1,-5.3,-2.3,45.1,411415.0,6545290.0,269508815.0,False,Small,0.06285664959077443,False,False
1202,SafeDeal,SFD,0.38,2.60%,-1.30%,1.40%,16.70%,"$5,752.00 ","17,321,381",17.3 Million,"$6,516,968.00 ",0.38,2.6,-1.3,1.4,16.7,5752.0,6516968.0,17321381.0,False,Small,0.0008826190338820138,False,False
1203,Pibble,PIB, $-   ,-0.30%,4.40%,4.00%,10.80%,"$63,652.00 ","20,921,860,893",29.7 Billion,"$6,512,329.00 ",,-0.3,4.4,4.0,10.8,63652.0,6512329.0,20921860893.0,False,Small,0.009774076217586672,False,False
1204,Maxity,MAX,0.05,-0.10%,-1.00%,-0.40%,65.60%,"$614,964.00 ","140,583,334",1 Billion,"$6,454,593.00 ",0.05,-0.1,-1.0,-0.4,65.6,614964.0,6454593.0,140583334.0,False,Small,0.09527541085859326,False,False
1205,Hanu Yokia,HANU, $-   ,0.20%,1.50%,5.60%,66.10%,"$2,746.00 ","30,080,864,333,222",593 Trillion,"$6,450,357.00 ",,0.2,1.5,5.6,66.1,2746.0,6450357.0,30080864333222.0,False,Small,0.00042571287139611035,False,False
1206,Kunci Coin,KUNCI,0.01,-0.40%,-2.50%,0.30%,2.90%,"$30,892.00 ","1,232,584,319",4 Billion,"$6,444,413.00 ",0.01,-0.4,-2.5,0.3,2.9,30892.0,6444413.0,1232584319.0,False,Small,0.004793609596405445,False,False
1207,Banano,BAN, $-   ,0.40%,-2.40%,-5.40%,7.40%,"$12,154.00 ","1,538,099,678",1.92 Billion,"$6,421,967.00 ",,0.4,-2.4,-5.4,7.4,12154.0,6421967.0,1538099678.0,False,Small,0.0018925665609929169,False,False
1208,Starcoin,STC,0.02,-8.90%,-8.40%,169.40%,192.10%,"$185,662.00 ","325,181,117",325 Million,"$6,411,868.00 ",0.02,-8.9,-8.4,169.4,192.1,185662.0,6411868.0,325181117.0,False,Small,0.02895599223190496,False,False
1209,Neutrino Index Token,XTN,0.08,1.10%,0.40%,-6.20%,-8.50%,"$27,908.00 ","79,847,576",79.8 Million,"$6,406,813.00 ",0.08,1.1,0.4,-6.2,-8.5,27908.0,6406813.0,79847576.0,False,Small,0.0043559879147401365,False,False
1210,BHNetwork,BHAT,0.02,-0.70%,-12.00%,8.10%,315.10%,"$263,888.00 ","301,427,040",500 Million,"$6,387,517.00 ",0.02,-0.7,-12.0,8.1,315.1,263888.0,6387517.0,301427040.0,False,Small,0.04131307987125514,False,False
1211,MixMarvel,MIX, $-   ,-0.30%,-6.50%,-10.40%,16.30%,"$261,006.00 ","5,143,070,000",10 Billion,"$6,362,275.00 ",,-0.3,-6.5,-10.4,16.3,261006.0,6362275.0,5143070000.0,False,Small,0.04102400477816504,False,False
1212,Rebel Bots,RBLS,0.02,-1.20%,4.30%,-15.60%,-65.20%,"$80,214.00 ","261,383,090",261 Million,"$6,319,969.00 ",0.02,-1.2,4.3,-15.6,-65.2,80214.0,6319969.0,261383090.0,False,Small,0.012692150863398222,False,False
1213,Pandacoin,PND, $-   ,-0.10%,3.50%,5.90%,80.00%,$39.90 ,"35,119,737,605",32 Billion,"$6,314,420.00 ",,-0.1,3.5,5.9,80.0,39.9,6314420.0,35119737605.0,False,Small,6.3188701416757194e-06,False,False
1214,CropBytes,CBX,0.02,0.20%,7.10%,-2.50%,22.50%,"$1,680,148.00 ","286,294,140",500 Million,"$6,300,239.00 ",0.02,0.2,7.1,-2.5,22.5,1680148.0,6300239.0,286294140.0,False,Small,0.2666800418206357,False,False
1215,Lucro,LCR, $-   ,-0.50%,-7.80%,-4.90%,-11.70%,"$90,631.00 ","99,956,623,224",100 Billion,"$6,294,357.00 ",,-0.5,-7.8,-4.9,-11.7,90631.0,6294357.0,99956623224.0,False,Small,0.014398770200037906,False,False
1216,Passage,PASG,0.01,-3.30%,-6.70%,-3.50%,33.60%,"$16,265.00 ","448,513,552",1.22 Billion,"$6,279,039.00 ",0.01,-3.3,-6.7,-3.5,33.6,16265.0,6279039.0,448513552.0,False,Small,0.0025903645446381206,False,False
1217,Anchor Protocol,ANC,0.02,17.60%,57.40%,63.50%,115.50%,"$710,727.00 ","350,389,360",1 Billion,"$6,274,757.00 ",0.02,17.6,57.4,63.5,115.5,710727.0,6274757.0,350389360.0,False,Small,0.11326765323342403,False,False
1218,Pika Protocol,PIKA,0.33,0.30%,1.70%,0.90%,124.90%,"$31,715.00 ","19,000,000",100 Million,"$6,261,626.00 ",0.33,0.3,1.7,0.9,124.9,31715.0,6261626.0,19000000.0,False,Small,0.005064978329909835,False,False
1219,Blockasset,BLOCK,0.03,0.20%,-1.20%,5.80%,46.50%,"$51,270.00 ","184,096,265",320 Million,"$6,237,961.00 ",0.03,0.2,-1.2,5.8,46.5,51270.0,6237961.0,184096265.0,False,Small,0.008219031827868113,False,False
1220,Jones DAO,JONES,1.36,0.00%,0.80%,-15.10%,-5.30%,"$117,456.00 ","4,583,074",10 Million,"$6,220,346.00 ",1.36,0.0,0.8,-15.1,-5.3,117456.0,6220346.0,4583074.0,False,Small,0.01888255090633222,False,False
1221,Skeb,SKEB, $-   ,0.00%,0.40%,-4.40%,-13.40%,"$84,879.00 ","4,183,675,000",9.98 Billion,"$6,209,668.00 ",,0.0,0.4,-4.4,-13.4,84879.0,6209668.0,4183675000.0,False,Small,0.013668846708068772,False,False
1222,Omax,OMAX, $-   ,0.00%,0.20%,-2.70%,67.60%,"$1,267,419.00 ","9,000,000,000",9 Billion,"$6,202,516.00 ",,0.0,0.2,-2.7,67.6,1267419.0,6202516.0,9000000000.0,False,Small,0.20433949706860893,False,False
1223,SpankChain,SPANK,0.01,-,-,-,-, - ,"861,043,315",1 Billion,"$6,014,369.00 ",0.01,,,,,,6014369.0,861043315.0,False,Small,,False,False
1224,BLOCX.,BLOCX,0.13,2.20%,1.40%,50.60%,155.00%,"$129,024.00 ","46,190,860",46.2 Million,"$6,160,506.00 ",0.13,2.2,1.4,50.6,155.0,129024.0,6160506.0,46190860.0,False,Small,0.020943734167290805,False,False
1225,Connex,CONX,5.46,0.40%,14.10%,51.50%,122.40%,"$564,958.00 ","1,124,600",100 Million,"$6,150,016.00 ",5.46,0.4,14.1,51.5,122.4,564958.0,6150016.0,1124600.0,False,Small,0.09186285043811268,False,False
1226,Receive Access Ecosystem,RAE,1.00,-9.60%,23.90%,21.80%,12.60%,"$41,998.00 ","6,131,622",6.13 Million,"$6,135,664.00 ",1.0,-9.6,23.9,21.8,12.6,41998.0,6135664.0,6131622.0,False,Small,0.0068448989384034065,False,False
1227,Geodnet,GEOD,0.07,0.10%,4.80%,23.90%,43.60%,"$6,407.00 ","89,216,476",997 Million,"$6,126,508.00 ",0.07,0.1,4.8,23.9,43.6,6407.0,6126508.0,89216476.0,False,Small,0.00104578334019967,False,False
1228,The Doge NFT,DOG, $-   ,-4.60%,-3.30%,-1.50%,29.90%,"$43,689.00 ","8,665,263,478",17 Billion,"$6,124,910.00 ",,-4.6,-3.3,-1.5,29.9,43689.0,6124910.0,8665263478.0,False,Small,0.007133002770652957,False,False
1229,ScPrime,SCP,0.11,8.00%,-0.60%,-1.40%,-1.10%,$215.00 ,"54,780,157",55 Million,"$6,123,201.00 ",0.11,8.0,-0.6,-1.4,-1.1,215.0,6123201.0,54780157.0,False,Small,3.511235381624742e-05,False,False
1230,BEAM,BEAM,0.04,-3.10%,-14.80%,25.40%,49.30%,"$655,417.00 ","148,152,520",263 Million,"$6,082,473.00 ",0.04,-3.1,-14.8,25.4,49.3,655417.0,6082473.0,148152520.0,False,Small,0.10775502003872438,False,False
1231,Minted,MTD,0.03,-0.60%,-1.90%,-2.60%,30.60%,"$36,218.00 ","184,341,835",884 Million,"$6,063,966.00 ",0.03,-0.6,-1.9,-2.6,30.6,36218.0,6063966.0,184341835.0,False,Small,0.005972658817678067,False,False
1232,Panther Protocol,ZKP,0.02,-2.50%,-3.90%,-10.90%,7.80%,"$137,651.00 ","319,539,972",320 Million,"$6,062,196.00 ",0.02,-2.5,-3.9,-10.9,7.8,137651.0,6062196.0,319539972.0,False,Small,0.022706458187759022,False,False
1233,DeepBrain Chain,DBC, $-   ,-0.30%,-2.90%,-1.60%,-5.00%,"$270,002.00 ","3,200,000,000",10 Billion,"$6,048,323.00 ",,-0.3,-2.9,-1.6,-5.0,270002.0,6048323.0,3200000000.0,False,Small,0.04464080374014417,False,False
1234,BTU Protocol,BTU,0.08,0.30%,-1.30%,-64.20%,-59.10%,$365.00 ,"80,000,000",100 Million,"$6,040,513.00 ",0.08,0.3,-1.3,-64.2,-59.1,365.0,6040513.0,80000000.0,False,Small,6.042533142466542e-05,False,False
1235,Prisma Governance Token,PRISMA,0.84,-1.70%,-8.10%,5.60%,,"$2,329,430.00 ","7,198,289",300 Million,"$6,030,894.00 ",0.84,-1.7,-8.1,5.6,,2329430.0,6030894.0,7198289.0,False,Small,0.3862495344802943,False,False
1236,Yield Yak,YAK,600.80,0.50%,-9.90%,7.70%,120.90%,"$8,051.00 ","10,000",10 Thousand,"$6,008,090.00 ",600.8,0.5,-9.9,7.7,120.9,8051.0,6008090.0,10000.0,False,Small,0.0013400265308941776,False,False
1237,Brillion,DUA,0.05,0.00%,-2.40%,-5.10%,24.50%,"$122,848.00 ","132,900,132",1 Billion,"$6,004,939.00 ",0.05,0.0,-2.4,-5.1,24.5,122848.0,6004939.0,132900132.0,False,Small,0.02045782646584753,False,False
1238,Origin DeFi Governance,OGV,0.01,-0.10%,-2.80%,-9.10%,100.60%,"$839,117.00 ","680,882,297",4.41 Billion,"$5,995,368.00 ",0.01,-0.1,-2.8,-9.1,100.6,839117.0,5995368.0,680882297.0,False,Small,0.13996088313511365,False,False
1239,Aave [OLD],LEND,0.17,,-6.40%,5.70%,-78.80%,$5.85 ,"35,947,025",1.3 Billion,"$5,953,123.00 ",0.17,,-6.4,5.7,-78.8,5.85,5953123.0,35947025.0,False,Small,9.826774954927018e-07,False,False
1240,sudoswap,SUDO,0.24,2.70%,-0.10%,-6.80%,34.60%,"$598,630.00 ","25,163,919",58.1 Million,"$5,976,283.00 ",0.24,2.7,-0.1,-6.8,34.6,598630.0,5976283.0,25163919.0,False,Small,0.10016761254445279,False,False
1241,DEAPCOIN,DEP, $-   ,0.10%,4.30%,7.10%,75.50%,"$1,311,466.00 ","4,836,107,347",30 Billion,"$5,976,931.00 ",,0.1,4.3,7.1,75.5,1311466.0,5976931.0,4836107347.0,False,Small,0.21942130501422888,False,False
1242,BitKan,KAN, $-   ,0.30%,-0.90%,-3.40%,41.40%,"$258,464.00 ","5,452,621,227",10 Billion,"$5,918,433.00 ",,0.3,-0.9,-3.4,41.4,258464.0,5918433.0,5452621227.0,False,Small,0.04367101900114439,False,False
1243,Permission Coin,ASK, $-   ,-0.10%,-1.10%,-3.60%,10.90%,"$10,280.00 ","20,630,311,762",100 Billion,"$5,907,204.00 ",,-0.1,-1.1,-3.6,10.9,10280.0,5907204.0,20630311762.0,False,Small,0.0017402480090411639,False,False
1244,SuperWalk,GRND,0.13,-0.40%,-2.40%,-4.90%,-8.90%,"$73,437.00 ","44,317,594",999 Million,"$5,907,399.00 ",0.13,-0.4,-2.4,-4.9,-8.9,73437.0,5907399.0,44317594.0,False,Small,0.012431359385069469,False,False
1245,DappRadar,RADAR,0.01,-3.40%,-1.40%,-2.80%,10.30%,"$378,526.00 ","1,013,142,907",10 Billion,"$5,887,155.00 ",0.01,-3.4,-1.4,-2.8,10.3,378526.0,5887155.0,1013142907.0,False,Small,0.06429693120021471,False,False
1246,Wrapped Ampleforth,WAMPL,6.96,-0.10%,-1.10%,10.90%,115.00%,"$65,694.00 ","845,333",845 Thousand,"$5,872,102.00 ",6.96,-0.1,-1.1,10.9,115.0,65694.0,5872102.0,845333.0,False,Small,0.011187475966868423,False,False
1247,Evadore,EVA,0.03,0.00%,0.50%,-9.20%,-67.90%,"$1,022,544.00 ","181,606,768",1 Billion,"$5,831,869.00 ",0.03,0.0,0.5,-9.2,-67.9,1022544.0,5831869.0,181606768.0,False,Small,0.17533727180771722,False,False
1248,SEDA Protocol,FLX,0.02,0.00%,0.00%,-2.80%,25.50%,"$2,737.00 ","268,528,277",1 Billion,"$5,813,516.00 ",0.02,0.0,0.0,-2.8,25.5,2737.0,5813516.0,268528277.0,False,Small,0.0004707994267152615,False,False
1249,IPOR,IPOR,0.60,0.30%,1.20%,-14.60%,5.80%,"$6,774.00 ","9,732,356",100 Million,"$5,812,825.00 ",0.6,0.3,1.2,-14.6,5.8,6774.0,5812825.0,9732356.0,False,Small,0.0011653541952492978,False,False
1250,Renewable Energy,RET, $-   ,-1.20%,0.20%,-10.60%,27.20%,"$1,332,434.00 ","19,090,482,377,490,100",26.8 Quadrillion,"$5,799,851.00 ",,-1.2,0.2,-10.6,27.2,1332434.0,5799851.0,1.90904823774901e+16,False,Small,0.2297359018360989,False,False
1251,Blockchain Bets,BCB,0.01,2.60%,1.90%,-7.30%,3.90%,"$56,672.00 ","877,672,966",878 Million,"$5,798,191.00 ",0.01,2.6,1.9,-7.3,3.9,56672.0,5798191.0,877672966.0,False,Small,0.009774082985538076,False,False
1252,Mimo Governance,MIMO,0.01,0.90%,0.50%,-0.80%,-4.10%,"$12,430.00 ","515,636,482",802 Million,"$5,792,457.00 ",0.01,0.9,0.5,-0.8,-4.1,12430.0,5792457.0,515636482.0,False,Small,0.002145894220708069,False,False
1253,Obyte,GBYTE,6.76,-9.20%,40.10%,-33.80%,-40.70%,"$6,302.00 ","855,963",1 Million,"$5,789,891.00 ",6.76,-9.2,40.1,-33.8,-40.7,6302.0,5789891.0,855963.0,False,Small,0.0010884488153576639,False,False
1254,BendDAO,BEND,0.01,1.60%,-2.70%,3.70%,113.60%,"$518,467.00 ","1,104,682,279",10 Billion,"$5,786,482.00 ",0.01,1.6,-2.7,3.7,113.6,518467.0,5786482.0,1104682279.0,False,Small,0.08959969114221733,False,False
1255,Etherempires,ETE,0.01,0.00%,0.10%,-0.40%,8.70%,"$48,556.00 ","500,000,000",500 Million,"$5,699,196.00 ",0.01,0.0,0.1,-0.4,8.7,48556.0,5699196.0,500000000.0,False,Small,0.008519798231189101,False,False
1256,RealFevr,FEVR, $-   ,-0.30%,-7.00%,-14.40%,-5.00%,"$379,544.00 ","13,429,255,388",16 Billion,"$5,691,413.00 ",,-0.3,-7.0,-14.4,-5.0,379544.0,5691413.0,13429255388.0,False,Small,0.06668713024340353,False,False
1257,$REKT,REKT,5.64,0.20%,-4.00%,-2.10%,-36.90%,"$145,895.00 ","1,000,000",1 Million,"$5,638,176.00 ",5.64,0.2,-4.0,-2.1,-36.9,145895.0,5638176.0,1000000.0,False,Small,0.025876276299285444,False,False
1258,Kitty Inu,KITTY, $-   ,-0.80%,5.80%,-14.70%,-8.00%,"$12,171.00 ","731,738,978,480",732 Billion,"$5,634,441.00 ",,-0.8,5.8,-14.7,-8.0,12171.0,5634441.0,731738978480.0,False,Small,0.0021601078083877353,False,False
1259,Robo Inu Finance,RBIF, $-   ,-0.10%,2.20%,-0.40%,-24.50%,$978.00 ,"57,891,529,722,061,200",100 Quadrillion,"$5,632,139.00 ",,-0.1,2.2,-0.4,-24.5,978.0,5632139.0,5.78915297220612e+16,False,Small,0.00017364628252250166,False,False
1260,Cellframe,CELL,0.20,-0.30%,-6.50%,-8.40%,7.90%,"$132,951.00 ","28,785,000",29.7 Million,"$5,617,513.00 ",0.2,-0.3,-6.5,-8.4,7.9,132951.0,5617513.0,28785000.0,False,Small,0.023667234948988994,False,False
1261,LORDS,LORDS,0.11,0.00%,7.10%,-10.10%,24.30%,"$43,806.00 ","50,900,000",50.9 Million,"$5,612,223.00 ",0.11,0.0,7.1,-10.1,24.3,43806.0,5612223.0,50900000.0,False,Small,0.007805463182770892,False,False
1262,Picasso,PICA, $-   ,1.60%,-4.60%,-14.30%,272.70%,"$80,713.00 ","3,659,029,360",10 Billion,"$5,574,879.00 ",,1.6,-4.6,-14.3,272.7,80713.0,5574879.0,3659029360.0,False,Small,0.014477982392084206,False,False
1263,Bytecoin,BCN, $-   ,-,-,-,-, - ,"184,020,000,000",184 Billion,"$5,715,005.00 ",,,,,,,5715005.0,184020000000.0,False,Small,,False,False
1264,Handy,HANDY, $-   ,-1.30%,-8.10%,86.30%,159.30%,"$6,591.00 ","4,605,972,125",10 Billion,"$5,540,852.00 ",,-1.3,-8.1,86.3,159.3,6591.0,5540852.0,4605972125.0,False,Small,0.0011895282530556672,False,False
1265,PLEARN,PLN,0.05,0.60%,-6.90%,-24.10%,209.20%,"$20,235.00 ","110,780,615",111 Million,"$5,529,333.00 ",0.05,0.6,-6.9,-24.1,209.2,20235.0,5529333.0,110780615.0,False,Small,0.0036595734060509647,False,False
1266,Mysterium,MYST,0.17,0.20%,1.90%,5.30%,-17.40%,"$88,570.00 ","32,433,365",32.4 Million,"$5,522,753.00 ",0.17,0.2,1.9,5.3,-17.4,88570.0,5522753.0,32433365.0,False,Small,0.01603729154644432,False,False
1267,Polaris Share,POLA,0.01,-0.60%,-1.90%,-0.50%,2.70%,"$605,771.00 ","398,780,733",4.6 Billion,"$5,516,511.00 ",0.01,-0.6,-1.9,-0.5,2.7,605771.0,5516511.0,398780733.0,False,Small,0.1098105306053047,False,False
1268,S.C. Corinthians Fan Token,SCCP,0.51,-0.80%,-4.40%,-4.80%,12.80%,"$49,839.00 ","10,737,871",20 Million,"$5,512,500.00 ",0.51,-0.8,-4.4,-4.8,12.8,49839.0,5512500.0,10737871.0,False,Small,0.00904108843537415,False,False
1269,GenomesDAO,$GENE,0.02,-0.90%,38.00%,42.10%,273.00%,"$810,554.00 ","270,847,054",1 Billion,"$5,509,765.00 ",0.02,-0.9,38.0,42.1,273.0,810554.0,5509765.0,270847054.0,False,Small,0.14711226340869346,False,False
1270,Ridotto,RDT,0.02,-0.40%,2.50%,-4.30%,64.30%,"$22,913.00 ","270,238,339",500 Million,"$5,500,167.00 ",0.02,-0.4,2.5,-4.3,64.3,22913.0,5500167.0,270238339.0,False,Small,0.004165873508931638,False,False
1271,Market Making Pro,MMPRO,0.06,-0.20%,-3.80%,1.80%,-3.50%,"$88,219.00 ","92,080,755",100 Million,"$5,497,621.00 ",0.06,-0.2,-3.8,1.8,-3.5,88219.0,5497621.0,92080755.0,False,Small,0.016046759134542014,False,False
1272,Notional Finance,NOTE,0.13,-0.20%,-1.00%,-8.80%,13.80%,"$15,177.00 ","42,394,457",100 Million,"$5,436,486.00 ",0.13,-0.2,-1.0,-8.8,13.8,15177.0,5436486.0,42394457.0,False,Small,0.002791693016408025,False,False
1273,Betswap.gg,BSGG, $-   ,-0.10%,-0.70%,4.90%,15.30%,"$91,846.00 ","2,498,830,236",10 Billion,"$5,429,117.00 ",,-0.1,-0.7,4.9,15.3,91846.0,5429117.0,2498830236.0,False,Small,0.01691729981136896,False,False
1274,GoChain,GO, $-   ,0.30%,-2.80%,-8.10%,0.40%,"$69,138.00 ","1,243,776,246",∞,"$5,420,651.00 ",,0.3,-2.8,-8.1,0.4,69138.0,5420651.0,1243776246.0,False,Small,0.012754556602149816,False,False
1275,Mancium,MANC,0.53,0.10%,-0.90%,-1.00%,2.00%,"$96,321.00 ","10,000,000",100 Million,"$5,399,167.00 ",0.53,0.1,-0.9,-1.0,2.0,96321.0,5399167.0,10000000.0,False,Small,0.017839974203428047,False,False
1276,azit,AZIT,0.05,-3.20%,-12.00%,10.60%,13.40%,"$1,083,123.00 ","108,859,855",500 Million,"$5,375,953.00 ",0.05,-3.2,-12.0,10.6,13.4,1083123.0,5375953.0,108859855.0,False,Small,0.20147553373327481,False,False
1277,Shade Protocol,SHD,2.90,0.10%,-7.70%,-21.60%,47.20%,"$5,047,227.00 ","1,853,592",10 Million,"$5,372,959.00 ",2.9,0.1,-7.7,-21.6,47.2,5047227.0,5372959.0,1853592.0,False,Small,0.9393756773502273,True,False
1278,Crowny,CRWNY,0.01,-1.90%,1.30%,14.10%,174.00%,"$236,962.00 ","700,597,988",813 Million,"$5,349,973.00 ",0.01,-1.9,1.3,14.1,174.0,236962.0,5349973.0,700597988.0,False,Small,0.04429218614748149,False,False
1279,Bifrost Native Coin,BNC,0.26,0.20%,-1.00%,-6.00%,14.00%,"$228,842.00 ","20,382,189",80 Million,"$5,327,945.00 ",0.26,0.2,-1.0,-6.0,14.0,228842.0,5327945.0,20382189.0,False,Small,0.042951269204167836,False,False
1280,LikeCoin,LIKE, $-   ,-0.40%,-4.60%,35.10%,220.80%,"$2,547.00 ","1,353,421,283",2 Billion,"$5,318,226.00 ",,-0.4,-4.6,35.1,220.8,2547.0,5318226.0,1353421283.0,False,Small,0.0004789190982105687,False,False
1281,Aerodrome Finance,AERO,0.03,-0.90%,1.20%,18.20%,42.80%,"$398,638.00 ","159,975,820",652 Million,"$5,302,483.00 ",0.03,-0.9,1.2,18.2,42.8,398638.0,5302483.0,159975820.0,False,Small,0.07517949609645141,False,False
1282,Kryptomon,KMON,0.01,-0.40%,-3.40%,-6.60%,-13.30%,"$183,903.00 ","845,489,745",1 Billion,"$5,284,897.00 ",0.01,-0.4,-3.4,-6.6,-13.3,183903.0,5284897.0,845489745.0,False,Small,0.03479783995790268,False,False
1283,TRVL,TRVL,0.02,0.10%,-7.20%,-2.50%,13.00%,"$151,064.00 ","215,829,242",1 Billion,"$5,270,748.00 ",0.02,0.1,-7.2,-2.5,13.0,151064.0,5270748.0,215829242.0,False,Small,0.02866082764723337,False,False
1284,Arix,ARIX,0.53,-0.30%,-1.00%,-11.60%,10.90%,"$639,961.00 ","9,916,490",103 Million,"$5,253,526.00 ",0.53,-0.3,-1.0,-11.6,10.9,639961.0,5253526.0,9916490.0,False,Small,0.12181551971000049,False,False
1285,Napoli Fan Token,NAP,2.47,0.10%,-1.60%,-1.70%,-3.00%,"$160,965.00 ","2,129,128",10 Million,"$5,250,547.00 ",2.47,0.1,-1.6,-1.7,-3.0,160965.0,5250547.0,2129128.0,False,Small,0.03065680585279972,False,False
1286,Grin,GRIN,0.03,0.10%,-2.40%,-2.20%,28.20%,"$1,153,173.00 ","152,594,880",∞,"$5,238,810.00 ",0.03,0.1,-2.4,-2.2,28.2,1153173.0,5238810.0,152594880.0,False,Small,0.220121172556363,False,False
1287,Sakai Vault,SAKAI,1.84,0.10%,-1.70%,-1.00%,57.30%,"$4,457,215.00 ","2,835,092",8 Million,"$5,214,849.00 ",1.84,0.1,-1.7,-1.0,57.3,4457215.0,5214849.0,2835092.0,False,Small,0.8547160234169772,True,False
1288,GoGoPool,GGP,2.73,-0.10%,-1.70%,-14.90%,79.90%,"$45,960.00 ","1,900,073",∞,"$5,181,456.00 ",2.73,-0.1,-1.7,-14.9,79.9,45960.0,5181456.0,1900073.0,False,Small,0.008870093657072453,False,False
1289,Rai Reflex Index,RAI,2.77,0.10%,-0.10%,1.30%,1.20%,"$162,907.00 ","1,859,956",1.86 Million,"$5,151,732.00 ",2.77,0.1,-0.1,1.3,1.2,162907.0,5151732.0,1859956.0,False,Small,0.03162179243796067,False,False
1290,Bumper,BUMP,0.05,0.00%,0.40%,5.40%,72.60%,"$35,648.00 ","98,538,916",250 Million,"$5,152,331.00 ",0.05,0.0,0.4,5.4,72.6,35648.0,5152331.0,98538916.0,False,Small,0.00691881014632018,False,False
1291,Wombat,WOMBAT, $-   ,0.00%,-4.30%,-5.90%,0.10%,"$155,868.00 ","3,204,653,545",10 Billion,"$5,140,416.00 ",,0.0,-4.3,-5.9,0.1,155868.0,5140416.0,3204653545.0,False,Small,0.030322059537593843,False,False
1292,Edge,EDGE,0.11,-0.10%,1.70%,40.40%,89.40%,$70.30 ,"45,327,970",59.7 Million,"$5,122,403.00 ",0.11,-0.1,1.7,40.4,89.4,70.3,5122403.0,45327970.0,False,Small,1.372402757065385e-05,False,False
1293,Ommniverse,OMMI,2.06,0.10%,0.20%,1.30%,-9.10%,"$877,596.00 ","2,486,102",5.9 Million,"$5,118,170.00 ",2.06,0.1,0.2,1.3,-9.1,877596.0,5118170.0,2486102.0,False,Small,0.17146675471897183,False,False
1294,AMATERASU OMIKAMI,OMIKAMI,0.01,0.00%,6.80%,-26.90%,-26.60%,"$7,748.00 ","999,592,217",1 Billion,"$5,101,385.00 ",0.01,0.0,6.8,-26.9,-26.6,7748.0,5101385.0,999592217.0,False,Small,0.0015188032269667943,False,False
1295,Skey Network,SKEY,0.02,-0.10%,5.10%,-22.90%,-27.90%,"$268,056.00 ","284,435,537",1 Billion,"$5,094,054.00 ",0.02,-0.1,5.1,-22.9,-27.9,268056.0,5094054.0,284435537.0,False,Small,0.05262135030370703,False,False
1296,BLOCKv,VEE, $-   ,0.40%,-14.30%,-22.60%,-27.50%,"$3,006.00 ","3,301,394,753",3.65 Billion,"$5,092,644.00 ",,0.4,-14.3,-22.6,-27.5,3006.0,5092644.0,3301394753.0,False,Small,0.0005902631324710701,False,False
1297,Augur,REP,0.64,0.00%,-1.20%,-15.10%,32.30%,"$709,918.00 ","7,995,781",8 Million,"$5,086,805.00 ",0.64,0.0,-1.2,-15.1,32.3,709918.0,5086805.0,7995781.0,False,Small,0.13956068691447776,False,False
1298,Only1,LIKE,0.02,0.70%,-12.30%,87.80%,455.80%,"$1,400,222.00 ","273,286,650",500 Million,"$5,078,722.00 ",0.02,0.7,-12.3,87.8,455.8,1400222.0,5078722.0,273286650.0,False,Small,0.27570361205043314,False,False
1299,Prizm,PZM, $-   ,0.50%,1.90%,-0.30%,11.90%,"$129,417.00 ","3,619,167,511",6 Billion,"$5,065,996.00 ",,0.5,1.9,-0.3,11.9,129417.0,5065996.0,3619167511.0,False,Small,0.025546210458910746,False,False
1300,Aston Villa Fan Token,AVL,0.92,-1.10%,-2.10%,0.50%,15.50%,"$105,452.00 ","5,470,537",10 Million,"$5,063,559.00 ",0.92,-1.1,-2.1,0.5,15.5,105452.0,5063559.0,5470537.0,False,Small,0.020825668270084342,False,False
1301,CVI,GOVI,0.33,-0.10%,6.20%,62.80%,147.70%,"$139,169.00 ","15,439,655",32 Million,"$5,062,366.00 ",0.33,-0.1,6.2,62.8,147.7,139169.0,5062366.0,15439655.0,False,Small,0.027490900499884837,False,False
1302,cLINK,CLINK,0.29,-0.70%,2.80%,-4.60%,42.00%, $-   ,"17,536,440",17.5 Million,"$5,050,177.00 ",0.29,-0.7,2.8,-4.6,42.0,,5050177.0,17536440.0,False,Small,,False,False
1303,IguVerse IGU,IGU,0.04,-0.70%,-0.50%,6.20%,14.40%,"$891,912.00 ","138,794,049",400 Million,"$5,045,017.00 ",0.04,-0.7,-0.5,6.2,14.4,891912.0,5045017.0,138794049.0,False,Small,0.1767906827667776,False,False
1304,tGOLD,TXAU,53.82,0.00%,-0.10%,-0.20%,1.50%,"$4,709.00 ","93,399",93.4 Thousand,"$5,027,166.00 ",53.82,0.0,-0.1,-0.2,1.5,4709.0,5027166.0,93399.0,False,Small,0.0009367106636224067,False,False
1305,INSC,INSC,0.24,-,-,-,-, - ,"21,000,000",21 Million,"$5,001,546.00 ",0.24,,,,,,5001546.0,21000000.0,False,Small,,False,False
1306,Kasta,KASTA,0.01,-0.40%,7.40%,-2.90%,7.50%,"$308,323.00 ","350,038,825",1.5 Billion,"$4,997,419.00 ",0.01,-0.4,7.4,-2.9,7.5,308323.0,4997419.0,350038825.0,False,Small,0.061696447706305994,False,False
1307,Ēnosys,HLN,0.17,14.10%,8.90%,-25.20%,-73.90%,"$129,253.00 ","32,482,943",150 Million,"$4,995,206.00 ",0.17,14.1,8.9,-25.2,-73.9,129253.0,4995206.0,32482943.0,False,Small,0.02587540934247757,False,False
1308,Oxen,OXEN,0.08,0.30%,-5.40%,-6.80%,32.50%,"$17,442.00 ","65,603,896",∞,"$4,991,045.00 ",0.08,0.3,-5.4,-6.8,32.5,17442.0,4991045.0,65603896.0,False,Small,0.0034946589341510645,False,False
1309,GemHUB,GHUB,0.05,-1.20%,-0.80%,-23.60%,-30.10%,"$370,962.00 ","92,825,000",1.2 Billion,"$4,964,656.00 ",0.05,-1.2,-0.8,-23.6,-30.1,370962.0,4964656.0,92825000.0,False,Small,0.0747205848703314,False,False
1310,Wicrypt,WNT,0.15,5.40%,14.80%,-15.80%,559.20%,"$227,138.00 ","32,673,022",200 Million,"$4,959,009.00 ",0.15,5.4,14.8,-15.8,559.2,227138.0,4959009.0,32673022.0,False,Small,0.04580310299900645,False,False
1311,Everton Fan Token,EFC,0.95,-0.60%,-3.30%,-3.90%,36.70%,"$198,987.00 ","5,233,862",10 Million,"$4,959,346.00 ",0.95,-0.6,-3.3,-3.9,36.7,198987.0,4959346.0,5233862.0,False,Small,0.04012363726991422,False,False
1312,r/FortNiteBR Bricks,BRICK,0.08,1.70%,-5.40%,-27.00%,64.70%,"$74,186.00 ","65,269,283",65.3 Million,"$4,945,377.00 ",0.08,1.7,-5.4,-27.0,64.7,74186.0,4945377.0,65269283.0,False,Small,0.015001080807388396,False,False
1313,OATH,OATH,0.04,0.10%,-0.60%,-2.90%,13.40%,"$16,594.00 ","126,838,428",137 Million,"$4,929,154.00 ",0.04,0.1,-0.6,-2.9,13.4,16594.0,4929154.0,126838428.0,False,Small,0.003366500620593311,False,False
1314,IMPT,IMPT, $-   ,0.20%,0.90%,-6.80%,-10.10%,"$381,627.00 ","1,288,092,692",2.76 Billion,"$4,915,560.00 ",,0.2,0.9,-6.8,-10.1,381627.0,4915560.0,1288092692.0,False,Small,0.07763652564509435,False,False
1315,DSLA Protocol,DSLA, $-   ,-1.80%,-4.50%,-11.00%,-4.80%,"$175,888.00 ","5,566,263,562",5.7 Billion,"$4,911,585.00 ",,-1.8,-4.5,-11.0,-4.8,175888.0,4911585.0,5566263562.0,False,Small,0.035810843139231024,False,False
1316,Shiryo,SHIRYO-INU, $-   ,-1.80%,12.20%,53.60%,28.20%,"$43,744.00 ","964,970,637,440,352,000",980 Quadrillion,"$4,905,208.00 ",,-1.8,12.2,53.6,28.2,43744.0,4905208.0,9.64970637440352e+17,False,Small,0.008917868518521539,False,False
1317,MultiVAC,MTV, $-   ,4.70%,3.50%,15.30%,12.80%,"$495,586.00 ","3,459,778,400",10 Billion,"$4,902,730.00 ",,4.7,3.5,15.3,12.8,495586.0,4902730.0,3459778400.0,False,Small,0.10108368194862861,False,False
1318,OccamFi,OCC,0.19,-3.30%,12.50%,13.40%,34.90%,"$155,064.00 ","25,373,717",99.5 Million,"$4,891,719.00 ",0.19,-3.3,12.5,13.4,34.9,155064.0,4891719.0,25373717.0,False,Small,0.031699286079188115,False,False
1319,CitaDAO,KNIGHT, $-   ,-,-,-,-, - ,"1,195,774,612",10 Billion,"$4,813,272.00 ",,,,,,,4813272.0,1195774612.0,False,Small,,False,False
1320,Era Swap,ES, $-   ,0.10%,-1.60%,1.10%,-62.60%,"$11,619.00 ","2,218,005,143",3.86 Billion,"$4,869,465.00 ",,0.1,-1.6,1.1,-62.6,11619.0,4869465.0,2218005143.0,False,Small,0.0023860937495186843,False,False
1321,MMFinance (Cronos),MMF,0.01,-0.90%,2.90%,-4.60%,72.20%,"$272,633.00 ","761,386,650",491 Million,"$4,854,735.00 ",0.01,-0.9,2.9,-4.6,72.2,272633.0,4854735.0,761386650.0,False,Small,0.05615816311291966,False,False
1322,DerivaDAO,DDX,0.09,-0.10%,-0.50%,-14.60%,-2.80%,$193.00 ,"53,228,696",53.2 Million,"$4,846,532.00 ",0.09,-0.1,-0.5,-14.6,-2.8,193.0,4846532.0,53228696.0,False,Small,3.98222894226222e-05,False,False
1323,Gold Fever Native Gold,NGL,0.12,0.70%,-2.60%,20.50%,268.90%,"$213,702.00 ","40,994,078",170 Million,"$4,843,835.00 ",0.12,0.7,-2.6,20.5,268.9,213702.0,4843835.0,40994078.0,False,Small,0.04411834837478981,False,False
1324,WHALE,WHALE,0.53,0.60%,-0.60%,-2.10%,12.00%,"$454,219.00 ","9,146,791",10 Million,"$4,809,012.00 ",0.53,0.6,-0.6,-2.1,12.0,454219.0,4809012.0,9146791.0,False,Small,0.09445162540663238,False,False
1325,Particl,PART,0.35,-0.40%,16.40%,26.60%,18.00%,"$98,519.00 ","13,576,386",-,"$4,801,223.00 ",0.35,-0.4,16.4,26.6,18.0,98519.0,4801223.0,13576386.0,False,Small,0.02051956345289523,False,False
1326,Ispolink,ISP, $-   ,0.10%,8.80%,38.80%,291.70%,"$1,686,472.00 ","3,008,152,161",10 Billion,"$4,797,564.00 ",,0.1,8.8,38.8,291.7,1686472.0,4797564.0,3008152161.0,False,Small,0.35152673315040717,False,False
1327,Stader NearX,NEARX,2.07,9.30%,-6.50%,165.60%,69.40%,"$1,920.00 ","2,311,589",2.31 Million,"$4,787,831.00 ",2.07,9.3,-6.5,165.6,69.4,1920.0,4787831.0,2311589.0,False,Small,0.0004010166607802155,False,False
1328,Bullieverse,BULL,0.01,-6.50%,26.40%,116.10%,706.80%,"$885,437.00 ","685,523,021",1 Billion,"$4,788,052.00 ",0.01,-6.5,26.4,116.1,706.8,885437.0,4788052.0,685523021.0,False,Small,0.1849263541832879,False,False
1329,LuaSwap,LUA,0.02,0.30%,0.30%,1.60%,19.00%,"$4,337.00 ","213,836,921",274 Million,"$4,753,704.00 ",0.02,0.3,0.3,1.6,19.0,4337.0,4753704.0,213836921.0,False,Small,0.0009123411975167154,False,False
1330,Gains,GAINS,0.09,-0.30%,-13.30%,14.70%,51.00%,"$40,630.00 ","50,881,438",100 Million,"$4,762,724.00 ",0.09,-0.3,-13.3,14.7,51.0,40630.0,4762724.0,50881438.0,False,Small,0.008530832355601542,False,False
1331,Retreeb,TREEB,0.01,-0.10%,-2.10%,-8.20%,82.20%,"$1,047.00 ","627,371,287",1 Billion,"$4,757,867.00 ",0.01,-0.1,-2.1,-8.2,82.2,1047.0,4757867.0,627371287.0,False,Small,0.00022005659258655193,False,False
1332,Gridcoin,GRC,0.01,0.20%,-3.90%,0.80%,1.90%,$790.00 ,"458,310,060",∞,"$4,746,583.00 ",0.01,0.2,-3.9,0.8,1.9,790.0,4746583.0,458310060.0,False,Small,0.0001664355179294242,False,False
1333,Dypius [OLD],DYP,0.21,1.30%,-5.50%,-4.50%,164.70%,"$189,450.00 ","22,712,296",25 Million,"$4,708,663.00 ",0.21,1.3,-5.5,-4.5,164.7,189450.0,4708663.0,22712296.0,False,Small,0.04023435102490877,False,False
1334,MagicCraft,MCRT, $-   ,0.80%,-6.30%,-14.70%,19.10%,"$307,685.00 ","3,535,168,825",6.2 Billion,"$4,693,317.00 ",,0.8,-6.3,-14.7,19.1,307685.0,4693317.0,3535168825.0,False,Small,0.06555811167240568,False,False
1335,OpenOcean,OOE,0.01,-0.30%,-9.60%,-13.50%,-5.40%,"$521,200.00 ","504,525,932",1 Billion,"$4,684,861.00 ",0.01,-0.3,-9.6,-13.5,-5.4,521200.0,4684861.0,504525932.0,False,Small,0.11125196670722995,False,False
1336,Polkaswap,PSWAP, $-   ,2.40%,-5.30%,21.70%,71.10%,"$12,464.00 ","3,577,777,414",10 Billion,"$4,682,998.00 ",,2.4,-5.3,21.7,71.1,12464.0,4682998.0,3577777414.0,False,Small,0.002661542883426386,False,False
1337,Timeless,LIT,0.02,-0.10%,0.40%,2.00%,18.50%,"$2,777.00 ","200,605,574",594 Million,"$4,679,897.00 ",0.02,-0.1,0.4,2.0,18.5,2777.0,4679897.0,200605574.0,False,Small,0.0005933891280085865,False,False
1338,Sonne Finance,SONNE,0.07,0.60%,-1.00%,-14.50%,7.50%,"$177,842.00 ","63,919,484",100 Million,"$4,660,200.00 ",0.07,0.6,-1.0,-14.5,7.5,177842.0,4660200.0,63919484.0,False,Small,0.03816188146431484,False,False
1339,Chihuahua Chain,HUAHUA, $-   ,0.40%,-4.60%,-24.10%,143.90%,"$82,443.00 ","95,134,631,039",104 Billion,"$4,639,107.00 ",,0.4,-4.6,-24.1,143.9,82443.0,4639107.0,95134631039.0,False,Small,0.017771308141847127,False,False
1340,Toucan Protocol: Base Carbon Tonne,BCT,0.25,-0.10%,0.90%,-10.70%,-2.80%,$28.86 ,"18,544,033",18.5 Million,"$4,636,518.00 ",0.25,-0.1,0.9,-10.7,-2.8,28.86,4636518.0,18544033.0,False,Small,6.2244986431628215e-06,False,False
1341,Credefi,CREDI,0.01,-3.20%,26.50%,136.40%,296.30%,"$268,461.00 ","598,573,880",949 Million,"$4,623,813.00 ",0.01,-3.2,26.5,136.4,296.3,268461.0,4623813.0,598573880.0,False,Small,0.058060522776332,False,False
1342,DFX Finance,DFX,0.11,5.40%,5.00%,-15.60%,148.00%,"$8,760,875.00 ","43,581,877",100 Million,"$4,623,563.00 ",0.11,5.4,5.0,-15.6,148.0,8760875.0,4623563.0,43581877.0,False,Small,1.8948319726583156,True,False
1343,Ignis,IGNIS,0.01,2.30%,-7.40%,-6.90%,-6.40%,"$10,695.00 ","761,143,950",1 Billion,"$4,608,455.00 ",0.01,2.3,-7.4,-6.9,-6.4,10695.0,4608455.0,761143950.0,False,Small,0.002320734389290988,False,False
1344,Ethos Reserve Note,ERN,0.99,0.20%,-0.40%,0.30%,-3.40%,"$169,326.00 ","4,646,700",4.65 Million,"$4,603,335.00 ",0.99,0.2,-0.4,0.3,-3.4,169326.0,4603335.0,4646700.0,False,Small,0.03678333208423892,False,False
1345,Umbrella Network,UMB,0.01,-0.20%,-11.10%,-10.60%,87.90%,"$157,499.00 ","365,614,566",369 Million,"$4,600,243.00 ",0.01,-0.2,-11.1,-10.6,87.9,157499.0,4600243.0,365614566.0,False,Small,0.03423710443122244,False,False
1346,Torum,XTM,0.02,-0.50%,-8.80%,10.20%,21.70%,"$144,382.00 ","193,578,020",798 Million,"$4,592,632.00 ",0.02,-0.5,-8.8,10.2,21.7,144382.0,4592632.0,193578020.0,False,Small,0.03143774637288596,False,False
1347,Exeedme,XED,0.05,0.90%,4.40%,1.80%,40.60%,"$74,816.00 ","90,000,000",100 Million,"$4,586,474.00 ",0.05,0.9,4.4,1.8,40.6,74816.0,4586474.0,90000000.0,False,Small,0.01631231311896677,False,False
1348,DEUS Finance,DEUS,32.16,0.20%,-7.60%,9.30%,36.50%,"$195,895.00 ","142,357",302 Thousand,"$4,578,738.00 ",32.16,0.2,-7.6,9.3,36.5,195895.0,4578738.0,142357.0,False,Small,0.042783622910941836,False,False
1349,Quadrant Protocol,EQUAD,0.01,-0.10%,-6.10%,-11.20%,-1.90%,"$14,101.00 ","543,182,923",1 Billion,"$4,565,255.00 ",0.01,-0.1,-6.1,-11.2,-1.9,14101.0,4565255.0,543182923.0,False,Small,0.0030887650306499854,False,False
1350,Reunit Wallet,REUNI,1.94,3.60%,7.80%,69.30%,110.50%,"$131,903.00 ","2,343,566",10 Million,"$4,556,690.00 ",1.94,3.6,7.8,69.3,110.5,131903.0,4556690.0,2343566.0,False,Small,0.028947108537117953,False,False
1351,Nolus,NLS,0.03,0.40%,5.20%,11.10%,4.70%,"$58,320.00 ","134,043,678",870 Million,"$4,538,317.00 ",0.03,0.4,5.2,11.1,4.7,58320.0,4538317.0,134043678.0,False,Small,0.012850578749787641,False,False
1352,Darwinia Network,RING, $-   ,-0.10%,5.50%,8.20%,34.20%,"$2,838,099.00 ","1,724,688,220",2.34 Billion,"$4,539,734.00 ",,-0.1,5.5,8.2,34.2,2838099.0,4539734.0,1724688220.0,False,Small,0.6251685671451235,True,False
1353,VICUNA,VINA,0.04,-,-,-,-, - ,"132,750,000",225 Million,"$4,653,822.00 ",0.04,,,,,,4653822.0,132750000.0,False,Small,,False,False
1354,Blockchain Brawlers,BRWL, $-   ,0.10%,-0.80%,-4.60%,-3.00%,"$205,755.00 ","1,000,000,000",1 Billion,"$4,522,810.00 ",,0.1,-0.8,-4.6,-3.0,205755.0,4522810.0,1000000000.0,False,Small,0.045492735710763885,False,False
1355,BountyMarketCap,BMC,0.05,0.60%,1.70%,0.90%,21.30%,"$10,024.00 ","100,000,000",100 Million,"$4,522,079.00 ",0.05,0.6,1.7,0.9,21.3,10024.0,4522079.0,100000000.0,False,Small,0.0022166795405387653,False,False
1356,ADAPad,ADAPAD,0.01,0.40%,-7.90%,-6.80%,61.60%,"$27,552.00 ","374,827,642",375 Million,"$4,511,329.00 ",0.01,0.4,-7.9,-6.8,61.6,27552.0,4511329.0,374827642.0,False,Small,0.006107291221722024,False,False
1357,Waltonchain,WTC,0.15,0.30%,-5.60%,-6.30%,2.50%,"$1,044,646.00 ","29,182,765",70 Million,"$4,498,550.00 ",0.15,0.3,-5.6,-6.3,2.5,1044646.0,4498550.0,29182765.0,False,Small,0.2322183814784764,False,False
1358,PolyDoge,POLYDOGE, $-   ,1.40%,6.50%,-0.90%,-18.80%,"$114,959.00 ","853,848,329,240,710",1 Quadrillion,"$4,469,889.00 ",,1.4,6.5,-0.9,-18.8,114959.0,4469889.0,853848329240710.0,False,Small,0.02571853573992553,False,False
1359,SaitaRealty,SRLTY, $-   ,0.00%,8.10%,-5.90%,-20.70%,"$102,930.00 ","31,866,105,035",64.3 Billion,"$4,433,897.00 ",,0.0,8.1,-5.9,-20.7,102930.0,4433897.0,31866105035.0,False,Small,0.02321434169535287,False,False
1360,SUKU,SUKU,0.04,0.40%,-5.60%,-14.90%,-6.40%,"$716,535.00 ","119,149,903",1.5 Billion,"$4,414,271.00 ",0.04,0.4,-5.6,-14.9,-6.4,716535.0,4414271.0,119149903.0,False,Small,0.16232238573481328,False,False
1361,MINATIVERSE,MNTC,0.70,2.90%,-5.40%,-13.70%,-59.50%,"$100,471.00 ","6,275,000",11.2 Million,"$4,386,199.00 ",0.7,2.9,-5.4,-13.7,-59.5,100471.0,4386199.0,6275000.0,False,Small,0.02290616545213749,False,False
1362,SpaceChain (ERC-20),SPC,0.01,3.20%,-11.00%,-23.20%,-10.00%,"$23,544.00 ","406,294,239",607 Million,"$4,383,833.00 ",0.01,3.2,-11.0,-23.2,-10.0,23544.0,4383833.0,406294239.0,False,Small,0.005370642540443489,False,False
1363,Moonsama,SAMA,0.01,-1.90%,-8.70%,-1.40%,87.30%,"$115,823.00 ","364,408,204",1 Billion,"$4,378,800.00 ",0.01,-1.9,-8.7,-1.4,87.3,115823.0,4378800.0,364408204.0,False,Small,0.026450854115282727,False,False
1364,Decubate,DCB,0.02,0.80%,4.00%,44.30%,81.40%,"$147,413.00 ","274,065,804",1 Billion,"$4,351,861.00 ",0.02,0.8,4.0,44.3,81.4,147413.0,4351861.0,274065804.0,False,Small,0.03387355432537942,False,False
1365,Chain Games,CHAIN,0.02,-0.10%,-0.50%,-6.90%,121.50%,"$61,182.00 ","283,442,096",493 Million,"$4,350,293.00 ",0.02,-0.1,-0.5,-6.9,121.5,61182.0,4350293.0,283442096.0,False,Small,0.014063880294959443,False,False
1366,Unmarshal,MARSH,0.09,0.00%,-1.40%,-2.50%,38.50%,"$367,385.00 ","50,945,833",100 Million,"$4,347,659.00 ",0.09,0.0,-1.4,-2.5,38.5,367385.0,4347659.0,50945833.0,False,Small,0.08450179740407424,False,False
1367,BYTZ,BYTZ, $-   ,-,-,-,-, - ,"8,903,636,297",13.8 Billion,"$4,543,646.00 ",,,,,,,4543646.0,8903636297.0,False,Small,,False,False
1368,SunContract,SNC,0.04,0.40%,-2.50%,-4.30%,-2.10%,"$261,245.00 ","122,707,503",123 Million,"$4,316,908.00 ",0.04,0.4,-2.5,-4.3,-2.1,261245.0,4316908.0,122707503.0,False,Small,0.06051669389294374,False,False
1369,XIDR,XIDR, $-   ,-0.10%,-0.80%,-0.80%,1.60%,"$211,862.00 ","67,231,533,933",69.1 Billion,"$4,297,357.00 ",,-0.1,-0.8,-0.8,1.6,211862.0,4297357.0,67231533933.0,False,Small,0.04930053518941992,False,False
1370,Civilization,CIV,0.01,0.20%,1.10%,-3.00%,-6.50%,"$1,223.00 ","291,669,428",300 Million,"$4,261,837.00 ",0.01,0.2,1.1,-3.0,-6.5,1223.0,4261837.0,291669428.0,False,Small,0.00028696545644519016,False,False
1371,WickedBet Casino,WIK,0.08,7.60%,-1.80%,-8.90%,176.20%,"$61,942.00 ","55,070,312",72.3 Million,"$4,253,951.00 ",0.08,7.6,-1.8,-8.9,176.2,61942.0,4253951.0,55070312.0,False,Small,0.01456105159650405,False,False
1372,PathDAO,PATH,0.01,-0.10%,21.50%,67.90%,108.40%,"$44,655.00 ","420,853,699",1 Billion,"$4,243,620.00 ",0.01,-0.1,21.5,67.9,108.4,44655.0,4243620.0,420853699.0,False,Small,0.01052285548658928,False,False
1373,Lovely Inu finance,LOVELY, $-   ,1.70%,1.40%,-6.90%,-3.00%,"$1,055,834.00 ","69,746,675,281,042",75 Trillion,"$4,234,059.00 ",,1.7,1.4,-6.9,-3.0,1055834.0,4234059.0,69746675281042.0,False,Small,0.24936686049958207,False,False
1374,Samsunspor Fan Token,SAM,1.43,-2.20%,-6.50%,-20.40%,-1.70%,"$17,523.00 ","2,937,490",5.5 Million,"$4,220,556.00 ",1.43,-2.2,-6.5,-20.4,-1.7,17523.0,4220556.0,2937490.0,False,Small,0.004151822650854532,False,False
1375,Oduwa Coin,OWC,0.28,-,-,-,-, - ,"15,123,718",21 Million,"$4,206,911.00 ",0.28,,,,,,4206911.0,15123718.0,False,Small,,False,False
1376,VelasPad,VLXPAD,0.01,-0.10%,-10.50%,-1.30%,90.60%,"$40,426.00 ","434,753,050",435 Million,"$4,203,670.00 ",0.01,-0.1,-10.5,-1.3,90.6,40426.0,4203670.0,434753050.0,False,Small,0.009616834813389253,False,False
1377,Energi,NRG,0.06,0.80%,-2.40%,4.10%,13.10%,"$111,744.00 ","70,493,143",-,"$4,203,200.00 ",0.06,0.8,-2.4,4.1,13.1,111744.0,4203200.0,70493143.0,False,Small,0.026585458698134754,False,False
1378,dotmoovs,MOOV, $-   ,-0.80%,-2.50%,-3.90%,35.60%,"$270,706.00 ","1,000,000,000",1 Billion,"$4,193,829.00 ",,-0.8,-2.5,-3.9,35.6,270706.0,4193829.0,1000000000.0,False,Small,0.06454864993303255,False,False
1379,Parrot USD,PAI,1.00,0.10%,-2.90%,0.00%,0.10%,$29.98 ,"4,195,881",17.2 Million,"$4,191,640.00 ",1.0,0.1,-2.9,0.0,0.1,29.98,4191640.0,4195881.0,False,Small,7.15233178421811e-06,False,False
1380,Blocto,BLT,0.02,-0.20%,-0.90%,-2.70%,42.50%,"$42,023.00 ","235,280,094",361 Million,"$4,184,206.00 ",0.02,-0.2,-0.9,-2.7,42.5,42023.0,4184206.0,235280094.0,False,Small,0.010043243568791785,False,False
1381,ZBIT (Ordinals),ZBIT,0.27,-,-,-,-, - ,"21,000,000",21 Million,"$5,734,313.00 ",0.27,,,,,,5734313.0,21000000.0,False,Small,,False,False
1382,LocalCoinSwap,LCS,0.11,-,-,-,-, - ,"38,252,071",72.7 Million,"$4,144,800.00 ",0.11,,,,,,4144800.0,38252071.0,False,Small,,False,False
1383,InsurAce,INSUR,0.06,-2.60%,12.00%,35.10%,57.60%,"$340,456.00 ","65,144,599",100 Million,"$4,120,304.00 ",0.06,-2.6,12.0,35.1,57.6,340456.0,4120304.0,65144599.0,False,Small,0.08262885456995406,False,False
1384,Monavale,MONA,395.18,0.00%,-2.20%,-1.10%,23.80%,"$67,188.00 ","10,428",11.3 Thousand,"$4,112,962.00 ",395.18,0.0,-2.2,-1.1,23.8,67188.0,4112962.0,10428.0,False,Small,0.016335672442390665,False,False
1385,SmartMesh,SMT, $-   ,-0.10%,-2.80%,-2.10%,146.90%,"$139,420.00 ","1,665,044,106",3.14 Billion,"$4,100,472.00 ",,-0.1,-2.8,-2.1,146.9,139420.0,4100472.0,1665044106.0,False,Small,0.03400096379148547,False,False
1386,ZoidPay,ZPAY,0.01,0.20%,-0.30%,1.30%,2.40%,"$108,005.00 ","392,000,000",700 Million,"$4,097,988.00 ",0.01,0.2,-0.3,1.3,2.4,108005.0,4097988.0,392000000.0,False,Small,0.026355616463493794,False,False
1387,Minto,BTCMT,0.73,0.30%,-1.70%,1.30%,26.00%,"$62,707.00 ","5,585,109",7.8 Million,"$4,068,275.00 ",0.73,0.3,-1.7,1.3,26.0,62707.0,4068275.0,5585109.0,False,Small,0.015413658122914503,False,False
1388,AngelBlock,THOL,0.03,0.40%,1.10%,4.00%,90.80%,"$48,668.00 ","117,671,731",400 Million,"$4,065,590.00 ",0.03,0.4,1.1,4.0,90.8,48668.0,4065590.0,117671731.0,False,Small,0.011970710278213002,False,False
1389,Sanin Inu,SANI, $-   ,0.30%,2.40%,-12.90%,8.80%,"$7,307.00 ","883,242,130,297",883 Billion,"$4,058,365.00 ",,0.3,2.4,-12.9,8.8,7307.0,4058365.0,883242130297.0,False,Small,0.0018004787642314085,False,False
1390,Jim,JIM, $-   ,-1.60%,0.70%,-8.30%,-6.40%,"$23,763.00 ","248,755,411,460",359 Billion,"$4,056,488.00 ",,-1.6,0.7,-8.3,-6.4,23763.0,4056488.0,248755411460.0,False,Small,0.005858022999205224,False,False
1391,MEME (Ordinals),MEME,40.51,-0.40%,-0.60%,6.10%,195.60%,"$1,679,422.00 ","99,999",100 Thousand,"$4,056,479.00 ",40.51,-0.4,-0.6,6.1,195.6,1679422.0,4056479.0,99999.0,False,Small,0.4140097853335368,False,False
1392,Djed,DJED,1.01,-0.80%,1.30%,2.40%,-0.30%,"$166,510.00 ","4,019,107",1 Trillion,"$4,054,771.00 ",1.01,-0.8,1.3,2.4,-0.3,166510.0,4054771.0,4019107.0,False,Small,0.04106520442214862,False,False
1393,Arbitrove Governance Token,TROVE,0.01,0.30%,2.70%,-1.00%,10.30%,"$169,281.00 ","300,000,000",1 Billion,"$4,050,468.00 ",0.01,0.3,2.7,-1.0,10.3,169281.0,4050468.0,300000000.0,False,Small,0.04179294837041053,False,False
1394,Level,LVL,0.46,-5.10%,-13.60%,-11.40%,11.60%,"$239,231.00 ","8,831,263",48 Million,"$4,046,750.00 ",0.46,-5.1,-13.6,-11.4,11.6,239231.0,4046750.0,8831263.0,False,Small,0.05911682214122444,False,False
1395,Enreach,NRCH,1.82,0.40%,10.90%,-11.50%,48.10%,"$4,422.00 ","2,218,050",10 Million,"$4,041,114.00 ",1.82,0.4,10.9,-11.5,48.1,4422.0,4041114.0,2218050.0,False,Small,0.0010942527233827107,False,False
1396,DeHub,DHB, $-   ,1.90%,-7.50%,11.80%,9.80%,"$40,737.00 ","3,283,758,508",8 Billion,"$4,035,898.00 ",,1.9,-7.5,11.8,9.8,40737.0,4035898.0,3283758508.0,False,Small,0.010093664408763551,False,False
1397,Doc.com,MTC,0.01,-,-,-,-, - ,"776,430,454",1 Billion,"$4,070,308.00 ",0.01,,,,,,4070308.0,776430454.0,False,Small,,False,False
1398,PAWSWAP,PAW, $-   ,0.00%,0.00%,-9.40%,-12.70%,"$416,511.00 ","423,535,886,224,598",1 Quadrillion,"$4,013,781.00 ",,0.0,0.0,-9.4,-12.7,416511.0,4013781.0,423535886224598.0,False,Small,0.10377023559581353,False,False
1399,Thought,THT,0.01,-0.70%,42.30%,140.60%,180.70%,"$32,791.00 ","435,853,607",1.39 Billion,"$4,009,139.00 ",0.01,-0.7,42.3,140.6,180.7,32791.0,4009139.0,435853607.0,False,Small,0.008179062886071049,False,False
1400,Openfabric AI,OFN,0.14,-1.80%,7.70%,8.30%,,"$701,848.00 ","28,970,000",500 Million,"$4,007,045.00 ",0.14,-1.8,7.7,8.3,,701848.0,4007045.0,28970000.0,False,Small,0.1751535108789644,False,False
1401,Humanode,HMND,0.12,-2.20%,9.10%,238.60%,204.50%,"$933,639.00 ","33,785,409",400 Million,"$3,998,737.00 ",0.12,-2.2,9.1,238.6,204.5,933639.0,3998737.0,33785409.0,False,Small,0.23348347240641232,False,False
1402,Raptoreum,RTM, $-   ,-0.40%,-9.20%,14.70%,28.10%,"$24,460.00 ","3,515,224,040",21 Billion,"$3,992,133.00 ",,-0.4,-9.2,14.7,28.1,24460.0,3992133.0,3515224040.0,False,Small,0.006127050376327642,False,False
1403,LIF3 LSHARE (OLD),LSHARE,143.03,4.90%,-6.80%,6.20%,64.70%,"$50,585.00 ","27,741",70 Thousand,"$3,967,706.00 ",143.03,4.9,-6.8,6.2,64.7,50585.0,3967706.0,27741.0,False,Small,0.012749180508838104,False,False
1404,Utility Web3Shot,UW3S,0.16,-1.10%,-12.90%,-11.20%,4.00%,"$223,962.00 ","24,700,600",10 Billion,"$3,957,092.00 ",0.16,-1.1,-12.9,-11.2,4.0,223962.0,3957092.0,24700600.0,False,Small,0.056597622698688836,False,False
1405,Lithium Finance,LITH, $-   ,-2.60%,4.90%,45.60%,150.90%,"$2,735,850.00 ","5,512,136,572",10 Billion,"$3,951,835.00 ",,-2.6,4.9,45.6,150.9,2735850.0,3951835.0,5512136572.0,False,Small,0.6922986410110746,True,False
1406,Vai,VAI,1.00,0.00%,-0.60%,0.20%,-0.10%,"$65,872.00 ","3,946,554",3.95 Million,"$3,944,003.00 ",1.0,0.0,-0.6,0.2,-0.1,65872.0,3944003.0,3946554.0,False,Small,0.01670181285359063,False,False
1407,Plian,PI, $-   ,-0.40%,18.60%,49.70%,53.70%,"$40,831.00 ","996,130,365",1.56 Billion,"$3,918,937.00 ",,-0.4,18.6,49.7,53.7,40831.0,3918937.0,996130365.0,False,Small,0.010418896756952204,False,False
1408,Refund,RFD, $-   ,0.20%,-1.70%,-6.60%,4.90%,"$1,915,610.00 ","1,000,000,000,000",1 Trillion,"$3,911,388.00 ",,0.2,-1.7,-6.6,4.9,1915610.0,3911388.0,1000000000000.0,False,Small,0.4897519755135517,False,False
1409,GamerCoin,GHX,0.01,1.30%,-4.30%,-4.60%,5.30%,"$135,898.00 ","622,866,240",808 Million,"$3,906,742.00 ",0.01,1.3,-4.3,-4.6,5.3,135898.0,3906742.0,622866240.0,False,Small,0.03478550669586064,False,False
1410,PEPE (Ordinals),PEPE,0.09,-3.40%,8.30%,-4.10%,428.90%,"$298,163.00 ","42,069,000",42.1 Million,"$3,900,252.00 ",0.09,-3.4,8.3,-4.1,428.9,298163.0,3900252.0,42069000.0,False,Small,0.07644711162253105,False,False
1411,Luxurious Pro Network,LPNT,0.07,-0.20%,2.90%,2.60%,-18.70%,"$2,297.00 ","58,200,000",80 Million,"$3,883,313.00 ",0.07,-0.2,2.9,2.6,-18.7,2297.0,3883313.0,58200000.0,False,Small,0.0005915052430746634,False,False
1412,Cyberpunk City,CYBER,0.12,0.40%,-2.70%,-14.60%,37.00%,"$3,986.00 ","31,402,992",94.2 Million,"$3,875,940.00 ",0.12,0.4,-2.7,-14.6,37.0,3986.0,3875940.0,31402992.0,False,Small,0.001028395692399779,False,False
1413,Giddy,GDDY, $-   ,0.30%,-1.80%,-17.70%,-19.10%,"$29,433.00 ","1,000,000,000",1 Billion,"$3,857,889.00 ",,0.3,-1.8,-17.7,-19.1,29433.0,3857889.0,1000000000.0,False,Small,0.0076293019317041,False,False
1414,DexCheck,DCK,0.02,0.20%,-1.90%,8.90%,1.60%,"$913,515.00 ","181,417,630",980 Million,"$3,857,332.00 ",0.02,0.2,-1.9,8.9,1.6,913515.0,3857332.0,181417630.0,False,Small,0.23682560899606256,False,False
1415,Carbon Credit,CCT,0.21,0.30%,0.70%,-1.50%,-16.80%,"$49,515.00 ","18,550,010",600 Million,"$3,833,983.00 ",0.21,0.3,0.7,-1.5,-16.8,49515.0,3833983.0,18550010.0,False,Small,0.012914767749361435,False,False
1416,Santiment Network,SAN,0.06,-,-,-,-, - ,"64,048,080",83.3 Million,"$3,782,695.00 ",0.06,,,,,,3782695.0,64048080.0,False,Small,,False,False
1417,Ape Finance,APEFI, $-   ,-0.10%,-4.70%,27.60%,107.30%,"$2,439.00 ","1,671,982,831",8.25 Billion,"$3,831,843.00 ",,-0.1,-4.7,27.6,107.3,2439.0,3831843.0,1671982831.0,False,Small,0.0006365083329353525,False,False
1418,Fluid,FLUID,0.48,-0.70%,-16.30%,-6.10%,77.00%,"$82,143.00 ","8,000,000",10 Million,"$3,823,808.00 ",0.48,-0.7,-16.3,-6.1,77.0,82143.0,3823808.0,8000000.0,False,Small,0.021481988635412657,False,False
1419,BlackDragon,BDT,2.27,0.00%,-0.10%,-11.80%,46.80%,$621.00 ,"1,687,000",2 Million,"$3,822,435.00 ",2.27,0.0,-0.1,-11.8,46.8,621.0,3822435.0,1687000.0,False,Small,0.00016246188620604404,False,False
1420,f(x) Protocol,FXN,86.79,0.20%,9.80%,18.50%,452.60%,"$461,920.00 ","44,046",1.02 Million,"$3,818,733.00 ",86.79,0.2,9.8,18.5,452.6,461920.0,3818733.0,44046.0,False,Small,0.1209615859501044,False,False
1421,WeSendit,WSI,0.04,1.10%,-14.10%,-9.10%,246.90%,"$879,484.00 ","105,070,200",1.49 Billion,"$3,815,872.00 ",0.04,1.1,-14.1,-9.1,246.9,879484.0,3815872.0,105070200.0,False,Small,0.230480477332573,False,False
1422,Neos Credits,NCR,0.09,-,-,-,-, - ,"40,661,612",50 Million,"$3,704,034.00 ",0.09,,,,,,3704034.0,40661612.0,False,Small,,False,False
1423,Metronome,MET,0.89,1.40%,2.50%,2.60%,11.00%,"$29,809.00 ","4,256,219",14.4 Million,"$3,802,779.00 ",0.89,1.4,2.5,2.6,11.0,29809.0,3802779.0,4256219.0,False,Small,0.007838741089082484,False,False
1424,OSHI,OSHI,283.71,-0.20%,1.90%,13.60%,49.00%,"$96,573.00 ","13,337",13.3 Thousand,"$3,778,525.00 ",283.71,-0.2,1.9,13.6,49.0,96573.0,3778525.0,13337.0,False,Small,0.02555838587808735,False,False
1425,Oxygen,OXY,0.02,0.00%,-0.90%,-3.10%,44.80%,"$132,744.00 ","202,361,469",10 Billion,"$3,770,652.00 ",0.02,0.0,-0.9,-3.1,44.8,132744.0,3770652.0,202361469.0,False,Small,0.03520452165832328,False,False
1426,Ambire Wallet,WALLET,0.01,-0.10%,4.90%,7.50%,32.50%,"$126,485.00 ","507,877,800",508 Million,"$3,769,943.00 ",0.01,-0.1,4.9,7.5,32.5,126485.0,3769943.0,507877800.0,False,Small,0.03355090514631123,False,False
1427,MARS4,MARS4, $-   ,1.30%,0.40%,-16.60%,29.80%,"$129,321.00 ","4,000,000,000",4 Billion,"$3,758,969.00 ",,1.3,0.4,-16.6,29.8,129321.0,3758969.0,4000000000.0,False,Small,0.034403316441290153,False,False
1428,Nelore Coin,NLC,0.01,-2.10%,-6.60%,-13.20%,0.80%,"$20,867.00 ","367,873,516",373 Million,"$3,739,800.00 ",0.01,-2.1,-6.6,-13.2,0.8,20867.0,3739800.0,367873516.0,False,Small,0.005579710144927536,False,False
1429,MintMe.com Coin,MINTME,0.01,0.00%,5.00%,-8.50%,32.00%,"$111,755.00 ","539,989,129",540 Million,"$3,736,221.00 ",0.01,0.0,5.0,-8.5,32.0,111755.0,3736221.0,539989129.0,False,Small,0.02991123919061533,False,False
1430,Affyn,FYN,0.01,0.80%,-5.80%,-13.10%,-39.80%,"$476,103.00 ","351,337,053",1 Billion,"$3,730,694.00 ",0.01,0.8,-5.8,-13.1,-39.8,476103.0,3730694.0,351337053.0,False,Small,0.12761781051997295,False,False
1431,Interlay,INTR,0.02,-0.20%,-5.80%,2.20%,163.10%,"$109,323.00 ","158,339,006",1 Billion,"$3,720,621.00 ",0.02,-0.2,-5.8,2.2,163.1,109323.0,3720621.0,158339006.0,False,Small,0.029382998160790902,False,False
1432,BOB Token,BOB, $-   ,0.50%,-1.80%,0.70%,8.50%,"$848,126.00 ","690,000,000,000",690 Billion,"$3,719,904.00 ",,0.5,-1.8,0.7,8.5,848126.0,3719904.0,690000000000.0,False,Small,0.22799674400199574,False,False
1433,Robonomics Network,XRT,2.22,-1.00%,-2.90%,-14.20%,25.70%,"$21,066.00 ","1,673,347",9.28 Million,"$3,713,501.00 ",2.22,-1.0,-2.9,-14.2,25.7,21066.0,3713501.0,1673347.0,False,Small,0.0056728138756391875,False,False
1434,TON Community,TON,0.01,-0.40%,-2.30%,-8.10%,24.20%,"$25,276.00 ","268,121,355",400 Million,"$3,698,066.00 ",0.01,-0.4,-2.3,-8.1,24.2,25276.0,3698066.0,268121355.0,False,Small,0.006834923984590864,False,False
1435,Vesper Finance,VSP,0.43,0.30%,3.00%,-1.20%,10.80%,"$62,898.00 ","8,514,578",10 Million,"$3,697,245.00 ",0.43,0.3,3.0,-1.2,10.8,62898.0,3697245.0,8514578.0,False,Small,0.017012126596966118,False,False
1436,On-Chain Dynamics,OCD,0.01,-1.20%,0.60%,-25.70%,-29.10%,"$34,847.00 ","406,782,000",1 Billion,"$3,694,580.00 ",0.01,-1.2,0.6,-25.7,-29.1,34847.0,3694580.0,406782000.0,False,Small,0.009431924603067196,False,False
1437,Calamari Network,KMA, $-   ,1.50%,1.60%,17.00%,62.20%,"$183,308.00 ","4,002,185,472",10 Billion,"$3,671,409.00 ",,1.5,1.6,17.0,62.2,183308.0,3671409.0,4002185472.0,False,Small,0.04992851518313541,False,False
1438,Thena,THE,0.14,0.20%,2.40%,6.70%,88.00%,"$599,728.00 ","25,578,198",145 Million,"$3,655,291.00 ",0.14,0.2,2.4,6.7,88.0,599728.0,3655291.0,25578198.0,False,Small,0.1640712052747647,False,False
1439,ShibaDoge,SHIBDOGE, $-   ,-0.30%,1.10%,-0.80%,26.30%,"$2,166.00 ","102,714,544,921,520,000,000,000",188000000 Quadrillion,"$3,647,427.00 ",,-0.3,1.1,-0.8,26.3,2166.0,3647427.0,1.0271454492152e+23,False,Small,0.0005938432763698903,False,False
1440,Crypterium,CRPT,0.04,1.20%,-2.70%,5.30%,-4.20%,"$589,853.00 ","84,971,024",95.1 Million,"$3,626,341.00 ",0.04,1.2,-2.7,5.3,-4.2,589853.0,3626341.0,84971024.0,False,Small,0.16265789676150147,False,False
1441,Champignons of Arborethia,CHAMPZ, $-   ,-0.80%,99.00%,98.40%,192.50%,"$269,525.00 ","941,338,367",1 Billion,"$3,625,038.00 ",,-0.8,99.0,98.4,192.5,269525.0,3625038.0,941338367.0,False,Small,0.07435094473492415,False,False
1442,Decentralized ETF,DETF,0.04,3.30%,6.50%,401.10%,486.00%,"$28,286.00 ","100,000,000",100 Million,"$3,615,012.00 ",0.04,3.3,6.5,401.1,486.0,28286.0,3615012.0,100000000.0,False,Small,0.007824593666632365,False,False
1443,Silk,SILK,1.05,0.30%,1.70%,-0.30%,1.50%,"$43,324,063.00 ","3,432,625",3.43 Million,"$3,612,472.00 ",1.05,0.3,1.7,-0.3,1.5,43324063.0,3612472.0,3432625.0,False,Small,11.992913163063962,True,False
1444,FloorDAO,FLOOR,3.62,,2.60%,-4.10%,-10.10%,$227.00 ,"994,994",1.08 Million,"$3,602,604.00 ",3.62,,2.6,-4.1,-10.1,227.0,3602604.0,994994.0,False,Small,6.300997833789115e-05,False,False
1445,PointPay,PXP,0.01,-0.30%,-0.70%,-10.40%,5.70%,"$138,830.00 ","449,998,093",850 Million,"$3,601,403.00 ",0.01,-0.3,-0.7,-10.4,5.7,138830.0,3601403.0,449998093.0,False,Small,0.03854886553934675,False,False
1446,HarryPotterObamaPacMan8Inu,XRP,0.04,-2.20%,-6.00%,-9.50%,-44.50%,"$234,223.00 ","84,470,217",84.5 Million,"$3,596,711.00 ",0.04,-2.2,-6.0,-9.5,-44.5,234223.0,3596711.0,84470217.0,False,Small,0.06512144011570571,False,False
1447,Alvey Chain,WALV,0.03,-0.30%,-4.80%,-5.00%,-7.90%,"$498,139.00 ","114,677,518",152 Million,"$3,593,313.00 ",0.03,-0.3,-4.8,-5.0,-7.9,498139.0,3593313.0,114677518.0,False,Small,0.1386294486453031,False,False
1448,KAP Games,KAP,0.07,10.80%,-4.10%,41.10%,-26.50%,"$54,517.00 ","50,000,000",1 Billion,"$3,587,979.00 ",0.07,10.8,-4.1,41.1,-26.5,54517.0,3587979.0,50000000.0,False,Small,0.015194347570038732,False,False
1449,BOSagora,BOA,0.01,1.40%,-2.50%,-2.10%,8.10%,"$235,800.00 ","367,838,655",756 Million,"$3,587,278.00 ",0.01,1.4,-2.5,-2.1,8.1,235800.0,3587278.0,367838655.0,False,Small,0.06573229061143296,False,False
1450,Don't Buy Inu,DBI, $-   ,-2.30%,21.20%,-8.10%,51.60%,"$36,838.00 ","1,423,043,587",1.42 Billion,"$3,584,797.00 ",,-2.3,21.2,-8.1,51.6,36838.0,3584797.0,1423043587.0,False,Small,0.01027617463415641,False,False
1451,PKT,PKT, $-   ,-2.20%,-6.40%,-1.60%,-11.30%,"$2,070.00 ","4,156,669,956",6 Billion,"$3,574,333.00 ",,-2.2,-6.4,-1.6,-11.3,2070.0,3574333.0,4156669956.0,False,Small,0.0005791290291083679,False,False
1452,Foom,FOOM, $-   ,0.70%,2.20%,0.10%,27.00%,"$96,046.00 ","175,000,000,000,000",175 Trillion,"$3,573,267.00 ",,0.7,2.2,0.1,27.0,96046.0,3573267.0,175000000000000.0,False,Small,0.026879043743442625,False,False
1453,Portugal National Team Fan Token,POR,1.09,-0.30%,0.00%,-7.00%,12.90%,"$312,357.00 ","3,287,339",20 Million,"$3,572,023.00 ",1.09,-0.3,0.0,-7.0,12.9,312357.0,3572023.0,3287339.0,False,Small,0.08744540558669416,False,False
1454,ECO,ECO,0.02,-,-,-,-, - ,"231,130,526",9.17 Billion,"$3,521,973.00 ",0.02,,,,,,3521973.0,231130526.0,False,Small,,False,False
1455,ProximaX,XPX, $-   ,-0.60%,-5.50%,-7.30%,-11.00%,"$26,926.00 ","6,481,627,987",9 Billion,"$3,564,255.00 ",,-0.6,-5.5,-7.3,-11.0,26926.0,3564255.0,6481627987.0,False,Small,0.007554453876055445,False,False
1456,Cube Intelligence,AUTO, $-   ,,0.00%,0.00%,0.00%, $-   ,"6,774,940,000",7.2 Billion,"$3,108,563.00 ",,,0.0,0.0,0.0,,3108563.0,6774940000.0,False,Small,,False,False
1457,Husky Avax,HUSKY, $-   ,1.10%,-8.70%,111.70%,1353.50%,"$38,031.00 ","88,389,478,000,000",88.4 Trillion,"$3,539,131.00 ",,1.1,-8.7,111.7,1353.5,38031.0,3539131.0,88389478000000.0,False,Small,0.010745858234690946,False,True
1458,Chain Guardians,CGG,0.04,-0.10%,-17.30%,-16.70%,131.70%,"$102,946.00 ","85,999,877",120 Million,"$3,538,572.00 ",0.04,-0.1,-17.3,-16.7,131.7,102946.0,3538572.0,85999877.0,False,Small,0.02909252658982211,False,False
1459,Wrapped Accumulate,WACME,0.02,8.90%,2.30%,27.90%,101.60%,"$81,761.00 ","210,625,291",249 Million,"$3,531,976.00 ",0.02,8.9,2.3,27.9,101.6,81761.0,3531976.0,210625291.0,False,Small,0.023148798293080135,False,False
1460,Umami,UMAMI,4.94,0.50%,-0.50%,-4.80%,-12.90%,"$28,264.00 ","714,017",1 Million,"$3,530,613.00 ",4.94,0.5,-0.5,-4.8,-12.9,28264.0,3530613.0,714017.0,False,Small,0.008005408692484846,False,False
1461,LayerAI,LAI,0.01,-2.50%,3.10%,21.40%,65.40%,"$1,234,992.00 ","318,000,000",3 Billion,"$3,523,961.00 ",0.01,-2.5,3.1,21.4,65.4,1234992.0,3523961.0,318000000.0,False,Small,0.3504556378461623,False,False
1462,XMON,XMON,"1,396.11",3.80%,2.20%,17.10%,35.90%,"$27,227.00 ","2,524",10 Thousand,"$3,522,026.00 ",1396.11,3.8,2.2,17.1,35.9,27227.0,3522026.0,2524.0,False,Small,0.007730493755582725,False,False
1463,NMKR,$NMKR, $-   ,2.40%,7.00%,14.30%,65.50%,"$308,431.00 ","1,886,522,614",-,"$3,520,655.00 ",,2.4,7.0,14.3,65.5,308431.0,3520655.0,1886522614.0,False,Small,0.08760614147083426,False,False
1464,Stobox,STBU,0.04,0.10%,36.00%,176.20%,169.50%,"$260,649.00 ","89,868,704",99.9 Million,"$3,516,412.00 ",0.04,0.1,36.0,176.2,169.5,260649.0,3516412.0,89868704.0,False,Small,0.07412356686304107,False,False
1465,Witch Token,WITCH,0.13,-0.10%,-1.10%,-6.40%,4.60%,"$102,766.00 ","26,000,000",100 Million,"$3,498,720.00 ",0.13,-0.1,-1.1,-6.4,4.6,102766.0,3498720.0,26000000.0,False,Small,0.029372456212557737,False,False
1466,Metaverse Index,MVI,20.00,-3.00%,4.70%,10.40%,72.70%,"$8,830.00 ","168,385",168 Thousand,"$3,474,698.00 ",20.0,-3.0,4.7,10.4,72.7,8830.0,3474698.0,168385.0,False,Small,0.0025412280434155715,False,False
1467,GEEQ,GEEQ,0.08,0.30%,-4.60%,-7.70%,66.40%,"$160,159.00 ","45,022,222",100 Million,"$3,464,059.00 ",0.08,0.3,-4.6,-7.7,66.4,160159.0,3464059.0,45022222.0,False,Small,0.04623448965505495,False,False
1468,Tulip Protocol,TULIP,2.20,-1.50%,0.50%,-15.90%,187.10%,"$38,440.00 ","1,561,536",10 Million,"$3,451,448.00 ",2.2,-1.5,0.5,-15.9,187.1,38440.0,3451448.0,1561536.0,False,Small,0.011137354524825522,False,False
1469,Digits DAO,DIGITS, $-   ,2.00%,2.10%,-7.20%,-5.50%,"$20,979.00 ","790,737,270",1 Billion,"$3,450,982.00 ",,2.0,2.1,-7.2,-5.5,20979.0,3450982.0,790737270.0,False,Small,0.006079139213128321,False,False
1470,Cetus Protocol,CETUS,0.04,1.40%,6.10%,-37.50%,25.50%,"$4,427,343.00 ","80,000,000",1 Billion,"$3,448,834.00 ",0.04,1.4,6.1,-37.5,25.5,4427343.0,3448834.0,80000000.0,False,Small,1.2837216868077732,True,False
1471,Pegaxy,PGX,0.02,0.60%,8.10%,60.00%,292.60%,"$56,606.00 ","183,272,027",1 Billion,"$3,440,214.00 ",0.02,0.6,8.1,60.0,292.6,56606.0,3440214.0,183272027.0,False,Small,0.01645420895328023,False,False
1472,Grizzly Honey,GHNY,2.72,-1.30%,-6.20%,-6.40%,-5.10%,"$76,730.00 ","1,268,471",1.27 Million,"$3,437,184.00 ",2.72,-1.3,-6.2,-6.4,-5.1,76730.0,3437184.0,1268471.0,False,Small,0.022323506684541763,False,False
1473,Non-Playable Coin,NPC, $-   ,-0.10%,-4.70%,-6.20%,484.20%,"$38,813.00 ","8,050,126,520",8.05 Billion,"$3,434,310.00 ",,-0.1,-4.7,-6.2,484.2,38813.0,3434310.0,8050126520.0,False,Small,0.011301542376780197,False,False
1474,Berry,BERRY, $-   ,-0.20%,-3.80%,1.30%,10.30%,"$266,943.00 ","9,790,255,552",10 Billion,"$3,425,706.00 ",,-0.2,-3.8,1.3,10.3,266943.0,3425706.0,9790255552.0,False,Small,0.07792349956476124,False,False
1475,AI Network,AIN,0.01,-0.20%,5.70%,3.30%,3.90%,"$143,579.00 ","255,516,990",700 Million,"$3,413,634.00 ",0.01,-0.2,5.7,3.3,3.9,143579.0,3413634.0,255516990.0,False,Small,0.04206045522162013,False,False
1476,Pocketcoin,PKOIN,0.30,-4.30%,4.40%,7.40%,11.20%,"$6,047.00 ","11,423,274",12.3 Million,"$3,407,774.00 ",0.3,-4.3,4.4,7.4,11.2,6047.0,3407774.0,11423274.0,False,Small,0.0017744721334219933,False,False
1477,USK,USK,1.00,0.20%,-0.30%,0.00%,-0.20%,"$1,065,933.00 ","3,403,802",3.41 Million,"$3,401,692.00 ",1.0,0.2,-0.3,0.0,-0.2,1065933.0,3401692.0,3403802.0,False,Small,0.31335376630218137,False,False
1478,LiquidLayer,LILA,0.52,-2.20%,89.10%,179.90%,,"$1,206,440.00 ","6,500,000",10 Million,"$3,398,407.00 ",0.52,-2.2,89.1,179.9,,1206440.0,3398407.0,6500000.0,False,Small,0.35500162281916203,False,False
1479,STEPN Green Satoshi Token on ETH,GST-ETH,0.06,-2.10%,-0.90%,20.80%,-10.40%,"$10,244.00 ","54,180,168",30 Million,"$3,391,054.00 ",0.06,-2.1,-0.9,20.8,-10.4,10244.0,3391054.0,54180168.0,False,Small,0.0030208896702913018,False,False
1480,PolyPad,POLYPAD, $-   ,0.10%,-6.70%,-4.90%,62.80%,"$25,258.00 ","1,100,000,000",2 Billion,"$3,381,273.00 ",,0.1,-6.7,-4.9,62.8,25258.0,3381273.0,1100000000.0,False,Small,0.007469967671938941,False,False
1481,SafeCoin,SAFE,0.11,-,-,-,-, - ,"31,214,532",31.2 Million,"$3,368,440.00 ",0.11,,,,,,3368440.0,31214532.0,False,Small,,False,False
1482,Alongside Crypto Market Index,AMKT,113.58,0.20%,-1.60%,-0.20%,20.10%,"$109,409.00 ","29,726",29.7 Thousand,"$3,375,571.00 ",113.58,0.2,-1.6,-0.2,20.1,109409.0,3375571.0,29726.0,False,Small,0.032411997851622736,False,False
1483,CrowdSwap,CROWD,0.02,-0.20%,-13.20%,37.90%,50.90%,"$43,233.00 ","192,879,472",709 Million,"$3,365,847.00 ",0.02,-0.2,-13.2,37.9,50.9,43233.0,3365847.0,192879472.0,False,Small,0.01284461236651577,False,False
1484,Ghost,GHOST,0.14,-0.20%,1.10%,-13.60%,122.30%,$330.00 ,"23,981,693",24 Million,"$3,363,255.00 ",0.14,-0.2,1.1,-13.6,122.3,330.0,3363255.0,23981693.0,False,Small,9.811923270760023e-05,False,False
1485,XAYA,WCHI,0.06,-0.10%,0.80%,-5.50%,-2.10%,"$12,083.00 ","57,605,493",77.3 Million,"$3,354,997.00 ",0.06,-0.1,0.8,-5.5,-2.1,12083.0,3354997.0,57605493.0,False,Small,0.003601493533377228,False,False
1486,mStable USD,MUSD,0.98,-,-,-,-, - ,"3,358,308",3.36 Million,"$3,289,748.00 ",0.98,,,,,,3289748.0,3358308.0,False,Small,,False,False
1487,governance ZIL,GZIL,5.97,0.60%,-5.90%,-6.30%,55.40%,"$1,323.00 ","559,969",723 Thousand,"$3,345,113.00 ",5.97,0.6,-5.9,-6.3,55.4,1323.0,3345113.0,559969.0,False,Small,0.00039550233430081435,False,False
1488,Goons of Balatroon,GOB,0.01,0.60%,3.00%,95.90%,488.90%,"$35,727.00 ","546,144,779",579 Million,"$3,338,314.00 ",0.01,0.6,3.0,95.9,488.9,35727.0,3338314.0,546144779.0,False,Small,0.01070210890886837,False,False
1489,Mozaic,MOZ,0.05,-3.40%,7.00%,58.80%,1174.20%,"$313,054.00 ","63,241,112",984 Million,"$3,310,923.00 ",0.05,-3.4,7.0,58.8,1174.2,313054.0,3310923.0,63241112.0,False,Small,0.09455188175623534,False,True
1490,Cirus,CIRUS,0.03,2.10%,18.10%,105.30%,56.90%,"$4,010,663.00 ","126,993,313",225 Million,"$3,307,867.00 ",0.03,2.1,18.1,105.3,56.9,4010663.0,3307867.0,126993313.0,False,Small,1.2124619883447552,True,False
1491,xFUND,XFUND,331.05,0.60%,-5.80%,-14.20%,-1.40%,"$24,208.00 ","9,971",9.97 Thousand,"$3,299,272.00 ",331.05,0.6,-5.8,-14.2,-1.4,24208.0,3299272.0,9971.0,False,Small,0.007337376245426264,False,False
1492,ALEX $B20,$B20,0.16,0.00%,-2.50%,9.80%,6.70%,"$56,767.00 ","21,000,000",21 Million,"$3,293,646.00 ",0.16,0.0,-2.5,9.8,6.7,56767.0,3293646.0,21000000.0,False,Small,0.017235307012350445,False,False
1493,X,X, $-   ,0.60%,4.30%,-20.70%,24.30%,"$120,551.00 ","966,082,387,957",966 Billion,"$3,290,238.00 ",,0.6,4.3,-20.7,24.3,120551.0,3290238.0,966082387957.0,False,Small,0.03663899085719635,False,False
1494,MetaVPad,METAV,0.01,0.20%,-0.10%,11.50%,170.80%,"$72,473.00 ","220,000,000",1.91 Billion,"$3,285,115.00 ",0.01,0.2,-0.1,11.5,170.8,72473.0,3285115.0,220000000.0,False,Small,0.022061023738894986,False,False
1495,Dragonchain,DRGN,0.01,-0.30%,-11.80%,18.20%,16.70%,"$31,008.00 ","368,540,931",433 Million,"$3,278,254.00 ",0.01,-0.3,-11.8,18.2,16.7,31008.0,3278254.0,368540931.0,False,Small,0.009458693560657594,False,False
1496,Fringe Finance,FRIN, $-   ,0.40%,3.80%,131.70%,419.00%,"$204,062.00 ","695,259,187",1 Billion,"$3,266,680.00 ",,0.4,3.8,131.7,419.0,204062.0,3266680.0,695259187.0,False,Small,0.06246770421345219,False,False
1497,JumpToken,JMPT,1.66,0.30%,-1.90%,-3.10%,-9.70%,"$14,568.00 ","1,959,990",42.8 Million,"$3,253,362.00 ",1.66,0.3,-1.9,-3.1,-9.7,14568.0,3253362.0,1959990.0,False,Small,0.004477829396175402,False,False
1498,Polkamarkets,POLK,0.03,-0.30%,3.20%,1.00%,40.70%,"$216,223.00 ","100,000,000",100 Million,"$3,243,867.00 ",0.03,-0.3,3.2,1.0,40.7,216223.0,3243867.0,100000000.0,False,Small,0.0666559387299171,False,False
1499,STIMA,STIMA,1.01,-0.40%,0.70%,-0.50%,0.00%,"$12,549.00 ","3,186,864",31.9 Million,"$3,231,835.00 ",1.01,-0.4,0.7,-0.5,0.0,12549.0,3231835.0,3186864.0,False,Small,0.003882933379952875,False,False
1500,PolkaBridge,PBR,0.04,0.50%,-10.70%,28.60%,75.00%,"$1,023,375.00 ","72,183,410",75.2 Million,"$3,230,713.00 ",0.04,0.5,-10.7,28.6,75.0,1023375.0,3230713.0,72183410.0,False,Small,0.3167644417811177,False,False
1501,Crescent Network,CRE,0.01,1.00%,-2.80%,-15.70%,-8.70%,$182.00 ,"344,854,020",441 Million,"$3,228,265.00 ",0.01,1.0,-2.8,-15.7,-8.7,182.0,3228265.0,344854020.0,False,Small,5.637703224487457e-05,False,False
1502,Zizy,ZIZY,0.14,0.40%,0.30%,-2.80%,6.30%,"$65,328.00 ","23,592,585",150 Million,"$3,229,025.00 ",0.14,0.4,0.3,-2.8,6.3,65328.0,3229025.0,23592585.0,False,Small,0.020231494026834725,False,False
1503,Charli3,C3,0.15,-0.30%,0.00%,-6.70%,56.00%,"$4,313.00 ","21,419,712",100 Million,"$3,226,269.00 ",0.15,-0.3,0.0,-6.7,56.0,4313.0,3226269.0,21419712.0,False,Small,0.001336838310754621,False,False
1504,Xi,XI,0.01,-0.10%,1.90%,24.30%,-7.50%,"$36,003.00 ","421,000,000",1 Billion,"$3,223,838.00 ",0.01,-0.1,1.9,24.3,-7.5,36003.0,3223838.0,421000000.0,False,Small,0.011167744781220396,False,False
1505,Wombat Exchange,WOM,0.03,-2.10%,-5.50%,-10.20%,0.40%,"$89,961.00 ","118,861,292",1 Billion,"$3,202,390.00 ",0.03,-2.1,-5.5,-10.2,0.4,89961.0,3202390.0,118861292.0,False,Small,0.028091831413413107,False,False
1506,Landshare,LAND,0.83,1.70%,1.00%,31.60%,70.00%,"$39,721.00 ","3,850,743",3.85 Million,"$3,186,292.00 ",0.83,1.7,1.0,31.6,70.0,39721.0,3186292.0,3850743.0,False,Small,0.01246621464699406,False,False
1507,Xena Finance,XEN,0.06,0.70%,-1.20%,-11.40%,,"$40,097.00 ","50,498,670",1 Billion,"$3,297,190.00 ",0.06,0.7,-1.2,-11.4,,40097.0,3297190.0,50498670.0,False,Small,0.012160961303412906,False,False
1508,ZMINE,ZMN,0.01,0.00%,-3.60%,-3.30%,5.00%,$825.00 ,"607,187,660",116 Million,"$3,178,709.00 ",0.01,0.0,-3.6,-3.3,5.0,825.0,3178709.0,607187660.0,False,Small,0.0002595393287023128,False,False
1509,Mt Pelerin Shares,MPS,6.33,0.20%,-4.60%,-9.50%,-11.20%,"$8,662.00 ","500,000",10 Million,"$3,162,362.00 ",6.33,0.2,-4.6,-9.5,-11.2,8662.0,3162362.0,500000.0,False,Small,0.002739091856024073,False,False
1510,Gym Network,GYMNET,0.03,1.00%,-5.60%,-19.00%,17.10%,"$292,138.00 ","124,800,794",551 Million,"$3,162,897.00 ",0.03,1.0,-5.6,-19.0,17.1,292138.0,3162897.0,124800794.0,False,Small,0.09236405738157139,False,False
1511,Solarcoin,SLR,0.05,0.00%,-4.20%,-2.30%,-8.80%,"$1,015.00 ","64,813,807",98.1 Billion,"$3,156,490.00 ",0.05,0.0,-4.2,-2.3,-8.8,1015.0,3156490.0,64813807.0,False,Small,0.0003215597071430608,False,False
1512,SALT,SALT,0.04,0.70%,20.10%,15.70%,30.40%,"$27,758.00 ","87,479,057",120 Million,"$3,155,872.00 ",0.04,0.7,20.1,15.7,30.4,27758.0,3155872.0,87479057.0,False,Small,0.008795667251396761,False,False
1513,Kine Protocol,KINE,0.16,0.20%,-1.00%,-7.00%,-13.80%,"$255,432.00 ","20,211,925",100 Million,"$3,153,562.00 ",0.16,0.2,-1.0,-7.0,-13.8,255432.0,3153562.0,20211925.0,False,Small,0.08099793186244633,False,False
1514,V.SYSTEMS,VSYS, $-   ,0.10%,-1.50%,-2.50%,17.80%,"$838,751.00 ","2,986,287,365",1 Quadrillion,"$3,151,030.00 ",,0.1,-1.5,-2.5,17.8,838751.0,3151030.0,2986287365.0,False,Small,0.2661831210746962,False,False
1515,Yieldification,YDF, $-   ,0.30%,-2.20%,-9.60%,4.60%,"$42,100.00 ","778,301,313",685 Million,"$3,146,590.00 ",,0.3,-2.2,-9.6,4.6,42100.0,3146590.0,778301313.0,False,Small,0.013379563273257717,False,False
1516,Lattice,LTX,0.10,0.90%,0.20%,-2.70%,17.80%,"$75,594.00 ","32,085,279",100 Million,"$3,134,602.00 ",0.1,0.9,0.2,-2.7,17.8,75594.0,3134602.0,32085279.0,False,Small,0.02411598027436976,False,False
1517,GMBL COMPUTER CHiP,GMBL,0.15,0.20%,-2.20%,8.40%,31.20%,"$5,894.00 ","21,540,643",100 Million,"$3,131,502.00 ",0.15,0.2,-2.2,8.4,31.2,5894.0,3131502.0,21540643.0,False,Small,0.0018821638945145172,False,False
1518,Crypton,CRP,0.35,0.80%,0.30%,-1.00%,-0.60%,"$771,541.00 ","9,071,656",8.11 Million,"$3,130,017.00 ",0.35,0.8,0.3,-1.0,-0.6,771541.0,3130017.0,9071656.0,False,Small,0.2464973832410495,False,False
1519,NerveNetwork,NVT,0.01,-0.10%,-4.20%,-4.50%,10.50%,"$157,133.00 ","394,173,576",2.1 Billion,"$3,126,968.00 ",0.01,-0.1,-4.2,-4.5,10.5,157133.0,3126968.0,394173576.0,False,Small,0.05025091398440918,False,False
1520,Mintra,MINT, $-   ,0.80%,-8.90%,-25.10%,,"$22,307.00 ","2,378,194,230",2.38 Billion,"$3,113,882.00 ",,0.8,-8.9,-25.1,,22307.0,3113882.0,2378194230.0,False,Small,0.007163726820733734,False,False
1521,Minter Network,BIP, $-   ,-,-,-,-, - ,"7,887,238,550",10 Billion,"$3,291,222.00 ",,,,,,,3291222.0,7887238550.0,False,Small,,False,False
1522,Jarvis Reward,JRT,0.01,0.20%,4.00%,-1.00%,23.40%,$630.00 ,"397,100,695",565 Million,"$3,099,380.00 ",0.01,0.2,4.0,-1.0,23.4,630.0,3099380.0,397100695.0,False,Small,0.00020326645974356162,False,False
1523,DOSE,DOSE, $-   ,-1.00%,-3.60%,-15.90%,-1.50%,"$2,524,829.00 ","1,237,619,952",5 Billion,"$3,092,197.00 ",,-1.0,-3.6,-15.9,-1.5,2524829.0,3092197.0,1237619952.0,False,Small,0.8165162180805428,True,False
1524,Bware,INFRA,0.76,0.20%,-0.50%,6.40%,32.10%,"$228,144.00 ","4,038,972",100 Million,"$3,088,657.00 ",0.76,0.2,-0.5,6.4,32.1,228144.0,3088657.0,4038972.0,False,Small,0.0738651135428764,False,False
1525,SpartaDEX,SPARTA,0.20,-4.40%,-6.60%,61.20%,96.40%,"$30,746.00 ","15,308,818",100 Million,"$3,071,052.00 ",0.2,-4.4,-6.6,61.2,96.4,30746.0,3071052.0,15308818.0,False,Small,0.010011553044363951,False,False
1526,TigerCash,TCH, $-   ,-3.70%,-6.10%,-3.10%,-3.70%,"$109,489.00 ","700,000,000",1 Billion,"$3,061,410.00 ",,-3.7,-6.1,-3.1,-3.7,109489.0,3061410.0,700000000.0,False,Small,0.03576423935376183,False,False
1527,OTOCASH,OTO,0.08,-0.10%,0.00%,-0.10%,-0.10%,$67.57 ,"38,307,254",38.3 Million,"$3,059,534.00 ",0.08,-0.1,0.0,-0.1,-0.1,67.57,3059534.0,38307254.0,False,Small,2.20850626271844e-05,False,False
1528,Vidya,VIDYA,0.07,-1.50%,-3.90%,6.50%,102.80%,"$276,040.00 ","43,106,468",50 Million,"$3,057,624.00 ",0.07,-1.5,-3.9,6.5,102.8,276040.0,3057624.0,43106468.0,False,Small,0.0902792495087689,False,False
1529,VFOX,VFOX,0.15,-0.30%,-9.50%,-16.20%,15.80%,$862.00 ,"20,995,915",21 Million,"$3,049,619.00 ",0.15,-0.3,-9.5,-16.2,15.8,862.0,3049619.0,20995915.0,False,Small,0.00028265825993345397,False,False
1530,Cronos ID,CROID,0.07,-1.30%,-6.90%,-15.20%,41.00%,"$22,324.00 ","41,040,657",1 Billion,"$3,045,030.00 ",0.07,-1.3,-6.9,-15.2,41.0,22324.0,3045030.0,41040657.0,False,Small,0.007331290660518944,False,False
1531,Adappter,ADP, $-   ,0.00%,0.60%,3.40%,12.40%,"$157,944.00 ","1,883,510,539",10 Billion,"$3,044,409.00 ",,0.0,0.6,3.4,12.4,157944.0,3044409.0,1883510539.0,False,Small,0.0518800200630073,False,False
1532,Uno Re,UNO,0.04,0.00%,-0.80%,3.90%,-20.70%,"$314,045.00 ","81,705,560",383 Million,"$3,028,024.00 ",0.04,0.0,-0.8,3.9,-20.7,314045.0,3028024.0,81705560.0,False,Small,0.10371285036049913,False,False
1533,Flooring Protocol μPudgyPenguins,ΜPPG,0.01,-0.10%,4.00%,10.50%,,"$205,794.00 ","275,000,000",275 Million,"$3,019,194.00 ",0.01,-0.1,4.0,10.5,,205794.0,3019194.0,275000000.0,False,Small,0.06816190016275867,False,False
1534,Xend Finance,XEND,0.04,3.20%,32.80%,90.40%,67.20%,"$267,070.00 ","79,160,249",200 Million,"$3,014,542.00 ",0.04,3.2,32.8,90.4,67.2,267070.0,3014542.0,79160249.0,False,Small,0.08859388922098282,False,False
1535,Stronghold,SHX, $-   ,-0.10%,4.30%,-1.10%,-13.30%,"$310,800.00 ","5,374,948,823",-,"$3,010,467.00 ",,-0.1,4.3,-1.1,-13.3,310800.0,3010467.0,5374948823.0,False,Small,0.10323979635053299,False,False
1536,zkSwap Finance,ZF,0.01,1.70%,-6.30%,375.00%,1705.70%,"$1,502,756.00 ","242,683,556",436 Million,"$3,005,110.00 ",0.01,1.7,-6.3,375.0,1705.7,1502756.0,3005110.0,242683556.0,False,Small,0.5000668860707262,True,True
1537,Thala,THL,0.16,0.90%,2.20%,-5.10%,7.70%,"$16,746.00 ","19,311,838",100 Million,"$2,998,586.00 ",0.16,0.9,2.2,-5.1,7.7,16746.0,2998586.0,19311838.0,False,Small,0.005584632223321259,False,False
1538,Protectorate Protocol,PRTC,0.14,-0.10%,1.30%,15.00%,83.70%,"$8,721.00 ","21,111,707",100 Million,"$2,995,336.00 ",0.14,-0.1,1.3,15.0,83.7,8721.0,2995336.0,21111707.0,False,Small,0.0029115264531257927,False,False
1539,GraphLinq Protocol,GLQ,0.01,-1.50%,-2.60%,0.20%,112.30%,"$245,218.00 ","339,999,895",500 Million,"$2,994,036.00 ",0.01,-1.5,-2.6,0.2,112.3,245218.0,2994036.0,339999895.0,False,Small,0.08190215481710975,False,False
1540,WOOF,WOOF, $-   ,1.00%,23.20%,56.90%,1031.00%,"$83,208.00 ","17,902,999,424",17.9 Billion,"$2,976,956.00 ",,1.0,23.2,56.9,1031.0,83208.0,2976956.0,17902999424.0,False,Small,0.027950698633100388,False,True
1541,Big Data Protocol,BDP,0.12,2.90%,1.50%,16.40%,133.80%,"$440,953.00 ","24,159,174",64.9 Million,"$2,976,779.00 ",0.12,2.9,1.5,16.4,133.8,440953.0,2976779.0,24159174.0,False,Small,0.14813091600014647,False,False
1542,Joe Coin,JOE, $-   ,0.80%,-14.30%,-45.20%,-41.10%,"$1,277,279.00 ","1,000,000,000",1 Billion,"$2,973,667.00 ",,0.8,-14.3,-45.2,-41.1,1277279.0,2973667.0,1000000000.0,False,Small,0.42952993727946,False,False
1543,Hubble,HBB,0.06,-6.80%,-3.10%,-13.60%,31.70%,"$380,404.00 ","52,920,674",100 Million,"$2,966,302.00 ",0.06,-6.8,-3.1,-13.6,31.7,380404.0,2966302.0,52920674.0,False,Small,0.12824183107451634,False,False
1544,X World Games,XWG, $-   ,0.20%,-1.20%,3.00%,6.70%,"$193,125.00 ","2,878,846,154",9.94 Billion,"$2,955,248.00 ",,0.2,-1.2,3.0,6.7,193125.0,2955248.0,2878846154.0,False,Small,0.06534984542752419,False,False
1545,Alfa Romeo Racing ORLEN Fan Token,SAUBER,0.54,-0.70%,-2.80%,-4.20%,4.80%,"$112,044.00 ","5,476,172",10 Million,"$2,954,573.00 ",0.54,-0.7,-2.8,-4.2,4.8,112044.0,2954573.0,5476172.0,False,Small,0.03792223106350732,False,False
1546,Acquire.Fi,ACQ,0.03,2.20%,0.00%,19.10%,501.50%,"$315,431.00 ","100,127,165",300 Million,"$2,939,490.00 ",0.03,2.2,0.0,19.1,501.5,315431.0,2939490.0,100127165.0,False,Small,0.10730807044759465,False,False
1547,Arianee,ARIA20,0.11,0.30%,-65.40%,-67.00%,-60.30%,$137.00 ,"26,856,005",200 Million,"$2,937,264.00 ",0.11,0.3,-65.4,-67.0,-60.3,137.0,2937264.0,26856005.0,False,Small,4.664204511409257e-05,False,False
1548,dHEDGE DAO,DHT,0.07,0.30%,-6.00%,0.70%,-31.30%,"$17,925.00 ","42,701,259",100 Million,"$2,931,831.00 ",0.07,0.3,-6.0,0.7,-31.3,17925.0,2931831.0,42701259.0,False,Small,0.006113926757715571,False,False
1549,Oxbull Tech,OXB,0.45,-0.10%,-9.90%,-4.50%,56.20%,"$17,636.00 ","6,548,469",9.76 Million,"$2,927,333.00 ",0.45,-0.1,-9.9,-4.5,56.2,17636.0,2927333.0,6548469.0,False,Small,0.006024596450079305,False,False
1550,BBS Network,BBS,0.01,3.80%,-20.20%,-7.10%,21.90%,"$54,193.00 ","443,487,339",1 Billion,"$2,926,420.00 ",0.01,3.8,-20.2,-7.1,21.9,54193.0,2926420.0,443487339.0,False,Small,0.01851853117460925,False,False
1551,ZigZag,ZZ,0.05,-1.50%,-4.50%,-40.40%,-48.90%,"$302,555.00 ","58,634,893",100 Million,"$2,926,762.00 ",0.05,-1.5,-4.5,-40.4,-48.9,302555.0,2926762.0,58634893.0,False,Small,0.1033753342430987,False,False
1552,Metavault Trade,MVX,1.18,0.10%,-3.50%,-30.30%,11.40%,"$265,293.00 ","2,470,291",4 Million,"$2,923,802.00 ",1.18,0.1,-3.5,-30.3,11.4,265293.0,2923802.0,2470291.0,False,Small,0.09073562436854479,False,False
1553,SavePlanetEarth,SPE, $-   ,-0.30%,-13.40%,-7.40%,6.20%,"$32,167.00 ","589,507,930",590 Million,"$2,919,218.00 ",,-0.3,-13.4,-7.4,6.2,32167.0,2919218.0,589507930.0,False,Small,0.011019046881733396,False,False
1554,Safe Haven,SHA, $-   ,3.80%,-3.20%,-4.10%,0.90%,"$138,238.00 ","5,900,000,000",8.5 Billion,"$2,913,962.00 ",,3.8,-3.2,-4.1,0.9,138238.0,2913962.0,5900000000.0,False,Small,0.047439877390302275,False,False
1555,Lodestar,LODE,0.36,0.60%,1.90%,-28.60%,37.50%,"$29,198.00 ","8,016,184",20 Million,"$2,904,568.00 ",0.36,0.6,1.9,-28.6,37.5,29198.0,2904568.0,8016184.0,False,Small,0.010052441533474168,False,False
1556,GNY,GNY,0.02,0.30%,-1.60%,-7.50%,-2.90%,"$30,181.00 ","178,677,540",400 Million,"$2,898,542.00 ",0.02,0.3,-1.6,-7.5,-2.9,30181.0,2898542.0,178677540.0,False,Small,0.010412476341553787,False,False
1557,Bankless DAO,BANK, $-   ,-1.50%,0.70%,-4.50%,13.60%,$27.30 ,"825,197,122",1 Billion,"$2,892,802.00 ",,-1.5,0.7,-4.5,13.6,27.3,2892802.0,825197122.0,False,Small,9.4372169267029e-06,False,False
1558,MurAll,PAINT, $-   ,1.20%,-0.40%,2.00%,65.50%,"$53,728.00 ","11,573,598,233",22 Billion,"$2,888,892.00 ",,1.2,-0.4,2.0,65.5,53728.0,2888892.0,11573598233.0,False,Small,0.01859813381739435,False,False
1559,Flooring Protocol μAzuki,ΜAZUKI,0.01,-0.10%,2.00%,-7.70%,,"$3,980.00 ","270,000,000",270 Million,"$2,882,400.00 ",0.01,-0.1,2.0,-7.7,,3980.0,2882400.0,270000000.0,False,Small,0.0013807937829586456,False,False
1560,Paint Swap,BRUSH,0.01,-0.80%,-6.00%,2.80%,27.20%,"$36,247.00 ","323,257,746",357 Million,"$2,882,344.00 ",0.01,-0.8,-6.0,2.8,27.2,36247.0,2882344.0,323257746.0,False,Small,0.012575528805722009,False,False
1561,STAT,STAT,0.07,-0.70%,-2.90%,-0.60%,2.00%,"$270,770.00 ","38,308,069",100 Million,"$2,866,148.00 ",0.07,-0.7,-2.9,-0.6,2.0,270770.0,2866148.0,38308069.0,False,Small,0.09447174395739508,False,False
1562,NanoByte,NBT, $-   ,0.80%,-1.70%,-5.10%,-5.20%,"$49,331.00 ","1,272,911,022",9.98 Billion,"$2,855,255.00 ",,0.8,-1.7,-5.1,-5.2,49331.0,2855255.0,1272911022.0,False,Small,0.01727726595347876,False,False
1563,Cream ETH 2,CRETH2,"2,010.88",-,-,-,-, - ,"1,383",1.38 Thousand,"$2,781,799.00 ",2010.88,,,,,,2781799.0,1383.0,False,Small,,False,False
1564,Global Coin Research,GCR,0.28,-0.40%,1.20%,6.90%,-2.70%,$789.00 ,"10,000,000",10 Million,"$2,845,602.00 ",0.28,-0.4,1.2,6.9,-2.7,789.0,2845602.0,10000000.0,False,Small,0.0002772699766165472,False,False
1565,Vertcoin,VTC,0.04,-5.50%,-13.20%,-34.40%,-20.70%,"$48,329.00 ","68,127,261",84 Million,"$2,840,841.00 ",0.04,-5.5,-13.2,-34.4,-20.7,48329.0,2840841.0,68127261.0,False,Small,0.017012215748787068,False,False
1566,Walken,WLKN,0.01,-0.60%,-5.80%,15.30%,38.60%,"$1,704,535.00 ","516,081,362",2 Billion,"$2,839,557.00 ",0.01,-0.6,-5.8,15.3,38.6,1704535.0,2839557.0,516081362.0,False,Small,0.600282015821482,True,False
1567,Plugin,PLI,0.03,3.10%,2.80%,-1.30%,6.30%,"$116,306.00 ","85,070,000",500 Million,"$2,838,500.00 ",0.03,3.1,2.8,-1.3,6.3,116306.0,2838500.0,85070000.0,False,Small,0.04097445834067289,False,False
1568,Wam,WAM,0.01,0.70%,3.20%,-26.10%,95.50%,"$225,173.00 ","537,769,577",1 Billion,"$2,838,322.00 ",0.01,0.7,3.2,-26.1,95.5,225173.0,2838322.0,537769577.0,False,Small,0.07933314120103357,False,False
1569,CNH Tether,CNHT,0.14,-,-,-,-, - ,"20,503,469",-,"$2,794,265.00 ",0.14,,,,,,2794265.0,20503469.0,False,Small,,False,False
1570,Hop Protocol,HOP,0.04,-0.40%,0.10%,-6.40%,0.30%,"$180,027.00 ","75,222,483",1 Billion,"$2,831,604.00 ",0.04,-0.4,0.1,-6.4,0.3,180027.0,2831604.0,75222483.0,False,Small,0.06357774604075994,False,False
1571,Cashaa,CAS, $-   ,2.30%,5.20%,6.80%,-7.40%,"$102,152.00 ","725,890,858",1 Billion,"$2,826,831.00 ",,2.3,5.2,6.8,-7.4,102152.0,2826831.0,725890858.0,False,Small,0.03613657838052575,False,False
1572,NFTb,NFTB,0.01,-4.90%,-27.20%,-25.30%,73.30%,"$974,451.00 ","309,540,419",726 Million,"$2,823,734.00 ",0.01,-4.9,-27.2,-25.3,73.3,974451.0,2823734.0,309540419.0,False,Small,0.34509305763219905,False,False
1573,Gameswap,GSWAP,0.32,0.50%,-4.90%,14.60%,91.10%,"$17,326.00 ","8,760,545",20 Million,"$2,824,197.00 ",0.32,0.5,-4.9,14.6,91.1,17326.0,2824197.0,8760545.0,False,Small,0.006134841160159861,False,False
1574,GMD,GMD,47.63,0.00%,7.00%,-18.60%,23.60%,"$60,749.00 ","59,147",80 Thousand,"$2,814,769.00 ",47.63,0.0,7.0,-18.6,23.6,60749.0,2814769.0,59147.0,False,Small,0.02158223285818481,False,False
1575,hi Dollar,HI, $-   ,1.00%,-7.20%,2.20%,4.70%,"$246,916.00 ","3,764,335,181",9.83 Billion,"$2,812,874.00 ",,1.0,-7.2,2.2,4.7,246916.0,2812874.0,3764335181.0,False,Small,0.08778068267544156,False,False
1576,Degen Zoo,DZOO,0.01,-0.40%,13.20%,49.70%,42.90%,"$666,439.00 ","337,309,736",535 Million,"$2,806,391.00 ",0.01,-0.4,13.2,49.7,42.9,666439.0,2806391.0,337309736.0,False,Small,0.2374718989620477,False,False
1577,PIZA (Ordinals),PIZA,0.13,-0.30%,13.10%,18.80%,266.00%,"$494,579.00 ","21,000,000",21 Million,"$2,803,192.00 ",0.13,-0.3,13.1,18.8,266.0,494579.0,2803192.0,21000000.0,False,Small,0.17643422212962936,False,False
1578,Bolt,BOLT, $-   ,0.00%,-2.70%,12.30%,37.00%,"$313,004.00 ","999,000,000",999 Million,"$2,800,509.00 ",,0.0,-2.7,12.3,37.0,313004.0,2800509.0,999000000.0,False,Small,0.11176682524498226,False,False
1579,Horizon Protocol,HZN,0.02,-0.20%,-13.40%,2.10%,17.20%,"$146,562.00 ","140,188,590",231 Million,"$2,799,744.00 ",0.02,-0.2,-13.4,2.1,17.2,146562.0,2799744.0,140188590.0,False,Small,0.05234835756412015,False,False
1580,Empowa,EMP,0.11,-0.40%,1.40%,7.50%,44.70%,$111.00 ,"26,022,171",200 Million,"$2,789,061.00 ",0.11,-0.4,1.4,7.5,44.7,111.0,2789061.0,26022171.0,False,Small,3.9798340731880726e-05,False,False
1581,Jur,JUR,0.01,3.80%,-2.30%,57.00%,83.30%,"$2,585.00 ","263,332,092",1 Billion,"$2,786,902.00 ",0.01,3.8,-2.3,57.0,83.3,2585.0,2786902.0,263332092.0,False,Small,0.0009275532472975368,False,False
1582,Beethoven X,BEETS,0.02,-0.10%,-7.80%,18.10%,74.20%,"$11,354.00 ","170,873,567",213 Million,"$2,787,103.00 ",0.02,-0.1,-7.8,18.1,74.2,11354.0,2787103.0,170873567.0,False,Small,0.004073764048189105,False,False
1583,Gyrowin,GW,0.01,-1.20%,-7.30%,-24.50%,3.90%,"$90,845.00 ","262,591,407",4.96 Billion,"$2,787,397.00 ",0.01,-1.2,-7.3,-24.5,3.9,90845.0,2787397.0,262591407.0,False,Small,0.03259133880103911,False,False
1584,Tempus,TEMP,0.01,0.00%,-5.10%,-6.30%,-34.10%,"$2,561.00 ","219,148,764",1 Billion,"$2,786,707.00 ",0.01,0.0,-5.1,-6.3,-34.1,2561.0,2786707.0,219148764.0,False,Small,0.0009190058373557033,False,False
1585,Sonar,PING, $-   ,-0.20%,-3.30%,-11.00%,-16.40%,"$33,885.00 ","3,764,090,000",3.91 Billion,"$2,786,064.00 ",,-0.2,-3.3,-11.0,-16.4,33885.0,2786064.0,3764090000.0,False,Small,0.01216231931499061,False,False
1586,Realm,REALM, $-   ,-3.70%,-8.60%,-56.40%,305.50%,"$149,487.00 ","838,683,525",1 Billion,"$2,770,692.00 ",,-3.7,-8.6,-56.4,305.5,149487.0,2770692.0,838683525.0,False,Small,0.05395294749470529,False,False
1587,WiFi Map,WIFI,0.03,0.20%,-3.20%,-1.80%,-2.80%,"$205,160.00 ","86,157,734",1 Billion,"$2,765,638.00 ",0.03,0.2,-3.2,-1.8,-2.8,205160.0,2765638.0,86157734.0,False,Small,0.07418179819629322,False,False
1588,Quantstamp,QSP, $-   ,0.20%,-6.20%,-18.10%,-47.90%,"$51,994.00 ","713,801,947",976 Million,"$2,765,152.00 ",,0.2,-6.2,-18.1,-47.9,51994.0,2765152.0,713801947.0,False,Small,0.018803306292023005,False,False
1589,Honeyland,HXD,0.02,2.00%,4.60%,1.60%,-7.90%,"$29,046.00 ","145,428,295",1 Billion,"$2,756,361.00 ",0.02,2.0,4.6,1.6,-7.9,29046.0,2756361.0,145428295.0,False,Small,0.010537806912810041,False,False
1590,Moon Tropica,CAH,0.57,0.00%,-0.20%,-17.10%,-14.70%,"$4,724.00 ","4,807,373",50 Million,"$2,746,123.00 ",0.57,0.0,-0.2,-17.1,-14.7,4724.0,2746123.0,4807373.0,False,Small,0.0017202434122579361,False,False
1591,MCH Coin,MCHC,0.09,3.10%,7.00%,48.10%,74.50%,"$231,062.00 ","30,494,123",31.5 Million,"$2,743,604.00 ",0.09,3.1,7.0,48.1,74.5,231062.0,2743604.0,30494123.0,False,Small,0.08421842219212394,False,False
1592,Litecoin Cash,LCC, $-   ,0.30%,13.80%,12.60%,-3.20%,$75.34 ,"794,486,028",840 Million,"$2,743,049.00 ",,0.3,13.8,12.6,-3.2,75.34,2743049.0,794486028.0,False,Small,2.7465787158741972e-05,False,False
1593,CSP DAO Network,NEBO,2.45,-0.10%,-2.70%,-19.10%,175.90%,"$4,979.00 ","1,118,866",2.25 Million,"$2,740,229.00 ",2.45,-0.1,-2.7,-19.1,175.9,4979.0,2740229.0,1118866.0,False,Small,0.0018170014257932457,False,False
1594,U.CASH,UCASH, $-   ,-,-,-,-, - ,"10,617,959,106",21 Billion,"$2,738,110.00 ",,,,,,,2738110.0,10617959106.0,False,Small,,False,False
1595,Mobius,MOBI,0.01,0.40%,-0.50%,6.70%,-7.80%,"$40,533.00 ","513,996,636",888 Million,"$2,732,262.00 ",0.01,0.4,-0.5,6.7,-7.8,40533.0,2732262.0,513996636.0,False,Small,0.0148349609224884,False,False
1596,c0x,CZRX,0.01,-0.50%,3.80%,-26.70%,81.90%,$403.00 ,"335,345,899",335 Million,"$2,729,587.00 ",0.01,-0.5,3.8,-26.7,81.9,403.0,2729587.0,335345899.0,False,Small,0.00014764138311033868,False,False
1597,ETF The Token,ETF,0.13,-2.50%,1.20%,-32.00%,-59.10%,"$41,336.00 ","21,000,000",21 Million,"$2,718,446.00 ",0.13,-2.5,1.2,-32.0,-59.1,41336.0,2718446.0,21000000.0,False,Small,0.015205746224129521,False,False
1598,Ertha,ERTHA, $-   ,-2.50%,-7.70%,-1.30%,204.60%,"$488,379.00 ","1,118,910,395",2 Billion,"$2,713,705.00 ",,-2.5,-7.7,-1.3,204.6,488379.0,2713705.0,1118910395.0,False,Small,0.1799676088594744,False,False
1599,MContent,MCONTENT, $-   ,0.20%,-2.20%,-4.60%,15.20%,"$375,162.00 ","3,683,217,892,404,070",6.02 Quadrillion,"$2,709,860.00 ",,0.2,-2.2,-4.6,15.2,375162.0,2709860.0,3683217892404070.0,False,Small,0.13844331441476682,False,False
1600,Media Network,MEDIA,10.78,-0.50%,0.80%,-12.90%,74.50%,"$480,534.00 ","250,000",869 Thousand,"$2,703,516.00 ",10.78,-0.5,0.8,-12.9,74.5,480534.0,2703516.0,250000.0,False,Small,0.17774409324745996,False,False
1601,Ulord,UT,0.02,0.30%,-22.80%,12.40%,15.90%,"$8,011.00 ","149,452,034",1 Billion,"$2,697,851.00 ",0.02,0.3,-22.8,12.4,15.9,8011.0,2697851.0,149452034.0,False,Small,0.002969400459847486,False,False
1602,Meeds DAO,MEED,0.20,0.30%,1.90%,0.60%,20.20%,"$32,837.00 ","13,447,130",7.32 Million,"$2,688,924.00 ",0.2,0.3,1.9,0.6,20.2,32837.0,2688924.0,13447130.0,False,Small,0.01221194797621651,False,False
1603,BTC 2x Flexible Leverage Index,BTC2X-FLI,11.05,0.50%,-2.10%,2.10%,37.50%,"$1,580.00 ","243,512",244 Thousand,"$2,686,163.00 ",11.05,0.5,-2.1,2.1,37.5,1580.0,2686163.0,243512.0,False,Small,0.0005881995992052605,False,False
1604,Wonderland TIME,TIME,2.97,-0.10%,6.70%,129.20%,-78.40%,"$5,098.00 ","900,255",52 Million,"$2,676,295.00 ",2.97,-0.1,6.7,129.2,-78.4,5098.0,2676295.0,900255.0,False,Small,0.001904872220737998,False,False
1605,Pleasure Coin,NSFW, $-   ,-0.30%,0.30%,0.60%,18.30%,"$10,469.00 ","52,282,308,673",69 Billion,"$2,671,731.00 ",,-0.3,0.3,0.6,18.3,10469.0,2671731.0,52282308673.0,False,Small,0.003918433405159427,False,False
1606,FutureCoin,FUTURE,0.07,-0.10%,-0.10%,-5.30%,19.90%,$310.00 ,"38,463,465",120 Million,"$2,665,977.00 ",0.07,-0.1,-0.1,-5.3,19.9,310.0,2665977.0,38463465.0,False,Small,0.00011628007293386253,False,False
1607,RigoBlock,GRG,0.40,0.50%,-4.70%,-18.70%,-62.70%,$192.00 ,"6,591,045",10 Million,"$2,660,727.00 ",0.4,0.5,-4.7,-18.7,-62.7,192.0,2660727.0,6591045.0,False,Small,7.216072900376476e-05,False,False
1608,Bridge Oracle,BRG, $-   ,-0.40%,-7.40%,-21.00%,56.00%,"$188,610.00 ","7,999,999,879",10 Billion,"$2,658,169.00 ",,-0.4,-7.4,-21.0,56.0,188610.0,2658169.0,7999999879.0,False,Small,0.07095485651965695,False,False
1609,Pastel,PSL, $-   ,2.20%,5.70%,-3.20%,-3.50%,"$554,676.00 ","10,837,625,970",14.4 Billion,"$2,645,164.00 ",,2.2,5.7,-3.2,-3.5,554676.0,2645164.0,10837625970.0,False,Small,0.20969437055698625,False,False
1610,NALS,NALS,0.13,-1.40%,-14.50%,-37.40%,88.70%,"$451,762.00 ","21,000,000",21 Million,"$2,645,097.00 ",0.13,-1.4,-14.5,-37.4,88.7,451762.0,2645097.0,21000000.0,False,Small,0.17079222425491392,False,False
1611,MAPS,MAPS,0.04,3.90%,4.30%,1.60%,17.00%,"$128,678.00 ","75,000,000",10 Billion,"$2,644,269.00 ",0.04,3.9,4.3,1.6,17.0,128678.0,2644269.0,75000000.0,False,Small,0.04866297642183908,False,False
1612,Abyss,ABYSS,0.01,-0.10%,0.30%,-1.50%,14.50%,"$23,416.00 ","229,054,790",509 Million,"$2,642,766.00 ",0.01,-0.1,0.3,-1.5,14.5,23416.0,2642766.0,229054790.0,False,Small,0.008860413672644495,False,False
1613,DuckDaoDime,DDIM,2.25,0.40%,1.90%,-10.50%,79.20%,"$46,511.00 ","1,173,676",1.42 Million,"$2,640,806.00 ",2.25,0.4,1.9,-10.5,79.2,46511.0,2640806.0,1173676.0,False,Small,0.017612425903303763,False,False
1614,Neighbourhoods,NHT, $-   ,0.40%,-0.70%,0.90%,2.20%,"$90,288.00 ","8,832,300,325",10 Billion,"$2,640,058.00 ",,0.4,-0.7,0.9,2.2,90288.0,2640058.0,8832300325.0,False,Small,0.0341992486528705,False,False
1615,iETH v1,IETH,"2,265.12",0.20%,3.20%,0.90%,21.90%, $-   ,"1,165",1.17 Thousand,"$2,639,302.00 ",2265.12,0.2,3.2,0.9,21.9,,2639302.0,1165.0,False,Small,,False,False
1616,Youves YOU Governance,YOU,0.75,-0.10%,-2.30%,1.90%,14.60%,"$5,252.00 ","3,540,576",3.54 Million,"$2,637,769.00 ",0.75,-0.1,-2.3,1.9,14.6,5252.0,2637769.0,3540576.0,False,Small,0.0019910765499177524,False,False
1617,Rome,ROME,11.51,0.90%,0.90%,-0.40%,1.70%,$169.00 ,"226,655",234 Thousand,"$2,635,297.00 ",11.51,0.9,0.9,-0.4,1.7,169.0,2635297.0,226655.0,False,Small,6.412939414418944e-05,False,False
1618,AstroPepeX,APX, $-   ,-0.30%,-3.40%,-24.50%,179.90%,"$1,164,922.00 ","65,000,000,000",65 Billion,"$2,635,399.00 ",,-0.3,-3.4,-24.5,179.9,1164922.0,2635399.0,65000000000.0,False,Small,0.44202870229517427,False,False
1619,Monolith,TKN,0.07,-,-,-,-, - ,"36,241,835",39.4 Million,"$2,589,928.00 ",0.07,,,,,,2589928.0,36241835.0,False,Small,,False,False
1620,Granary,GRAIN,0.01,0.60%,1.90%,-1.80%,90.30%,"$2,028.00 ","205,612,940",206 Million,"$2,630,964.00 ",0.01,0.6,1.9,-1.8,90.3,2028.0,2630964.0,205612940.0,False,Small,0.0007708201252468676,False,False
1621,Krav,KRAV, $-   ,0.50%,1.60%,-2.10%,23.50%,$938.00 ,"1,000,000,000",10 Billion,"$2,630,694.00 ",,0.5,1.6,-2.1,23.5,938.0,2630694.0,1000000000.0,False,Small,0.0003565599039645052,False,False
1622,K21,K21,0.14,-0.20%,-1.60%,-2.40%,23.90%,"$74,360.00 ","18,026,698",21 Million,"$2,622,214.00 ",0.14,-0.2,-1.6,-2.4,23.9,74360.0,2622214.0,18026698.0,False,Small,0.028357716036906216,False,False
1623,MoonBot,MBOT,2.62,1.70%,11.20%,-4.90%,18.10%,"$26,561.00 ","1,000,000",1 Million,"$2,619,919.00 ",2.62,1.7,11.2,-4.9,18.1,26561.0,2619919.0,1000000.0,False,Small,0.010138099689341542,False,False
1624,LoungeM,LZM,0.04,-1.10%,-3.90%,-12.40%,-17.70%,"$6,712.00 ","60,278,804",1 Billion,"$2,618,015.00 ",0.04,-1.1,-3.9,-12.4,-17.7,6712.0,2618015.0,60278804.0,False,Small,0.0025637744627131625,False,False
1625,Chirpley,CHRP,0.01,-1.50%,-1.20%,33.40%,83.80%,"$400,929.00 ","386,736,817",1 Billion,"$2,611,673.00 ",0.01,-1.5,-1.2,33.4,83.8,400929.0,2611673.0,386736817.0,False,Small,0.15351424163744848,False,False
1626,Battle Infinity,IBAT, $-   ,0.10%,-6.30%,-21.60%,0.00%,"$38,445.00 ","4,511,136,734",10 Billion,"$2,611,544.00 ",,0.1,-6.3,-21.6,0.0,38445.0,2611544.0,4511136734.0,False,Small,0.014721176438153061,False,False
1627,SparkPoint,SRK, $-   ,-3.50%,18.30%,30.40%,72.90%,"$244,020.00 ","10,272,790,238",13.1 Billion,"$2,609,832.00 ",,-3.5,18.3,30.4,72.9,244020.0,2609832.0,10272790238.0,False,Small,0.09350027128182964,False,False
1628,DogeGF,DOGEGF, $-   ,-0.40%,1.50%,7.40%,-17.20%,"$1,434.00 ","20,853,678,143,968,900",33 Quadrillion,"$2,609,998.00 ",,-0.4,1.5,7.4,-17.2,1434.0,2609998.0,2.08536781439689e+16,False,Small,0.0005494257083721903,False,False
1629,Kromatika,KROM,0.03,0.10%,2.50%,0.10%,28.80%,"$67,438.00 ","82,301,961",100 Million,"$2,608,086.00 ",0.03,0.1,2.5,0.1,28.8,67438.0,2608086.0,82301961.0,False,Small,0.02585727617877631,False,False
1630,Geojam,JAM, $-   ,4.00%,-3.30%,-10.40%,76.10%,"$126,656.00 ","4,125,381,323",8 Billion,"$2,608,034.00 ",,4.0,-3.3,-10.4,76.1,126656.0,2608034.0,4125381323.0,False,Small,0.04856378406109736,False,False
1631,Ariva,ARV, $-   ,-1.30%,-5.50%,-13.10%,13.40%,"$392,786.00 ","72,553,169,190",93.6 Billion,"$2,600,708.00 ",,-1.3,-5.5,-13.1,13.4,392786.0,2600708.0,72553169190.0,False,Small,0.15103041171865508,False,False
1632,TE-FOOD,TONE, $-   ,-4.40%,41.80%,-0.70%,-36.30%,"$102,919.00 ","606,833,706",1 Billion,"$2,599,401.00 ",,-4.4,41.8,-0.7,-36.3,102919.0,2599401.0,606833706.0,False,Small,0.03959335246851101,False,False
1633,Dfyn Network,DFYN,0.01,0.10%,-4.10%,-1.60%,10.00%,"$136,523.00 ","192,488,455",198 Million,"$2,597,997.00 ",0.01,0.1,-4.1,-1.6,10.0,136523.0,2597997.0,192488455.0,False,Small,0.05254932934872519,False,False
1634,Mettalex,MTLX,0.64,0.20%,0.20%,5.90%,42.60%,"$8,852.00 ","4,062,685",40 Million,"$2,586,276.00 ",0.64,0.2,0.2,5.9,42.6,8852.0,2586276.0,4062685.0,False,Small,0.0034226818792735193,False,False
1635,Zynecoin,ZYN,0.08,-7.60%,-14.50%,20.60%,-8.10%,"$3,089.00 ","33,666,372",97 Million,"$2,586,062.00 ",0.08,-7.6,-14.5,20.6,-8.1,3089.0,2586062.0,33666372.0,False,Small,0.0011944802560804808,False,False
1636,Everest,ID,0.02,-0.30%,51.70%,72.20%,103.40%,"$196,002.00 ","116,700,000",800 Million,"$2,585,568.00 ",0.02,-0.3,51.7,72.2,103.4,196002.0,2585568.0,116700000.0,False,Small,0.07580616715553411,False,False
1637,Polkacity,POLC,0.01,1.80%,-0.80%,-8.00%,148.80%,"$347,700.00 ","222,594,428",250 Million,"$2,583,585.00 ",0.01,1.8,-0.8,-8.0,148.8,347700.0,2583585.0,222594428.0,False,Small,0.13458043764768723,False,False
1638,BSCS,BSCS,0.01,0.80%,-0.30%,2.00%,36.40%,"$612,503.00 ","228,067,989",399 Million,"$2,573,677.00 ",0.01,0.8,-0.3,2.0,36.4,612503.0,2573677.0,228067989.0,False,Small,0.23798751747014096,False,False
1639,SHILL Token,SHILL,0.01,-2.10%,-1.00%,14.90%,33.70%,"$1,062,322.00 ","357,073,944",1 Billion,"$2,572,303.00 ",0.01,-2.1,-1.0,14.9,33.7,1062322.0,2572303.0,357073944.0,False,Small,0.41298478445190945,False,False
1640,Monetha,MTH,0.01,0.20%,-1.50%,-5.80%,-0.20%,"$519,082.00 ","347,543,900",402 Million,"$2,567,447.00 ",0.01,0.2,-1.5,-5.8,-0.2,519082.0,2567447.0,347543900.0,False,Small,0.20217827281342127,False,False
1641,Voice,VOICE,73.08,-0.10%,4.40%,3.80%,28.70%,"$1,640.00 ","35,134",44.6 Thousand,"$2,565,694.00 ",73.08,-0.1,4.4,3.8,28.7,1640.0,2565694.0,35134.0,False,Small,0.0006392032720971401,False,False
1642,LA,LA,0.04,0.20%,-2.10%,18.20%,48.90%,"$37,598.00 ","60,630,000",400 Million,"$2,550,642.00 ",0.04,0.2,-2.1,18.2,48.9,37598.0,2550642.0,60630000.0,False,Small,0.01474060256202164,False,False
1643,Fedoracoin,TIPS, $-   ,2.40%,-7.20%,-12.30%,-28.80%,"$40,298.00 ","608,406,589,616",-,"$2,548,906.00 ",,2.4,-7.2,-12.3,-28.8,40298.0,2548906.0,608406589616.0,False,Small,0.015809920020589226,False,False
1644,Juggernaut,JGN,0.03,0.70%,-6.90%,-16.10%,-5.70%,"$246,601.00 ","100,210,416",150 Million,"$2,543,827.00 ",0.03,0.7,-6.9,-16.1,-5.7,246601.0,2543827.0,100210416.0,False,Small,0.0969409476351969,False,False
1645,BlackPool,BPT,0.20,-0.20%,-4.10%,-4.70%,8.70%,$168.00 ,"12,605,557",52 Million,"$2,531,749.00 ",0.2,-0.2,-4.1,-4.7,8.7,168.0,2531749.0,12605557.0,False,Small,6.635728897295901e-05,False,False
1646,Materium,MTRM,0.14,-4.50%,11.20%,0.90%,66.30%,"$78,097.00 ","17,708,864",17.7 Million,"$2,521,252.00 ",0.14,-4.5,11.2,0.9,66.3,78097.0,2521252.0,17708864.0,False,Small,0.03097548360893715,False,False
1647,LootBot,LOOT,0.30,-1.50%,-8.00%,-9.30%,44.80%,"$414,769.00 ","8,340,185",10 Million,"$2,519,572.00 ",0.3,-1.5,-8.0,-9.3,44.8,414769.0,2519572.0,8340185.0,False,Small,0.1646188320873545,False,False
1648,PunkCity,PUNK,0.51,0.40%,5.60%,6.30%,8.90%,"$7,586.00 ","4,918,223",50 Million,"$2,516,975.00 ",0.51,0.4,5.6,6.3,8.9,7586.0,2516975.0,4918223.0,False,Small,0.0030139353787780967,False,False
1649,Tomb,TOMB,0.01,0.80%,-7.20%,-13.10%,10.50%,"$32,760.00 ","309,207,149",309 Million,"$2,514,989.00 ",0.01,0.8,-7.2,-13.1,10.5,32760.0,2514989.0,309207149.0,False,Small,0.013025901902553053,False,False
1650,PlutusDAO,PLS,0.23,-0.10%,-1.70%,-14.30%,35.80%,"$103,506.00 ","10,830,000",100 Million,"$2,512,559.00 ",0.23,-0.1,-1.7,-14.3,35.8,103506.0,2512559.0,10830000.0,False,Small,0.04119545053469391,False,False
1651,Onooks,OOKS,0.22,0.90%,-1.50%,-23.40%,-10.10%,$875.00 ,"11,221,615",12 Million,"$2,511,910.00 ",0.22,0.9,-1.5,-23.4,-10.1,875.0,2511910.0,11221615.0,False,Small,0.0003483405058302248,False,False
1652,USDP Stablecoin,USDP,0.95,-,-,-,-, - ,"2,630,046",2.63 Million,"$2,508,211.00 ",0.95,,,,,,2508211.0,2630046.0,True,Small,,False,False
1653,sEUR,SEUR,1.09,-0.50%,-0.90%,0.30%,-4.90%,"$249,778.00 ","2,295,212",2.3 Million,"$2,499,375.00 ",1.09,-0.5,-0.9,0.3,-4.9,249778.0,2499375.0,2295212.0,False,Small,0.0999361840460115,False,False
1654,Million,MM,2.50,0.20%,0.50%,-1.40%,21.40%,"$45,601.00 ","1,000,000",1 Million,"$2,490,142.00 ",2.5,0.2,0.5,-1.4,21.4,45601.0,2490142.0,1000000.0,False,Small,0.01831261028487532,False,False
1655,Guacamole,GUAC, $-   ,7.30%,12.10%,-20.00%,14.20%,"$119,343.00 ","98,993,180,500,152",99 Trillion,"$2,484,076.00 ",,7.3,12.1,-20.0,14.2,119343.0,2484076.0,98993180500152.0,False,Small,0.04804321606907357,False,False
1656,Para,PARA, $-   ,,2.70%,2.30%,39.30%,$90.66 ,"33,035,304,629",100 Billion,"$2,472,053.00 ",,,2.7,2.3,39.3,90.66,2472053.0,33035304629.0,False,Small,3.6673970986867996e-05,False,False
1657,TiFi,TIFI, $-   ,0.10%,-10.50%,-15.10%,-2.50%,"$27,675.00 ","78,064,349,032,647",979 Trillion,"$2,477,736.00 ",,0.1,-10.5,-15.1,-2.5,27675.0,2477736.0,78064349032647.0,False,Small,0.011169470839508325,False,False
1658,DexGame,DXGM, $-   ,0.80%,0.30%,-22.70%,-49.30%,"$131,873.00 ","724,002,858",1 Billion,"$2,475,594.00 ",,0.8,0.3,-22.7,-49.3,131873.0,2475594.0,724002858.0,False,Small,0.053269235585479684,False,False
1659,Navcoin,NAV,0.03,0.60%,3.50%,-5.90%,-27.50%,"$36,932.00 ","77,024,051",-,"$2,474,887.00 ",0.03,0.6,3.5,-5.9,-27.5,36932.0,2474887.0,77024051.0,False,Small,0.014922701521321984,False,False
1660,Delta Exchange,DETO,0.03,-0.20%,11.50%,-6.40%,6.00%,"$1,104.00 ","92,423,794",500 Million,"$2,465,498.00 ",0.03,-0.2,11.5,-6.4,6.0,1104.0,2465498.0,92423794.0,False,Small,0.00044777971833682284,False,False
1661,BTC Standard Hashrate Token,BTCST,0.34,3.20%,-2.50%,-1.60%,7.20%,"$100,637.00 ","7,287,600",15 Million,"$2,460,351.00 ",0.34,3.2,-2.5,-1.6,7.2,100637.0,2460351.0,7287600.0,False,Small,0.04090351336049206,False,False
1662,Vent Finance,VENT,0.01,0.10%,2.70%,18.50%,65.90%,"$28,759.00 ","250,000,000",250 Million,"$2,457,354.00 ",0.01,0.1,2.7,18.5,65.9,28759.0,2457354.0,250000000.0,False,Small,0.011703238524038458,False,False
1663,42-coin,42,"58,331.11",0.40%,-1.30%,1.10%,-5.00%,$239.00 ,42,. M,"$2,449,904.00 ",58331.11,0.4,-1.3,1.1,-5.0,239.0,2449904.0,42.0,False,Small,9.755484296527538e-05,False,False
1664,Desmos,DSM,0.03,-0.10%,0.10%,23.60%,288.70%,"$6,952.00 ","79,863,524",162 Million,"$2,447,218.00 ",0.03,-0.1,0.1,23.6,288.7,6952.0,2447218.0,79863524.0,False,Small,0.0028407767513968923,False,False
1665,Ref Finance,REF,0.08,-0.10%,-5.80%,4.20%,60.50%,"$157,327.00 ","29,869,057",100 Million,"$2,446,912.00 ",0.08,-0.1,-5.8,4.2,60.5,157327.0,2446912.0,29869057.0,False,Small,0.06429614142233149,False,False
1666,Dvision Network,DVI,0.01,-1.20%,-11.90%,-9.10%,1.10%,"$388,375.00 ","246,769,890",1 Billion,"$2,447,087.00 ",0.01,-1.2,-11.9,-9.1,1.1,388375.0,2447087.0,246769890.0,False,Small,0.15870911005616065,False,False
1667,Lambda,LAMB, $-   ,0.30%,2.10%,-0.10%,35.70%,"$588,563.00 ","1,861,111,097",6 Billion,"$2,437,342.00 ",,0.3,2.1,-0.1,35.7,588563.0,2437342.0,1861111097.0,False,Small,0.24147739627840492,False,False
1668,StableXSwap,STAX,0.12,0.40%,-16.30%,-36.60%,-7.80%,$57.89 ,"19,847,704",25.5 Million,"$2,435,037.00 ",0.12,0.4,-16.3,-36.6,-7.8,57.89,2435037.0,19847704.0,False,Small,2.3773766065977642e-05,False,False
1669,CryptoPawCoin,CPRC, $-   ,-21.80%,-60.20%,-21.90%,-90.40%,"$117,696.00 ","312,733,489,531",313 Billion,"$2,430,902.00 ",,-21.8,-60.2,-21.9,-90.4,117696.0,2430902.0,312733489531.0,False,Small,0.04841659597959934,False,False
1670,Donut,DONUT,0.01,0.00%,2.70%,0.00%,89.50%,"$9,712.00 ","212,622,320",213 Million,"$2,420,165.00 ",0.01,0.0,2.7,0.0,89.5,9712.0,2420165.0,212622320.0,False,Small,0.00401294953030062,False,False
1671,NFTBooks,NFTBS, $-   ,0.50%,-5.80%,-16.20%,31.90%,"$5,425.00 ","67,598,485,665,392",100 Trillion,"$2,419,574.00 ",,0.5,-5.8,-16.2,31.9,5425.0,2419574.0,67598485665392.0,False,Small,0.0022421302262299065,False,False
1672,iMe Lab,LIME,0.01,0.40%,-7.80%,-11.90%,11.40%,"$292,757.00 ","432,774,153",1 Billion,"$2,419,428.00 ",0.01,0.4,-7.8,-11.9,11.4,292757.0,2419428.0,432774153.0,False,Small,0.12100256754902398,False,False
1673,Callisto Network,CLO, $-   ,0.20%,-5.10%,11.50%,0.10%,"$28,315.00 ","3,399,901,241",3.4 Billion,"$2,418,464.00 ",,0.2,-5.1,11.5,0.1,28315.0,2418464.0,3399901241.0,False,Small,0.011707844317715706,False,False
1674,LilAI,LILAI, $-   ,2.90%,19.30%,70.90%,207.50%,"$18,296.00 ","600,000,000",1 Billion,"$2,400,638.00 ",,2.9,19.3,70.9,207.5,18296.0,2400638.0,600000000.0,False,Small,0.0076213073357999,False,False
1675,COMDEX,CMDX,0.02,-0.60%,0.00%,-8.10%,4.30%,"$3,637.00 ","147,417,760",177 Million,"$2,400,637.00 ",0.02,-0.6,0.0,-8.1,4.3,3637.0,2400637.0,147417760.0,False,Small,0.0015150145565531149,False,False
1676,KONDUX,KNDX, $-   ,0.60%,8.70%,36.70%,366.40%,"$16,499.00 ","504,360,231",943 Million,"$2,381,711.00 ",,0.6,8.7,36.7,366.4,16499.0,2381711.0,504360231.0,False,Small,0.0069273728004783115,False,False
1677,Parex,PRX,0.45,-4.20%,-1.90%,5.20%,124.70%,"$266,182.00 ","5,260,815",23 Million,"$2,380,911.00 ",0.45,-4.2,-1.9,5.2,124.7,266182.0,2380911.0,5260815.0,False,Small,0.11179838305589751,False,False
1678,Dafi Protocol,DAFI, $-   ,-4.00%,-4.80%,-17.60%,-0.80%,"$307,059.00 ","565,333,667",2.25 Billion,"$2,380,153.00 ",,-4.0,-4.8,-17.6,-0.8,307059.0,2380153.0,565333667.0,False,Small,0.12900809317720333,False,False
1679,Rubic,RBC,0.02,1.00%,-8.60%,-5.70%,106.70%,"$301,720.00 ","99,355,001",99.4 Million,"$2,378,246.00 ",0.02,1.0,-8.6,-5.7,106.7,301720.0,2378246.0,99355001.0,False,Small,0.12686660673454303,False,False
1680,Razor Network,RAZOR, $-   ,0.30%,1.40%,10.10%,6.40%,"$281,669.00 ","561,193,496",1 Billion,"$2,371,390.00 ",,0.3,1.4,10.1,6.4,281669.0,2371390.0,561193496.0,False,Small,0.11877801626893932,False,False
1681,Altair,AIR,0.01,-0.50%,0.20%,-15.60%,19.70%,"$30,495.00 ","394,129,448",474 Million,"$2,368,184.00 ",0.01,-0.5,0.2,-15.6,19.7,30495.0,2368184.0,394129448.0,False,Small,0.012876955506835618,False,False
1682,Parallel,PAR,1.05,0.40%,-0.10%,-0.10%,-0.50%,"$7,551.00 ","2,240,894",2.24 Million,"$2,352,300.00 ",1.05,0.4,-0.1,-0.1,-0.5,7551.0,2352300.0,2240894.0,False,Small,0.003210049738553756,False,False
1683,Winkies,WNK, $-   ,0.20%,7.90%,9.10%,28.40%,"$51,350.00 ","5,100,488,684",6.67 Billion,"$2,349,924.00 ",,0.2,7.9,9.1,28.4,51350.0,2349924.0,5100488684.0,False,Small,0.02185177052534465,False,False
1684,Etica,ETI,0.80,-10.00%,7.20%,79.80%,1462.90%,"$49,249.00 ","2,940,197",2.94 Million,"$2,349,690.00 ",0.8,-10.0,7.2,79.8,1462.9,49249.0,2349690.0,2940197.0,False,Small,0.020959786184560517,False,True
1685,Plastiks,PLASTIK,0.02,1.70%,2.00%,2.50%,-10.90%,"$57,998.00 ","152,452,347",1 Billion,"$2,345,602.00 ",0.02,1.7,2.0,2.5,-10.9,57998.0,2345602.0,152452347.0,False,Small,0.02472627496054318,False,False
1686,Tierion,TNT,0.01,,0.90%,3.30%,76.00%,$0.03 ,"428,481,269",1 Billion,"$2,342,841.00 ",0.01,,0.9,3.3,76.0,0.03,2342841.0,428481269.0,False,Small,1.2804966278121306e-08,False,False
1687,Aurox,URUS,4.98,-1.20%,8.50%,-3.40%,-15.70%,"$39,237.00 ","469,930",1 Million,"$2,334,138.00 ",4.98,-1.2,8.5,-3.4,-15.7,39237.0,2334138.0,469930.0,False,Small,0.016810060073568917,False,False
1688,Hello Pets,PET,0.12,-0.70%,-1.20%,0.90%,25.30%,"$325,999.00 ","19,658,011",200 Million,"$2,325,752.00 ",0.12,-0.7,-1.2,0.9,25.3,325999.0,2325752.0,19658011.0,False,Small,0.1401692871810924,False,False
1689,Dejitaru Hoshi,HOSHI, $-   ,0.30%,0.80%,15.80%,44.60%,"$66,360.00 ","1,000,000,000",1 Billion,"$2,322,500.00 ",,0.3,0.8,15.8,44.6,66360.0,2322500.0,1000000000.0,False,Small,0.028572658772874057,False,False
1690,Roco Finance,ROCO,0.10,4.50%,-1.90%,35.90%,1.90%,"$867,458.00 ","22,506,518",99.6 Million,"$2,321,410.00 ",0.1,4.5,-1.9,35.9,1.9,867458.0,2321410.0,22506518.0,False,Small,0.3736772048022538,False,False
1691,Fabwelt,WELT,0.01,-0.10%,-19.20%,37.10%,25.20%,"$303,483.00 ","215,068,939",500 Million,"$2,317,344.00 ",0.01,-0.1,-19.2,37.1,25.2,303483.0,2317344.0,215068939.0,False,Small,0.130961566344919,False,False
1692,Equilibria Finance,EQB,0.11,0.50%,12.10%,-29.50%,4.60%,"$26,264.00 ","20,208,814",100 Million,"$2,312,458.00 ",0.11,0.5,12.1,-29.5,4.6,26264.0,2312458.0,20208814.0,False,Small,0.011357611684190588,False,False
1693,Traxx,TRAXX,0.01,1.10%,-0.60%,-4.90%,18.40%,"$141,992.00 ","243,965,550",350 Million,"$2,311,558.00 ",0.01,1.1,-0.6,-4.9,18.4,141992.0,2311558.0,243965550.0,False,Small,0.0614269683044942,False,False
1694,Ari10,ARI10, $-   ,-0.10%,-4.90%,40.60%,46.50%,"$17,313.00 ","736,699,192",813 Million,"$2,310,882.00 ",,-0.1,-4.9,40.6,46.5,17313.0,2310882.0,736699192.0,False,Small,0.00749194463412671,False,False
1695,AssetMantle,MNTL, $-   ,0.50%,11.30%,-6.60%,19.20%,"$167,733.00 ","984,158,077",1.05 Billion,"$2,304,588.00 ",,0.5,11.3,-6.6,19.2,167733.0,2304588.0,984158077.0,False,Small,0.07278220662435107,False,False
1696,LABEL Foundation,LBL, $-   ,-0.10%,-3.00%,0.30%,25.20%,"$133,749.00 ","1,141,369,062",3 Billion,"$2,303,210.00 ",,-0.1,-3.0,0.3,25.2,133749.0,2303210.0,1141369062.0,False,Small,0.05807069264200833,False,False
1697,EDEN,EDEN,0.02,-0.40%,1.70%,6.10%,26.50%,"$98,635.00 ","139,190,798",151 Million,"$2,299,827.00 ",0.02,-0.4,1.7,6.1,26.5,98635.0,2299827.0,139190798.0,False,Small,0.04288800853281573,False,False
1698,Jupiter,JUP, $-   ,-5.20%,-7.00%,2.70%,69.50%,"$58,962.00 ","1,000,000,000",1 Billion,"$2,299,130.00 ",,-5.2,-7.0,2.7,69.5,58962.0,2299130.0,1000000000.0,False,Small,0.025645352807366264,False,False
1699,My DeFi Pet,DPET,0.04,1.70%,7.80%,1.60%,14.10%,"$787,651.00 ","50,230,000",100 Million,"$2,291,991.00 ",0.04,1.7,7.8,1.6,14.1,787651.0,2291991.0,50230000.0,False,Small,0.3436536181861098,False,False
1700,Thorstarter,XRUNE,0.02,0.10%,5.90%,-3.00%,102.30%,"$92,484.00 ","114,150,522",535 Million,"$2,288,820.00 ",0.02,0.1,5.9,-3.0,102.3,92484.0,2288820.0,114150522.0,False,Small,0.04040684719637193,False,False
1701,Signum,SIGNA, $-   ,3.90%,-8.10%,-14.70%,-12.20%,"$22,336.00 ","2,161,331,831",2.16 Billion,"$2,288,536.00 ",,3.9,-8.1,-14.7,-12.2,22336.0,2288536.0,2161331831.0,False,Small,0.009759951340070683,False,False
1702,Rainbow Token,RBW,0.01,10.40%,30.60%,31.90%,17.10%,"$1,500,457.00 ","158,649,259",1 Billion,"$2,285,031.00 ",0.01,10.4,30.6,31.9,17.1,1500457.0,2285031.0,158649259.0,False,Small,0.6566462336834817,True,False
1703,Pepe Token,PEPE, $-   ,-1.70%,-0.50%,-3.40%,-35.00%,"$1,114,203.00 ","904,090,982",904 Million,"$2,281,821.00 ",,-1.7,-0.5,-3.4,-35.0,1114203.0,2281821.0,904090982.0,False,Small,0.4882955323840038,False,False
1704,Mineral,MNR, $-   ,19.60%,16.80%,3.50%,45.00%,"$117,970.00 ","7,550,297,802",9.95 Billion,"$2,276,917.00 ",,19.6,16.8,3.5,45.0,117970.0,2276917.0,7550297802.0,False,Small,0.05181128692877254,False,False
1705,FireStarter,FLAME,0.03,0.10%,-5.50%,-2.80%,41.00%,"$200,826.00 ","68,356,239",99.8 Million,"$2,263,575.00 ",0.03,0.1,-5.5,-2.8,41.0,200826.0,2263575.0,68356239.0,False,Small,0.08872071833272589,False,False
1706,EUROe Stablecoin,EUROE,1.09,-,-,-,-, - ,"2,088,106",2.09 Million,"$2,275,314.00 ",1.09,,,,,,2275314.0,2088106.0,False,Small,,False,False
1707,KLEVA,KLEVA,0.05,-0.70%,1.30%,-8.20%,37.90%,"$26,420.00 ","48,587,717",68 Million,"$2,251,583.00 ",0.05,-0.7,1.3,-8.2,37.9,26420.0,2251583.0,48587717.0,False,Small,0.011733966724744324,False,False
1708,Forj,BONDLY, $-   ,0.20%,-0.30%,19.60%,8.10%,"$607,185.00 ","696,954,092",984 Million,"$2,249,326.00 ",,0.2,-0.3,19.6,8.1,607185.0,2249326.0,696954092.0,False,Small,0.26994086228496894,False,False
1709,apM Coin,APM,0.01,-0.40%,-2.70%,-2.70%,3.80%,"$1,798,701.00 ","361,875,000",1.81 Billion,"$2,248,291.00 ",0.01,-0.4,-2.7,-2.7,3.8,1798701.0,2248291.0,361875000.0,False,Small,0.8000303341515844,True,False
1710,Theopetra,THEO,0.10,-0.10%,2.80%,9.00%,9.90%,"$1,124.00 ","22,103,453",64.6 Million,"$2,239,725.00 ",0.1,-0.1,2.8,9.0,9.9,1124.0,2239725.0,22103453.0,False,Small,0.0005018473250064182,False,False
1711,Mean DAO,MEAN,0.02,0.40%,-0.60%,-5.70%,1.60%,"$84,390.00 ","116,735,593",210 Million,"$2,230,975.00 ",0.02,0.4,-0.6,-5.7,1.6,84390.0,2230975.0,116735593.0,False,Small,0.0378265108304665,False,False
1712,Solidus Ai Tech,AITECH,0.01,-0.20%,-3.30%,3.50%,10.60%,"$1,934,232.00 ","149,653,709",1.99 Billion,"$2,227,076.00 ",0.01,-0.2,-3.3,3.5,10.6,1934232.0,2227076.0,149653709.0,False,Small,0.8685074061235449,True,False
1713,Karat,KAT,0.01,-0.20%,-3.40%,-5.60%,-40.90%,"$145,872.00 ","405,000,000",2 Billion,"$2,222,642.00 ",0.01,-0.2,-3.4,-5.6,-40.9,145872.0,2222642.0,405000000.0,False,Small,0.06563000249252916,False,False
1714,Octus Bridge,BRIDGE,0.35,-0.20%,-53.70%,-42.00%,24.00%,"$2,743.00 ","6,356,570",13.8 Million,"$2,221,328.00 ",0.35,-0.2,-53.7,-42.0,24.0,2743.0,2221328.0,6356570.0,False,Small,0.0012348469023935231,False,False
1715,The Ordinals Council,CNCL,305.69,-,-,-,-, - ,"10,000",10 Thousand,"$3,056,871.00 ",305.69,,,,,,3056871.0,10000.0,False,Small,,False,False
1716,Digital Fitness,DEFIT,0.08,24.50%,-1.40%,16.20%,12.30%,"$24,427.00 ","27,561,380",50 Million,"$2,207,689.00 ",0.08,24.5,-1.4,16.2,12.3,24427.0,2207689.0,27561380.0,False,Small,0.011064511351010038,False,False
1717,FREEdom coin,FREE, $-   ,-0.30%,-2.80%,4.80%,138.30%,"$339,450.00 ","7,999,999,997,385",10 Trillion,"$2,206,849.00 ",,-0.3,-2.8,4.8,138.3,339450.0,2206849.0,7999999997385.0,False,Small,0.15381659551695653,False,False
1718,Flooring Protocol μDeGods,ΜDEGODS,0.01,0.80%,1.40%,-8.10%,,"$597,935.00 ","375,000,000",375 Million,"$2,206,723.00 ",0.01,0.8,1.4,-8.1,,597935.0,2206723.0,375000000.0,False,Small,0.27096060538635797,False,False
1719,Morpheus Labs,MITX,0.01,-2.50%,13.20%,28.60%,-13.60%,"$7,897.00 ","433,999,994",734 Million,"$2,201,876.00 ",0.01,-2.5,13.2,28.6,-13.6,7897.0,2201876.0,433999994.0,False,Small,0.003586487159131577,False,False
1720,Perion,PERC,0.13,0.20%,1.20%,14.30%,17.50%,"$195,126.00 ","17,013,180",100 Million,"$2,200,539.00 ",0.13,0.2,1.2,14.3,17.5,195126.0,2200539.0,17013180.0,False,Small,0.08867191174525878,False,False
1721,Revuto,REVU,0.03,10.00%,26.40%,62.90%,85.90%,"$152,746.00 ","80,958,308",280 Million,"$2,195,988.00 ",0.03,10.0,26.4,62.9,85.9,152746.0,2195988.0,80958308.0,False,Small,0.06955684639442475,False,False
1722,XCAD Network PLAY,PLAY, $-   ,1.80%,-8.60%,-19.90%,-65.90%,"$471,012.00 ","440,000,000",680 Million,"$2,194,652.00 ",,1.8,-8.6,-19.9,-65.9,471012.0,2194652.0,440000000.0,False,Small,0.21461808067976154,False,False
1723,Friend Room,FRIEND, $-   ,-,-,-,-, - ,"10,000,000,000",10 Billion,"$2,112,015.00 ",,,,,,,2112015.0,10000000000.0,False,Small,,False,False
1724,Choise.com,CHO,0.02,-0.60%,-0.80%,-1.80%,-45.00%,"$952,394.00 ","109,573,889",1 Billion,"$2,160,412.00 ",0.02,-0.6,-0.8,-1.8,-45.0,952394.0,2160412.0,109573889.0,False,Small,0.4408390621788807,False,False
1725,unshETHing_Token,USH,0.05,-6.30%,27.70%,-7.90%,78.50%,"$135,742.00 ","47,875,310",144 Million,"$2,153,833.00 ",0.05,-6.3,27.7,-7.9,78.5,135742.0,2153833.0,47875310.0,False,Small,0.06302345632182253,False,False
1726,Mizar,MZR, $-   ,1.30%,-0.20%,-6.70%,83.50%,"$1,806.00 ","2,942,738,095",10 Billion,"$2,151,297.00 ",,1.3,-0.2,-6.7,83.5,1806.0,2151297.0,2942738095.0,False,Small,0.0008394935706227452,False,False
1727,Asia Coin,ASIA,0.11,-0.20%,0.00%,1.60%,14.60%,"$21,478.00 ","19,100,100",100 Million,"$2,149,894.00 ",0.11,-0.2,0.0,1.6,14.6,21478.0,2149894.0,19100100.0,False,Small,0.009990259984910883,False,False
1728,Dexlab,DXL,0.01,13.50%,57.90%,150.10%,725.90%,"$12,589.00 ","164,053,125",1 Billion,"$2,148,095.00 ",0.01,13.5,57.9,150.1,725.9,12589.0,2148095.0,164053125.0,False,Small,0.005860541549605581,False,False
1729,KIRA Network,KEX,0.01,-0.30%,2.40%,141.20%,121.00%,"$142,746.00 ","166,328,934",300 Million,"$2,141,666.00 ",0.01,-0.3,2.4,141.2,121.0,142746.0,2141666.0,166328934.0,False,Small,0.06665184954143176,False,False
1730,Mirror Protocol,MIR,0.01,15.10%,8.70%,1.90%,9.00%,"$466,244.00 ","156,055,247",371 Million,"$2,140,612.00 ",0.01,15.1,8.7,1.9,9.0,466244.0,2140612.0,156055247.0,False,Small,0.2178087388092751,False,False
1731,CryptoFranc,XCHF,1.12,0.20%,1.70%,0.10%,-0.30%,"$90,234.00 ","1,900,000",7.1 Million,"$2,132,738.00 ",1.12,0.2,1.7,0.1,-0.3,90234.0,2132738.0,1900000.0,False,Small,0.04230899435373684,False,False
1732,Deri Protocol,DERI,0.02,-1.30%,36.50%,8.40%,92.50%,"$106,791.00 ","131,192,006",483 Million,"$2,132,798.00 ",0.02,-1.3,36.5,8.4,92.5,106791.0,2132798.0,131192006.0,False,Small,0.050070845902893756,False,False
1733,MangoMan Intelligent,MMIT, $-   ,-2.00%,-3.70%,8.30%,-15.50%,"$3,945,788.00 ","182,169,869,254,210",2.1 Quadrillion,"$2,129,045.00 ",,-2.0,-3.7,8.3,-15.5,3945788.0,2129045.0,182169869254210.0,False,Small,1.8533135748657261,True,False
1734,CumRocket,CUMMIES, $-   ,-4.00%,-14.20%,-7.20%,-3.50%,"$34,417.00 ","1,254,769,294",9.51 Billion,"$2,126,286.00 ",,-4.0,-14.2,-7.2,-3.5,34417.0,2126286.0,1254769294.0,False,Small,0.016186439641703892,False,False
1735,Friends With Benefits Pro,FWB,3.56,-0.10%,2.00%,0.60%,29.30%,"$1,745.00 ","597,464",1 Million,"$2,124,657.00 ",3.56,-0.1,2.0,0.6,29.3,1745.0,2124657.0,597464.0,False,Small,0.0008213090395296747,False,False
1736,Hermes Protocol,HERMES,0.03,0.40%,2.40%,-10.10%,81.00%,"$68,109.00 ","78,221,368",119 Million,"$2,122,513.00 ",0.03,0.4,2.4,-10.1,81.0,68109.0,2122513.0,78221368.0,False,Small,0.03208884939691771,False,False
1737,Leeds United Fan Token,LUFC,0.42,-0.20%,-1.70%,1.10%,9.10%,"$36,059.00 ","5,018,736",10 Million,"$2,122,375.00 ",0.42,-0.2,-1.7,1.1,9.1,36059.0,2122375.0,5018736.0,False,Small,0.01698992873549679,False,False
1738,BiFi,BIFI, $-   ,0.00%,0.60%,9.80%,-2.70%,"$160,951.00 ","543,664,648",998 Million,"$2,117,256.00 ",,0.0,0.6,9.8,-2.7,160951.0,2117256.0,543664648.0,False,Small,0.07601867700457574,False,False
1739,MetaTrace,TRC,0.09,0.30%,3.10%,3.80%,-0.80%,"$2,488,791.00 ","23,713,008",5 Billion,"$2,109,833.00 ",0.09,0.3,3.1,3.8,-0.8,2488791.0,2109833.0,23713008.0,False,Small,1.1796151638542007,True,False
1740,Infinity PAD,IPAD, $-   ,-,-,-,-, - ,"1,000,000,000",1 Billion,"$2,131,098.00 ",,,,,,,2131098.0,1000000000.0,False,Small,,False,False
1741,YfDAI.finance,YF-DAI,102.23,-1.20%,13.80%,13.80%,32.20%,"$366,466.00 ","20,604",21 Thousand,"$2,099,904.00 ",102.23,-1.2,13.8,13.8,32.2,366466.0,2099904.0,20604.0,False,Small,0.17451559690347748,False,False
1742,Spectra,APW,0.22,-0.10%,-0.80%,-8.10%,1.50%,"$6,758.00 ","9,635,524",50 Million,"$2,097,526.00 ",0.22,-0.1,-0.8,-8.1,1.5,6758.0,2097526.0,9635524.0,False,Small,0.003221890932460432,False,False
1743,Mongol NFT,MNFT, $-   ,0.50%,-1.70%,-6.90%,-5.40%,"$227,359.00 ","153,370,020,888",223 Billion,"$2,095,409.00 ",,0.5,-1.7,-6.9,-5.4,227359.0,2095409.0,153370020888.0,False,Small,0.10850339957497558,False,False
1744,KWAI,KWAI,0.06,0.00%,-9.10%,3.20%,85.80%,"$3,872.00 ","34,250,000",50 Million,"$2,094,835.00 ",0.06,0.0,-9.1,3.2,85.8,3872.0,2094835.0,34250000.0,False,Small,0.0018483555984122855,False,False
1745,Hara,HART, $-   ,-0.10%,-0.90%,-0.70%,5.70%,$70.80 ,"1,199,719,500",1.2 Billion,"$2,069,984.00 ",,-0.1,-0.9,-0.7,5.7,70.8,2069984.0,1199719500.0,False,Small,3.4203162922998434e-05,False,False
1746,Launchpool,LPOOL,0.21,0.10%,-0.70%,24.50%,31.00%,"$195,771.00 ","9,711,446",10 Million,"$2,061,532.00 ",0.21,0.1,-0.7,24.5,31.0,195771.0,2061532.0,9711446.0,False,Small,0.09496384242398372,False,False
1747,Balanced Dollars,BNUSD,0.77,0.10%,-2.40%,-6.90%,-2.90%,"$68,887.00 ","2,679,746",19.9 Million,"$2,059,851.00 ",0.77,0.1,-2.4,-6.9,-2.9,68887.0,2059851.0,2679746.0,False,Small,0.03344271017660986,False,False
1748,DOMO,DOMO,0.13,-,-,-,-, - ,"21,000,000",21 Million,"$2,832,704.00 ",0.13,,,,,,2832704.0,21000000.0,False,Small,,False,False
1749,Mint Club,MINT, $-   ,0.10%,-11.80%,-9.40%,16.30%,"$31,577.00 ","1,149,363,840,000",1.15 Trillion,"$2,052,641.00 ",,0.1,-11.8,-9.4,16.3,31577.0,2052641.0,1149363840000.0,False,Small,0.015383596059905264,False,False
1750,Safemars,SAFEMARS, $-   ,-0.10%,-9.50%,-9.00%,-8.50%,"$20,917.00 ","383,336,206,950,550",383 Trillion,"$2,039,881.00 ",,-0.1,-9.5,-9.0,-8.5,20917.0,2039881.0,383336206950550.0,False,Small,0.010254029524271268,False,False
1751,Props,PROPS,0.01,4.20%,21.60%,83.40%,460.40%,"$37,235.00 ","268,175,841",703 Million,"$2,036,770.00 ",0.01,4.2,21.6,83.4,460.4,37235.0,2036770.0,268175841.0,False,Small,0.0182813965248899,False,False
1752,Extra Finance,EXTRA,0.02,0.40%,3.70%,-15.60%,-17.70%,"$18,003.00 ","118,255,537",979 Million,"$2,022,612.00 ",0.02,0.4,3.7,-15.6,-17.7,18003.0,2022612.0,118255537.0,False,Small,0.008900866799959656,False,False
1753,TETU,TETU,0.01,-0.10%,-1.40%,-3.80%,-5.40%,"$6,055.00 ","319,854,691",519 Million,"$2,017,850.00 ",0.01,-0.1,-1.4,-3.8,-5.4,6055.0,2017850.0,319854691.0,False,Small,0.003000718586614466,False,False
1754,Planet Finance,AQUA,22.12,0.10%,-12.40%,6.60%,29.80%,"$52,427.00 ","91,056",96.5 Thousand,"$2,013,978.00 ",22.12,0.1,-12.4,6.6,29.8,52427.0,2013978.0,91056.0,False,Small,0.026031565389492833,False,False
1755,Pikaboss,PIKA, $-   ,0.20%,3.50%,4.20%,-0.90%,"$147,062.00 ","420,690,000,000,000",421 Trillion,"$2,011,281.00 ",,0.2,3.5,4.2,-0.9,147062.0,2011281.0,420690000000000.0,False,Small,0.07311857467952017,False,False
1756,PoolTogether,POOL,0.66,0.00%,-3.30%,-9.10%,18.80%,"$13,170.00 ","3,065,664",10 Million,"$2,010,488.00 ",0.66,0.0,-3.3,-9.1,18.8,13170.0,2010488.0,3065664.0,False,Small,0.006550648399791493,False,False
1757,Probit,PROB,0.07,0.90%,-2.80%,-1.40%,0.90%,"$45,048.00 ","27,634,255",190 Million,"$2,007,841.00 ",0.07,0.9,-2.8,-1.4,0.9,45048.0,2007841.0,27634255.0,False,Small,0.022436039507112367,False,False
1758,Aimedis (NEW),AIMX,0.01,4.00%,-5.50%,-25.60%,18.80%,"$159,759.00 ","386,000,000",588 Million,"$2,006,084.00 ",0.01,4.0,-5.5,-25.6,18.8,159759.0,2006084.0,386000000.0,False,Small,0.07963724350525701,False,False
1759,Fable Of The Dragon,TYRANT,0.20,-0.10%,-8.70%,8.90%,304.40%,"$12,359.00 ","10,000,000",10 Million,"$2,002,055.00 ",0.2,-0.1,-8.7,8.9,304.4,12359.0,2002055.0,10000000.0,False,Small,0.00617315708109917,False,False
1760,Fortune Token,FRTN,0.07,1.20%,-1.40%,11.50%,42.70%,"$40,087.00 ","29,810,718",996 Million,"$1,995,493.00 ",0.07,1.2,-1.4,11.5,42.7,40087.0,1995493.0,29810718.0,False,Small,0.02008877004329256,False,False
1761,TRONPAD,TRONPAD, $-   ,-0.50%,-8.00%,-16.10%,60.10%,$235.00 ,"765,213,000",765 Million,"$1,991,329.00 ",,-0.5,-8.0,-16.1,60.1,235.0,1991329.0,765213000.0,False,Small,0.00011801163946289136,False,False
1762,Alchemist,MIST,0.98,-,-,-,-, - ,"2,026,831",2.03 Million,"$1,977,986.00 ",0.98,,,,,,1977986.0,2026831.0,False,Small,,False,False
1763,Fractal,FCL,0.02,0.20%,-2.70%,5.50%,-24.40%,"$23,298.00 ","122,570,431",451 Million,"$1,967,328.00 ",0.02,0.2,-2.7,5.5,-24.4,23298.0,1967328.0,122570431.0,False,Small,0.011842458400429415,False,False
1764,BUILD,BUILD, $-   ,0.60%,21.40%,-0.30%,36.10%,"$2,441.00 ","9,791,243,708",12.7 Billion,"$1,965,867.00 ",,0.6,21.4,-0.3,36.1,2441.0,1965867.0,9791243708.0,False,Small,0.0012416913249980797,False,False
1765,Saber,SBR, $-   ,-0.10%,-14.40%,50.20%,56.80%,"$216,310.00 ","1,191,173,971",1.19 Billion,"$1,952,136.00 ",,-0.1,-14.4,50.2,56.8,216310.0,1952136.0,1191173971.0,False,Small,0.11080682903240348,False,False
1766,SAIL,SAIL,0.01,0.60%,-2.50%,16.60%,184.60%,"$9,198.00 ","217,222,283",1 Billion,"$1,951,832.00 ",0.01,0.6,-2.5,16.6,184.6,9198.0,1951832.0,217222283.0,False,Small,0.004712495747584833,False,False
1767,Bao Finance,BAO, $-   ,-2.60%,-2.20%,-18.90%,3.10%,$636.00 ,"73,369,322,028",984 Billion,"$1,956,091.00 ",,-2.6,-2.2,-18.9,3.1,636.0,1956091.0,73369322028.0,False,Small,0.00032513824765821223,False,False
1768,IMO,IMO,0.17,0.40%,3.50%,-0.30%,18.80%,"$3,887.00 ","11,485,920",19.2 Million,"$1,948,564.00 ",0.17,0.4,3.5,-0.3,18.8,3887.0,1948564.0,11485920.0,False,Small,0.001994802326225877,False,False
1769,Equilibrium EOSDT,EOSDT,0.36,,1.10%,8.40%,21.90%,$1.09 ,"5,392,292",5.39 Million,"$1,944,265.00 ",0.36,,1.1,8.4,21.9,1.09,1944265.0,5392292.0,False,Small,5.606231660807555e-07,False,False
1770,BoringDAO,BORING, $-   ,0.10%,-0.60%,-7.30%,-3.60%,"$98,224.00 ","1,059,052,308",1.06 Billion,"$1,944,046.00 ",,0.1,-0.6,-7.3,-3.6,98224.0,1944046.0,1059052308.0,False,Small,0.05052555340768686,False,False
1771,Turbos Finance,TURBOS, $-   ,0.90%,10.00%,16.90%,118.50%,"$280,097.00 ","1,113,886,694",10 Billion,"$1,942,047.00 ",,0.9,10.0,16.9,118.5,280097.0,1942047.0,1113886694.0,False,Small,0.1442277143653063,False,False
1772,FactorDAO,FCTR,0.13,0.00%,1.20%,0.00%,-8.10%,$651.00 ,"15,000,000",100 Million,"$1,934,667.00 ",0.13,0.0,1.2,0.0,-8.1,651.0,1934667.0,15000000.0,False,Small,0.0003364920164555451,False,False
1773,Vaultka,VKA,0.18,0.60%,8.30%,-14.30%,,"$201,210.00 ","10,779,988",100 Million,"$1,934,165.00 ",0.18,0.6,8.3,-14.3,,201210.0,1934165.0,10779988.0,False,Small,0.10402938735836911,False,False
1774,LanaCoin,LANA, $-   ,-0.10%,-6.80%,19.10%,-6.90%,$137.00 ,"3,330,399,974",7.51 Billion,"$1,905,446.00 ",,-0.1,-6.8,19.1,-6.9,137.0,1905446.0,3330399974.0,False,Small,7.189917741043305e-05,False,False
1775,Edgeware,EDG, $-   ,-0.90%,2.20%,31.50%,13.60%,"$352,819.00 ","6,952,648,194",7.41 Billion,"$1,903,807.00 ",,-0.9,2.2,31.5,13.6,352819.0,1903807.0,6952648194.0,False,Small,0.18532288199381555,False,False
1776,PlanetWatch,PLANETS, $-   ,-0.80%,-6.40%,17.70%,17.40%,"$68,855.00 ","2,067,505,804",523 Million,"$1,894,693.00 ",,-0.8,-6.4,17.7,17.4,68855.0,1894693.0,2067505804.0,False,Small,0.036340979778782104,False,False
1777,ORE Network,ORE, $-   ,5.50%,5.50%,-4.20%,184.30%,"$64,167.00 ","563,134,898",1.06 Billion,"$1,893,201.00 ",,5.5,5.5,-4.2,184.3,64167.0,1893201.0,563134898.0,False,Small,0.03389339008377874,False,False
1778,Hiram,HIRAM,0.05,0.20%,0.90%,-0.80%,3.90%,"$179,466.00 ","40,000,000",100 Million,"$1,885,356.00 ",0.05,0.2,0.9,-0.8,3.9,179466.0,1885356.0,40000000.0,False,Small,0.09518944963179368,False,False
1779,WoofWork.io,WOOF, $-   ,0.40%,0.60%,-4.50%,15.20%,"$681,469.00 ","7,900,000,000",7.9 Billion,"$1,877,842.00 ",,0.4,0.6,-4.5,15.2,681469.0,1877842.0,7900000000.0,False,Small,0.3629000735951161,False,False
1780,Kommunitas,KOM, $-   ,-0.40%,1.40%,-9.70%,76.50%,"$578,515.00 ","1,622,921,960",2 Billion,"$1,867,157.00 ",,-0.4,1.4,-9.7,76.5,578515.0,1867157.0,1622921960.0,False,Small,0.30983736236427895,False,False
1781,Phonon DAO,PHONON, $-   ,-,-,-,-, - ,"7,173,808,883",10 Billion,"$1,827,376.00 ",,,,,,,1827376.0,7173808883.0,False,Small,,False,False
1782,Buffer Token,BFR,0.06,-0.70%,-2.60%,-30.50%,0.70%,"$73,456.00 ","31,276,904",100 Million,"$1,862,220.00 ",0.06,-0.7,-2.6,-30.5,0.7,73456.0,1862220.0,31276904.0,False,Small,0.039445393132927366,False,False
1783,VersaGames,VERSA,0.02,-3.30%,-2.90%,1.00%,25.80%,"$1,297.00 ","94,984,121",320 Million,"$1,860,511.00 ",0.02,-3.3,-2.9,1.0,25.8,1297.0,1860511.0,94984121.0,False,Small,0.000697120307270422,False,False
1784,saffron.finance,SFI,22.94,-1.50%,-4.90%,-8.70%,-16.10%,"$66,767.00 ","80,045",92.1 Thousand,"$1,858,180.00 ",22.94,-1.5,-4.9,-8.7,-16.1,66767.0,1858180.0,80045.0,False,Small,0.035931395236198864,False,False
1785,SERO,SERO, $-   ,-0.40%,-7.60%,10.80%,23.40%,"$419,967.00 ","407,676,781",650 Million,"$1,858,023.00 ",,-0.4,-7.6,10.8,23.4,419967.0,1858023.0,407676781.0,False,Small,0.22602895658449867,False,False
1786,STEPN Green Satoshi Token on BSC,GST-BSC,0.01,3.90%,7.40%,10.90%,50.70%,"$43,709.00 ","157,853,110",158 Million,"$1,856,410.00 ",0.01,3.9,7.4,10.9,50.7,43709.0,1856410.0,157853110.0,False,Small,0.023544906566976047,False,False
1787,Orcfax,FACT,0.01,-0.30%,-0.10%,11.20%,21.50%,"$14,701.00 ","176,150,961",1 Billion,"$1,853,089.00 ",0.01,-0.3,-0.1,11.2,21.5,14701.0,1853089.0,176150961.0,False,Small,0.007933240119605696,False,False
1788,Tigris,TIG,1.38,0.20%,4.40%,-14.90%,-23.80%,"$11,789.00 ","1,338,908",2 Million,"$1,849,362.00 ",1.38,0.2,4.4,-14.9,-23.8,11789.0,1849362.0,1338908.0,False,Small,0.0063746308186282625,False,False
1789,BetSwirl,BETS, $-   ,0.70%,2.50%,-5.10%,-39.10%,"$8,476.00 ","4,907,746,115",7.32 Billion,"$1,843,289.00 ",,0.7,2.5,-5.1,-39.1,8476.0,1843289.0,4907746115.0,False,Small,0.004598302273815988,False,False
1790,Kiba Inu,KIBA, $-   ,0.50%,0.90%,0.20%,-8.20%,"$34,370.00 ","803,975,071,034",1 Trillion,"$1,839,399.00 ",,0.5,0.9,0.2,-8.2,34370.0,1839399.0,803975071034.0,False,Small,0.018685451063091805,False,False
1791,Quidd,QUIDD,0.01,-0.60%,20.70%,10.00%,35.80%,"$1,559.00 ","213,238,767",1 Billion,"$1,835,735.00 ",0.01,-0.6,20.7,10.0,35.8,1559.0,1835735.0,213238767.0,False,Small,0.0008492511173998425,False,False
1792,PIVN,PIVN,0.01,14.00%,64.70%,60.90%,98.00%,"$11,367.00 ","131,168,676",100 Billion,"$1,835,341.00 ",0.01,14.0,64.7,60.9,98.0,11367.0,1835341.0,131168676.0,False,Small,0.006193399482711932,False,False
1793,CrocBot,CROC, $-   ,0.20%,-2.30%,-31.40%,80.10%,"$44,557.00 ","1,000,000,000",1 Billion,"$1,832,412.00 ",,0.2,-2.3,-31.4,80.1,44557.0,1832412.0,1000000000.0,False,Small,0.024316038096236,False,False
1794,NAGA,NGC,0.02,-5.40%,-22.80%,-35.30%,-27.00%,"$103,347.00 ","77,910,266",77.9 Million,"$1,828,874.00 ",0.02,-5.4,-22.8,-35.3,-27.0,103347.0,1828874.0,77910266.0,False,Small,0.056508540227484236,False,False
1795,Tower,TOWER, $-   ,0.20%,-6.60%,-4.20%,77.90%,"$164,319.00 ","1,073,490,079",10 Billion,"$1,819,294.00 ",,0.2,-6.6,-4.2,77.9,164319.0,1819294.0,1073490079.0,False,Small,0.09032020113296696,False,False
1796,Burency,BUY, $-   ,0.00%,30.50%,-42.80%,5.50%,$324.00 ,"561,243,732",700 Million,"$1,815,945.00 ",,0.0,30.5,-42.8,5.5,324.0,1815945.0,561243732.0,False,Small,0.00017841950059060158,False,False
1797,Banana,BANANA,0.22,0.50%,5.50%,12.70%,44.10%,"$5,537.00 ","8,397,466",8.4 Million,"$1,815,586.00 ",0.22,0.5,5.5,12.7,44.1,5537.0,1815586.0,8397466.0,False,Small,0.003049704062490017,False,False
1798,PUBLISH,NEWS, $-   ,-0.10%,-7.10%,2.50%,4.50%,"$55,675.00 ","3,431,000,000",10 Billion,"$1,809,269.00 ",,-0.1,-7.1,2.5,4.5,55675.0,1809269.0,3431000000.0,False,Small,0.030772096354936718,False,False
1799,Nominex,NMX,0.02,-0.30%,1.50%,-0.30%,-9.80%,"$12,944.00 ","114,197,354",114 Million,"$1,808,221.00 ",0.02,-0.3,1.5,-0.3,-9.8,12944.0,1808221.0,114197354.0,False,Small,0.00715841702977678,False,False
1800,BlueSparrow,BLUESPARROW,0.04,0.00%,3.50%,12.70%,24.60%,"$218,798.00 ","43,592,986",46.2 Million,"$1,804,245.00 ",0.04,0.0,3.5,12.7,24.6,218798.0,1804245.0,43592986.0,False,Small,0.12126845300943054,False,False
1801,MODA DAO,MODA,0.37,-0.10%,0.70%,-0.90%,44.50%,"$43,532.00 ","4,858,833",4.86 Million,"$1,800,204.00 ",0.37,-0.1,0.7,-0.9,44.5,43532.0,1800204.0,4858833.0,False,Small,0.02418170385134129,False,False
1802,Sandclock,QUARTZ,0.24,-,-,-,-, - ,"7,260,595",100 Million,"$1,766,247.00 ",0.24,,,,,,1766247.0,7260595.0,False,Small,,False,False
1803,Oggy Inu [ETH],OGGY, $-   ,-0.20%,2.00%,-2.90%,,"$20,622.00 ","194,577,931,642",420 Billion,"$1,787,460.00 ",,-0.2,2.0,-2.9,,20622.0,1787460.0,194577931642.0,False,Small,0.01153704138833876,False,False
1804,King Shiba,KINGSHIB, $-   ,0.10%,-4.20%,-9.20%,-9.00%,"$76,133.00 ","413,968,287",1 Billion,"$1,782,759.00 ",,0.1,-4.2,-9.2,-9.0,76133.0,1782759.0,413968287.0,False,Small,0.042705155323854764,False,False
1805,League of Ancients,LOA, $-   ,0.20%,0.00%,-2.50%,7.50%,"$26,395.00 ","411,501,178",1 Billion,"$1,776,092.00 ",,0.2,0.0,-2.5,7.5,26395.0,1776092.0,411501178.0,False,Small,0.01486127970848357,False,False
1806,FOAM,FOAM, $-   ,-0.10%,13.90%,-12.50%,-48.60%,"$1,354.00 ","355,364,948",1 Billion,"$1,775,316.00 ",,-0.1,13.9,-12.5,-48.6,1354.0,1775316.0,355364948.0,False,Small,0.0007626811226846376,False,False
1807,handle.fi,FOREX,0.02,4.10%,-4.70%,-6.30%,23.00%,"$50,470.00 ","114,172,402",420 Million,"$1,772,093.00 ",0.02,4.1,-4.7,-6.3,23.0,50470.0,1772093.0,114172402.0,False,Small,0.028480446567984864,False,False
1808,Cheems,CHEEMS, $-   ,-10.00%,131.40%,225.00%,1183.30%,"$329,492.00 ","2,442,845,440",2.78 Billion,"$1,767,629.00 ",,-10.0,131.4,225.0,1183.3,329492.0,1767629.0,2442845440.0,False,Small,0.1864033685801715,False,True
1809,Decentr,DEC,0.02,0.10%,1.50%,10.70%,96.70%,"$104,272.00 ","108,767,633",200 Million,"$1,763,700.00 ",0.02,0.1,1.5,10.7,96.7,104272.0,1763700.0,108767633.0,False,Small,0.059121165731133414,False,False
1810,Capapult,CAPA,0.01,0.60%,0.40%,6.70%,752.40%,"$10,318.00 ","149,626,646",500 Million,"$1,762,883.00 ",0.01,0.6,0.4,6.7,752.4,10318.0,1762883.0,149626646.0,False,Small,0.005852912530213293,False,False
1811,PearDAO,PEX,0.03,,-3.40%,-7.50%,30.90%,$18.46 ,"57,118,858",1 Billion,"$1,757,430.00 ",0.03,,-3.4,-7.5,30.9,18.46,1757430.0,57118858.0,False,Small,1.0503974553751786e-05,False,False
1812,Hyve,HYVE,0.03,1.00%,3.20%,17.10%,4.40%,"$150,842.00 ","56,358,363",100 Million,"$1,761,319.00 ",0.03,1.0,3.2,17.1,4.4,150842.0,1761319.0,56358363.0,False,Small,0.08564149935360943,False,False
1813,mStable Governance: Meta,MTA,0.04,-1.30%,8.70%,1.00%,4.20%,"$373,834.00 ","49,953,229",94.5 Million,"$1,760,544.00 ",0.04,-1.3,8.7,1.0,4.2,373834.0,1760544.0,49953229.0,False,Small,0.21234004943926424,False,False
1814,R,R, $-   ,-,-,-,-, - ,"11,021,056",11 Million,"$1,776,393.00 ",,,,,,,1776393.0,11021056.0,False,Small,,False,False
1815,Noso,NOSO,0.26,-2.30%,-3.50%,-4.70%,,"$8,175.00 ","6,880,404",21 Million,"$1,759,003.00 ",0.26,-2.3,-3.5,-4.7,,8175.0,1759003.0,6880404.0,False,Small,0.004647519077568373,False,False
1816,CheckDot,CDT,0.24,0.70%,-5.90%,-5.90%,-10.70%,"$5,059.00 ","7,390,041",10 Million,"$1,757,490.00 ",0.24,0.7,-5.9,-5.9,-10.7,5059.0,1757490.0,7390041.0,False,Small,0.002878537004477977,False,False
1817,OceanEX,OCE, $-   ,0.20%,-14.60%,-24.60%,8.30%,"$1,241.00 ","7,000,000,000",10 Billion,"$1,757,332.00 ",,0.2,-14.6,-24.6,8.3,1241.0,1757332.0,7000000000.0,False,Small,0.0007061841473324335,False,False
1818,Devour,DPAY, $-   ,-0.10%,3.00%,-4.20%,-4.50%,"$9,609.00 ","691,340,944",5 Billion,"$1,752,389.00 ",,-0.1,3.0,-4.2,-4.5,9609.0,1752389.0,691340944.0,False,Small,0.0054833715573425765,False,False
1819,NewYorkCityCoin,NYC, $-   ,-,-,-,-, - ,"5,283,434,830",5.28 Billion,"$2,458,022.00 ",,,,,,,2458022.0,5283434830.0,False,Small,,False,False
1820,Qi Dao,QI,0.02,-,-,-,-, - ,"83,880,221",200 Million,"$1,716,575.00 ",0.02,,,,,,1716575.0,83880221.0,False,Small,,False,False
1821,Gaia Everworld,GAIA,0.01,0.70%,-0.10%,8.60%,75.00%,"$57,716.00 ","338,947,609",500 Million,"$1,747,208.00 ",0.01,0.7,-0.1,8.6,75.0,57716.0,1747208.0,338947609.0,False,Small,0.0330332736571719,False,False
1822,EQIFi,EQX,0.01,0.20%,-2.10%,-0.60%,22.50%,"$161,031.00 ","320,088,341",500 Million,"$1,737,919.00 ",0.01,0.2,-2.1,-0.6,22.5,161031.0,1737919.0,320088341.0,False,Small,0.09265736780597945,False,False
1823,Rangers Protocol,RPG,0.23,0.30%,-3.40%,-12.40%,-62.70%,"$92,491.00 ","7,505,921",21 Million,"$1,731,667.00 ",0.23,0.3,-3.4,-12.4,-62.7,92491.0,1731667.0,7505921.0,False,Small,0.053411539285555476,False,False
1824,SOLAPE,SOLAPE,0.01,0.60%,52.20%,76.50%,478.00%,"$19,432.00 ","298,396,213",298 Million,"$1,731,374.00 ",0.01,0.6,52.2,76.5,478.0,19432.0,1731374.0,298396213.0,False,Small,0.011223456052822788,False,False
1825,Plebbit,PLEB, $-   ,-0.10%,2.60%,-2.30%,13.80%,"$11,566.00 ","1,494,065,210,288",1.49 Trillion,"$1,728,917.00 ",,-0.1,2.6,-2.3,13.8,11566.0,1728917.0,1494065210288.0,False,Small,0.006689736985638987,False,False
1826,New Order,NEWO,0.01,0.00%,-1.10%,25.40%,111.80%,$977.00 ,"169,695,501",800 Million,"$1,719,272.00 ",0.01,0.0,-1.1,25.4,111.8,977.0,1719272.0,169695501.0,False,Small,0.0005682637767613269,False,False
1827,SHIB (Ordinals),SHIB, $-   ,-,-,-,-, - ,"100,000,000,000,000",100 Trillion,"$2,366,056.00 ",,,,,,,2366056.0,100000000000000.0,False,Small,,False,False
1828,Piteas,PTS,0.03,0.30%,-3.20%,-12.20%,-9.30%,"$40,443.00 ","52,000,000",100 Million,"$1,712,995.00 ",0.03,0.3,-3.2,-12.2,-9.3,40443.0,1712995.0,52000000.0,False,Small,0.02360952600562173,False,False
1829,PodFast,$FAST,0.02,1.50%,-7.90%,-26.90%,-63.80%,"$50,027.00 ","100,000,000",100 Million,"$1,712,416.00 ",0.02,1.5,-7.9,-26.9,-63.8,50027.0,1712416.0,100000000.0,False,Small,0.029214279707734568,False,False
1830,Clube Atlético Mineiro Fan Token,GALO,0.32,-0.20%,-2.60%,-5.90%,14.80%,"$26,710.00 ","5,352,746",10 Million,"$1,709,026.00 ",0.32,-0.2,-2.6,-5.9,14.8,26710.0,1709026.0,5352746.0,False,Small,0.015628785050666286,False,False
1831,ZooKeeper,ZOO, $-   ,-0.10%,-1.10%,-1.10%,77.80%,"$29,458.00 ","430,450,402",445 Million,"$1,701,162.00 ",,-0.1,-1.1,-1.1,77.8,29458.0,1701162.0,430450402.0,False,Small,0.01731639902607747,False,False
1832,City Tycoon Games,CTG,0.14,-0.20%,-0.10%,1.30%,-0.40%,"$13,265.00 ","12,000,000",1 Billion,"$1,700,588.00 ",0.14,-0.2,-0.1,1.3,-0.4,13265.0,1700588.0,12000000.0,False,Small,0.007800243209995602,False,False
1833,Whiteheart,WHITE,191.85,-0.70%,0.00%,3.90%,4.20%,"$345,833.00 ","8,888",8.89 Thousand,"$1,700,644.00 ",191.85,-0.7,0.0,3.9,4.2,345833.0,1700644.0,8888.0,False,Small,0.20335414113712216,False,False
1834,Polychain Monsters,PMON,0.34,-0.50%,-8.20%,-7.20%,15.60%,"$169,055.00 ","5,053,357",8.68 Million,"$1,695,656.00 ",0.34,-0.5,-8.2,-7.2,15.6,169055.0,1695656.0,5053357.0,False,Small,0.09969887760253258,False,False
1835,VinuChain,VC,0.02,0.20%,-6.40%,-10.90%,-3.70%,"$117,553.00 ","76,027,111",990 Million,"$1,691,574.00 ",0.02,0.2,-6.4,-10.9,-3.7,117553.0,1691574.0,76027111.0,False,Small,0.06949326485273478,False,False
1836,Valencia CF Fan Token,VCF,0.60,0.20%,-4.80%,-5.10%,2.30%,"$99,275.00 ","2,828,308",10 Million,"$1,691,013.00 ",0.6,0.2,-4.8,-5.1,2.3,99275.0,1691013.0,2828308.0,False,Small,0.05870741384010649,False,False
1837,HbarSuite,HSUITE, $-   ,-2.00%,-6.40%,-1.00%,-6.60%,"$2,009.00 ","9,170,791,734",50 Billion,"$1,688,641.00 ",,-2.0,-6.4,-1.0,-6.6,2009.0,1688641.0,9170791734.0,False,Small,0.0011897140955359961,False,False
1838,ClinTex CTi,CTI,0.02,-1.20%,-1.90%,17.30%,57.20%,"$394,549.00 ","83,287,840",191 Million,"$1,677,054.00 ",0.02,-1.2,-1.9,17.3,57.2,394549.0,1677054.0,83287840.0,False,Small,0.23526314596906242,False,False
1839,Ignore Fud,4TOKEN, $-   ,-2.40%,14.80%,6.00%,-9.20%,"$43,238.00 ","22,476,968,316",40 Billion,"$1,675,992.00 ",,-2.4,14.8,6.0,-9.2,43238.0,1675992.0,22476968316.0,False,Small,0.025798452498579944,False,False
1840,ACryptoS [OLD],ACS,1.00,0.20%,-7.20%,0.70%,55.20%,$127.00 ,"1,671,359",1.67 Million,"$1,672,359.00 ",1.0,0.2,-7.2,0.7,55.2,127.0,1672359.0,1671359.0,False,Small,7.594063236422324e-05,False,False
1841,Giveth,GIV,0.01,0.10%,-0.40%,-1.60%,29.60%,"$2,263.00 ","177,480,867",1 Billion,"$1,666,694.00 ",0.01,0.1,-0.4,-1.6,29.6,2263.0,1666694.0,177480867.0,False,Small,0.001357777732445188,False,False
1842,Slam,SLAM,0.16,-,-,-,-, - ,"345,525,634,865",755 Billion,"$1,597,589.00 ",0.16,,,,,,1597589.0,345525634865.0,False,Small,,False,False
1843,Prometheum Prodigy,PMPY, $-   ,-0.10%,-2.90%,13.30%,,"$764,205.00 ","525,489,999",720 Million,"$1,666,539.00 ",,-0.1,-2.9,13.3,,764205.0,1666539.0,525489999.0,False,Small,0.4585581255524173,False,False
1844,Send,SEND, $-   ,-0.20%,-1.10%,-3.10%,28.30%,"$7,300.00 ","21,159,447,511",100 Billion,"$1,665,266.00 ",,-0.2,-1.1,-3.1,28.3,7300.0,1665266.0,21159447511.0,False,Small,0.004383684048074001,False,False
1845,Wownero,WOW,0.02,0.60%,-1.60%,-8.00%,26.60%,$92.80 ,"71,478,473",184 Million,"$1,663,812.00 ",0.02,0.6,-1.6,-8.0,26.6,92.8,1663812.0,71478473.0,False,Small,5.577553233177787e-05,False,False
1846,OneLedger,OLT, $-   ,0.40%,-4.30%,0.90%,25.00%,"$287,000.00 ","434,601,855",1 Billion,"$1,654,633.00 ",,0.4,-4.3,0.9,25.0,287000.0,1654633.0,434601855.0,False,Small,0.1734523607349787,False,False
1847,Cake Monster,MONSTA, $-   ,-0.50%,-8.90%,-26.80%,-12.30%,"$27,384.00 ","9,045,912,300",9.05 Billion,"$1,651,882.00 ",,-0.5,-8.9,-26.8,-12.3,27384.0,1651882.0,9045912300.0,False,Small,0.01657745529038999,False,False
1848,BreederDAO,BREED,0.02,0.50%,0.00%,3.10%,17.90%,"$489,978.00 ","86,419,815",1 Billion,"$1,651,597.00 ",0.02,0.5,0.0,3.1,17.9,489978.0,1651597.0,86419815.0,False,Small,0.2966692237876431,False,False
1849,poundtoken,GBPT,1.19,0.10%,-3.50%,-4.50%,-3.30%,"$55,962.00 ","1,383,908",1.38 Million,"$1,650,556.00 ",1.19,0.1,-3.5,-4.5,-3.3,55962.0,1650556.0,1383908.0,False,Small,0.03390493869944431,False,False
1850,Gleec Coin,GLEEC,0.01,-0.20%,-4.10%,-15.00%,-1.80%,"$141,222.00 ","186,755,065",210 Million,"$1,647,086.00 ",0.01,-0.2,-4.1,-15.0,-1.8,141222.0,1647086.0,186755065.0,False,Small,0.08574051385294999,False,False
1851,2DAI.io,2DAI, $-   ,-0.10%,-3.70%,-14.50%,144.00%,"$11,951.00 ","1,000,000,000",1 Billion,"$1,645,913.00 ",,-0.1,-3.7,-14.5,144.0,11951.0,1645913.0,1000000000.0,False,Small,0.007261015618687015,False,False
1852,BabyDoge ETH,BABYDOGE, $-   ,,-0.80%,-6.70%,5.30%,$861.00 ,"398,514,291,503,340",1 Quadrillion,"$1,635,077.00 ",,,-0.8,-6.7,5.3,861.0,1635077.0,398514291503340.0,False,Small,0.0005265807053735084,False,False
1853,PEAKDEFI,PEAK, $-   ,0.20%,-12.70%,2.70%,45.30%,"$3,773.00 ","1,657,740,019",1.43 Billion,"$1,630,935.00 ",,0.2,-12.7,2.7,45.3,3773.0,1630935.0,1657740019.0,False,Small,0.0023133969164926865,False,False
1854,Atari,ATRI, $-   ,2.00%,6.60%,-9.60%,30.90%,"$5,353.00 ","1,505,092,185",1.98 Billion,"$1,627,787.00 ",,2.0,6.6,-9.6,30.9,5353.0,1627787.0,1505092185.0,False,Small,0.0032885137920379017,False,False
1855,Polylastic,POLX, $-   ,-0.40%,-3.30%,9.50%,29.30%,"$312,812.00 ","72,601,344,958",98.3 Billion,"$1,625,773.00 ",,-0.4,-3.3,9.5,29.3,312812.0,1625773.0,72601344958.0,False,Small,0.19240816522355828,False,False
1856,MahaDAO,MAHA,0.32,4.20%,4.30%,3.30%,36.00%,"$258,201.00 ","5,170,385",10 Million,"$1,621,368.00 ",0.32,4.2,4.3,3.3,36.0,258201.0,1621368.0,5170385.0,False,Small,0.15924885652115991,False,False
1857,Sentinel [OLD],DVPN, $-   ,0.00%,0.00%,-0.30%,5.20%,$0.02 ,"1,999,970,000",2 Billion,"$1,618,531.00 ",,0.0,0.0,-0.3,5.2,0.02,1618531.0,1999970000.0,False,Small,1.235688411281588e-08,False,False
1858,Strong,STRONG,4.04,-0.30%,1.00%,2.20%,36.00%,"$42,001.00 ","399,818",529 Thousand,"$1,612,254.00 ",4.04,-0.3,1.0,2.2,36.0,42001.0,1612254.0,399818.0,False,Small,0.02605110609122384,False,False
1859,aiRight,AIRI, $-   ,0.20%,-3.10%,0.00%,30.10%,"$43,063.00 ","550,186,279",1.86 Billion,"$1,608,026.00 ",,0.2,-3.1,0.0,30.1,43063.0,1608026.0,550186279.0,False,Small,0.02678003962622495,False,False
1860,IMVU,VCORE, $-   ,0.00%,-0.60%,0.50%,-7.50%,"$1,910.00 ","607,485,407",8 Billion,"$1,607,918.00 ",,0.0,-0.6,0.5,-7.5,1910.0,1607918.0,607485407.0,False,Small,0.0011878715208113848,False,False
1861,PsyFi,PSY, $-   ,0.00%,4.70%,13.40%,92.10%,"$52,732.00 ","395,689,149",1 Billion,"$1,603,225.00 ",,0.0,4.7,13.4,92.1,52732.0,1603225.0,395689149.0,False,Small,0.03289120366760748,False,False
1862,Mummy Finance,MMY,0.59,-2.00%,-5.40%,17.80%,33.50%,"$8,859.00 ","2,733,890",2.73 Million,"$1,601,930.00 ",0.59,-2.0,-5.4,17.8,33.5,8859.0,1601930.0,2733890.0,False,Small,0.0055302041911943715,False,False
1863,Diversified Staked ETH,DSETH,"2,046.48",-,-,-,-, - ,760,. M,"$1,555,884.00 ",2046.48,,,,,,1555884.0,760.0,False,Small,,False,False
1864,Collab.Land,COLLAB,0.01,-2.20%,4.20%,10.70%,22.70%,"$8,015.00 ","250,000,000",1 Billion,"$1,597,237.00 ",0.01,-2.2,4.2,10.7,22.7,8015.0,1597237.0,250000000.0,False,Small,0.005018040528738064,False,False
1865,FEAR,FEAR,0.09,-0.90%,3.60%,17.80%,43.60%,"$404,687.00 ","17,732,333",65 Million,"$1,595,969.00 ",0.09,-0.9,3.6,17.8,43.6,404687.0,1595969.0,17732333.0,False,Small,0.25356820840505045,False,False
1866,Suterusu,SUTER, $-   ,-0.60%,-8.30%,4.30%,38.00%,"$102,924.00 ","3,639,040,000",10 Billion,"$1,593,074.00 ",,-0.6,-8.3,4.3,38.0,102924.0,1593074.0,3639040000.0,False,Small,0.06460716827969071,False,False
1867,WallStreetBets DApp,WSB, $-   ,0.20%,-4.50%,-7.60%,14.60%,"$49,726.00 ","1,000,000,000",1 Billion,"$1,590,370.00 ",,0.2,-4.5,-7.6,14.6,49726.0,1590370.0,1000000000.0,False,Small,0.031266937882379574,False,False
1868,Göztepe S.K. Fan Token,GOZ,0.67,-0.70%,-3.20%,-4.50%,-2.70%,"$71,782.00 ","2,359,988",7 Million,"$1,590,007.00 ",0.67,-0.7,-3.2,-4.5,-2.7,71782.0,1590007.0,2359988.0,False,Small,0.045145713194973354,False,False
1869,Ramses Exchange,RAM,0.03,-2.80%,-9.90%,-33.90%,122.00%,"$89,315.00 ","53,133,177",465 Million,"$1,585,194.00 ",0.03,-2.8,-9.9,-33.9,122.0,89315.0,1585194.0,53133177.0,False,Small,0.05634326145569565,False,False
1870,Dash 2 Trade,D2T, $-   ,0.10%,-4.00%,-12.90%,3.70%,"$166,990.00 ","373,500,000",1 Billion,"$1,584,607.00 ",,0.1,-4.0,-12.9,3.7,166990.0,1584607.0,373500000.0,False,Small,0.1053825964418938,False,False
1871,Gora,GORA,0.26,0.30%,11.40%,-5.20%,31.40%,"$40,714.00 ","6,189,902",6.19 Million,"$1,582,385.00 ",0.26,0.3,11.4,-5.2,31.4,40714.0,1582385.0,6189902.0,False,Small,0.02572951588899035,False,False
1872,Exorde,EXD,0.04,-0.10%,-1.10%,2.80%,21.10%,"$61,521.00 ","37,645,212",189 Million,"$1,581,450.00 ",0.04,-0.1,-1.1,2.8,21.1,61521.0,1581450.0,37645212.0,False,Small,0.038901640899174805,False,False
1873,Aura Network [OLD],AURA,0.04,0.60%,0.40%,7.30%,22.30%,$54.26 ,"40,600,000",413 Million,"$1,580,720.00 ",0.04,0.6,0.4,7.3,22.3,54.26,1580720.0,40600000.0,False,Small,3.43261298648717e-05,False,False
1874,Graviton,GRAV, $-   ,0.30%,-1.70%,1.50%,54.20%,"$4,122.00 ","745,898,677",2.62 Billion,"$1,579,871.00 ",,0.3,-1.7,1.5,54.2,4122.0,1579871.0,745898677.0,False,Small,0.002609073778808523,False,False
1875,AS Monaco Fan Token,ASM,1.10,0.30%,-4.90%,-4.80%,-0.50%,"$110,261.00 ","1,429,104",10 Million,"$1,575,040.00 ",1.1,0.3,-4.9,-4.8,-0.5,110261.0,1575040.0,1429104.0,False,Small,0.07000520621698497,False,False
1876,UniLayer,LAYER,0.06,0.10%,-9.10%,-13.00%,24.70%,"$274,602.00 ","26,073,741",40 Million,"$1,574,613.00 ",0.06,0.1,-9.1,-13.0,24.7,274602.0,1574613.0,26073741.0,False,Small,0.1743933271222834,False,False
1877,Treecle,TRCL, $-   ,-1.10%,5.20%,4.80%,-6.60%,"$162,153.00 ","996,547,634",997 Million,"$1,573,286.00 ",,-1.1,5.2,4.8,-6.6,162153.0,1573286.0,996547634.0,False,Small,0.10306644818551744,False,False
1878,WOM Protocol,WOM,0.02,-0.40%,-2.50%,-1.90%,2.70%,"$397,226.00 ","100,007,450",1 Billion,"$1,571,089.00 ",0.02,-0.4,-2.5,-1.9,2.7,397226.0,1571089.0,100007450.0,False,Small,0.2528348171236639,False,False
1879,Modefi,MOD,0.10,-,-,-,-, - ,"16,076,764",22 Million,"$1,569,704.00 ",0.1,,,,,,1569704.0,16076764.0,False,Small,,False,False
1880,Cardstack,CARD, $-   ,,-0.20%,-7.50%,-3.60%,$492.00 ,"2,999,311,734",6 Billion,"$1,562,457.00 ",,,-0.2,-7.5,-3.6,492.0,1562457.0,2999311734.0,False,Small,0.00031488866573608105,False,False
1881,MiamiCoin,MIA, $-   ,-,-,-,-, - ,"5,933,651,908",5.93 Billion,"$2,192,502.00 ",,,,,,,2192502.0,5933651908.0,False,Small,,False,False
1882,ALL.ART,AART, $-   ,0.60%,-0.90%,30.40%,50.80%,"$112,413.00 ","1,507,658,911",5 Billion,"$1,551,993.00 ",,0.6,-0.9,30.4,50.8,112413.0,1551993.0,1507658911.0,False,Small,0.07243138338897147,False,False
1883,Proteo DeFi,PROTEO,0.25,-0.40%,0.20%,-9.90%,39.70%,"$50,618.00 ","6,110,419",9.82 Million,"$1,544,621.00 ",0.25,-0.4,0.2,-9.9,39.7,50618.0,1544621.0,6110419.0,False,Small,0.032770498394104446,False,False
1884,Quadency,QUAD,0.01,-,-,-,-, - ,"250,073,195",399 Million,"$1,507,915.00 ",0.01,,,,,,1507915.0,250073195.0,False,Small,,False,False
1885,Hiblocks,HIBS, $-   ,0.10%,0.10%,3.00%,1.60%,"$41,085.00 ","11,875,091,352",-,"$1,538,019.00 ",,0.1,0.1,3.0,1.6,41085.0,1538019.0,11875091352.0,False,Small,0.026712933975458042,False,False
1886,SuiPad,SUIP,0.03,-1.00%,-3.40%,-17.50%,114.60%,"$344,505.00 ","45,426,000",100 Million,"$1,537,213.00 ",0.03,-1.0,-3.4,-17.5,114.6,344505.0,1537213.0,45426000.0,False,Small,0.2241101265732205,False,False
1887,Interport Token,ITP,0.47,-,-,-,-, - ,"4,660,837",150 Million,"$1,866,800.00 ",0.47,,,,,,1866800.0,4660837.0,False,Small,,False,False
1888,NAOS Finance,NAOS,0.02,-0.10%,-7.40%,-5.20%,52.80%,"$69,068.00 ","83,256,401",218 Million,"$1,530,195.00 ",0.02,-0.1,-7.4,-5.2,52.8,69068.0,1530195.0,83256401.0,False,Small,0.04513673093952078,False,False
1889,Cheems Inu [NEW],CINU, $-   ,,12.30%,7.40%,13.70%,$3.98 ,"5,536,450,065",9.68 Billion,"$1,526,657.00 ",,,12.3,7.4,13.7,3.98,1526657.0,5536450065.0,False,Small,2.60700340679013e-06,False,False
1890,Planq,PLQ,0.02,-0.30%,1.10%,-7.20%,17.70%,"$85,409.00 ","65,237,123",121 Million,"$1,528,526.00 ",0.02,-0.3,1.1,-7.2,17.7,85409.0,1528526.0,65237123.0,False,Small,0.05587670736382633,False,False
1891,Tethys Finance,TETHYS,0.14,0.60%,1.80%,-8.40%,55.30%,"$6,592.00 ","10,643,093",10.6 Million,"$1,527,588.00 ",0.14,0.6,1.8,-8.4,55.3,6592.0,1527588.0,10643093.0,False,Small,0.004315299675043271,False,False
1892,Star,STAR,0.99,0.00%,0.30%,-0.10%,-0.40%,"$94,436.00 ","1,525,265",1.53 Million,"$1,512,104.00 ",0.99,0.0,0.3,-0.1,-0.4,94436.0,1512104.0,1525265.0,False,Small,0.06245337622279949,False,False
1893,Basilisk,BSX, $-   ,-3.70%,-0.40%,-13.70%,18.10%,"$11,273.00 ","23,572,982,386",49 Billion,"$1,502,197.00 ",,-3.7,-0.4,-13.7,18.1,11273.0,1502197.0,23572982386.0,False,Small,0.007504341973789057,False,False
1894,Mover,MOVE,0.18,-0.10%,25.40%,24.10%,26.10%,"$15,189.00 ","8,493,381",9.97 Million,"$1,501,805.00 ",0.18,-0.1,25.4,24.1,26.1,15189.0,1501805.0,8493381.0,False,Small,0.010113829691604436,False,False
1895,Niftyx Protocol,SHROOM,0.03,0.10%,3.50%,19.50%,60.60%,"$23,284.00 ","51,386,058",65.6 Million,"$1,496,403.00 ",0.03,0.1,3.5,19.5,60.6,23284.0,1496403.0,51386058.0,False,Small,0.015559979497501675,False,False
1896,POOH,POOH, $-   ,1.00%,-0.20%,-12.50%,13.30%,"$200,426.00 ","420,690,000,000,000",421 Trillion,"$1,495,433.00 ",,1.0,-0.2,-12.5,13.3,200426.0,1495433.0,420690000000000.0,False,Small,0.1340253959889878,False,False
1897,BlockWallet,BLANK,0.04,0.20%,2.30%,-4.40%,18.70%,"$101,043.00 ","41,574,316",125 Million,"$1,492,451.00 ",0.04,0.2,2.3,-4.4,18.7,101043.0,1492451.0,41574316.0,False,Small,0.06770272524860113,False,False
1898,DefiBox,BOX,0.58,0.50%,-1.70%,2.80%,17.10%,"$17,085.00 ","2,604,568",2.6 Million,"$1,490,379.00 ",0.58,0.5,-1.7,2.8,17.1,17085.0,1490379.0,2604568.0,False,Small,0.011463527062579384,False,False
1899,Teritori,TORI,0.01,-0.50%,0.40%,-9.60%,130.50%,"$1,037.00 ","210,128,912",488 Million,"$1,488,362.00 ",0.01,-0.5,0.4,-9.6,130.5,1037.0,1488362.0,210128912.0,False,Small,0.0006967390997620203,False,False
1900,Obortech,OBOT,0.01,0.00%,-31.80%,-6.40%,4.20%,$148.00 ,"197,500,000",300 Million,"$1,480,541.00 ",0.01,0.0,-31.8,-6.4,4.2,148.0,1480541.0,197500000.0,False,Small,9.996345930305206e-05,False,False
1901,Young Boys Fan Token,YBO,0.48,-0.60%,-2.60%,-8.80%,25.70%,"$10,530.00 ","3,080,227",5 Million,"$1,480,270.00 ",0.48,-0.6,-2.6,-8.8,25.7,10530.0,1480270.0,3080227.0,False,Small,0.0071135671195119805,False,False
1902,Bluelight,KALE, $-   ,0.00%,0.20%,-0.20%,-0.20%,"$18,138.00 ","1,479,166,660",10 Billion,"$1,479,435.00 ",,0.0,0.2,-0.2,-0.2,18138.0,1479435.0,1479166660.0,False,Small,0.012260085775988807,False,False
1903,Vexanium,VEX, $-   ,-0.70%,-5.10%,-3.60%,6.30%,"$21,196.00 ","1,000,995,505",1.05 Billion,"$1,473,180.00 ",,-0.7,-5.1,-3.6,6.3,21196.0,1473180.0,1000995505.0,False,Small,0.014387922724989479,False,False
1904,Seneca,SEN,0.26,-1.30%,8.90%,-0.70%,,"$86,720.00 ","5,627,167",61.2 Million,"$1,472,032.00 ",0.26,-1.3,8.9,-0.7,,86720.0,1472032.0,5627167.0,False,Small,0.058911762787765484,False,False
1905,PureFi,UFI,0.02,-0.40%,-1.00%,6.20%,57.60%,"$61,193.00 ","63,902,831",100 Million,"$1,470,208.00 ",0.02,-0.4,-1.0,6.2,57.6,61193.0,1470208.0,63902831.0,False,Small,0.041622001784781475,False,False
1906,PowBlocks,XPB,0.27,-1.40%,5.40%,132.40%,,"$113,519.00 ","5,473,814",40 Million,"$1,470,139.00 ",0.27,-1.4,5.4,132.4,,113519.0,1470139.0,5473814.0,False,Small,0.07721650809889405,False,False
1907,Noahswap,NOAH,0.27,-2.30%,0.20%,28.90%,163.40%,"$4,583.00 ","5,473,011",500 Million,"$1,465,698.00 ",0.27,-2.3,0.2,28.9,163.4,4583.0,1465698.0,5473011.0,False,Small,0.003126837861551288,False,False
1908,PUTinCoin,PUT, $-   ,-0.20%,-1.50%,8.30%,3.30%,$971.00 ,"2,196,675,110",22.3 Billion,"$1,462,930.00 ",,-0.2,-1.5,8.3,3.3,971.0,1462930.0,2196675110.0,False,Small,0.000663736474062327,False,False
1909,Auto,AUTO,19.02,-1.50%,-11.00%,2.70%,100.50%,"$48,332.00 ","76,503",80.6 Thousand,"$1,454,925.00 ",19.02,-1.5,-11.0,2.7,100.5,48332.0,1454925.0,76503.0,False,Small,0.033219581765383095,False,False
1910,Zipmex,ZMT,0.02,-0.60%,-11.30%,-7.90%,-6.70%,"$41,937.00 ","88,573,083",200 Million,"$1,452,254.00 ",0.02,-0.6,-11.3,-7.9,-6.7,41937.0,1452254.0,88573083.0,False,Small,0.0288771798872649,False,False
1911,Kambria,KAT, $-   ,-0.10%,-15.10%,-36.60%,-37.30%,"$49,282.00 ","1,595,256,718",5 Billion,"$1,441,937.00 ",,-0.1,-15.1,-36.6,-37.3,49282.0,1441937.0,1595256718.0,False,Small,0.03417763744185772,False,False
1912,ZeroSwap,ZEE,0.02,-6.00%,-16.00%,2.70%,100.70%,"$610,813.00 ","74,269,841",100 Million,"$1,438,736.00 ",0.02,-6.0,-16.0,2.7,100.7,610813.0,1438736.0,74269841.0,False,Small,0.424548353554787,False,False
1913,Qrolli,QR, $-   ,-0.10%,8.80%,-23.50%,-33.60%,"$28,945.00 ","3,470,678,371",3.5 Billion,"$1,436,612.00 ",,-0.1,8.8,-23.5,-33.6,28945.0,1436612.0,3470678371.0,False,Small,0.020148098442724967,False,False
1914,ClearDAO,CLH, $-   ,0.50%,5.50%,-7.50%,123.40%,"$145,181.00 ","360,320,238",625 Million,"$1,434,767.00 ",,0.5,5.5,-7.5,123.4,145181.0,1434767.0,360320238.0,False,Small,0.10118785837700477,False,False
1915,Neutrino System Base,NSBT,0.50,0.40%,2.80%,-7.30%,-6.00%,"$57,605.00 ","2,834,678",2.83 Million,"$1,418,044.00 ",0.5,0.4,2.8,-7.3,-6.0,57605.0,1418044.0,2834678.0,False,Small,0.04062285796491505,False,False
1916,Solidly,SOLID,0.19,-0.10%,1.70%,-22.00%,-43.00%,"$3,698.00 ","7,237,856",81.6 Million,"$1,410,042.00 ",0.19,-0.1,1.7,-22.0,-43.0,3698.0,1410042.0,7237856.0,False,Small,0.002622616914957143,False,False
1917,AAG,AAG, $-   ,-0.40%,-4.40%,-2.40%,33.00%,"$106,650.00 ","387,622,648",1 Billion,"$1,406,858.00 ",,-0.4,-4.4,-2.4,33.0,106650.0,1406858.0,387622648.0,False,Small,0.07580722432541166,False,False
1918,JulSwap,JULD, $-   ,-0.40%,-13.40%,-12.50%,36.20%,"$116,306.00 ","592,166,808",800 Million,"$1,405,312.00 ",,-0.4,-13.4,-12.5,36.2,116306.0,1405312.0,592166808.0,False,Small,0.08276169277711995,False,False
1919,YESorNO,YON, $-   ,-,-,-,-, - ,0,2.15 Billion,"$1,759,917.00 ",,,,,,,1759917.0,0.0,False,Small,,False,False
1920,Piccolo Inu,PINU, $-   ,-0.10%,-1.20%,2.60%,14.00%,"$2,860.00 ","100,000,000,000,000",100 Trillion,"$1,404,079.00 ",,-0.1,-1.2,2.6,14.0,2860.0,1404079.0,100000000000000.0,False,Small,0.0020369224238807075,False,False
1921,Garlicoin,GRLC,0.02,13.30%,-8.60%,9.10%,11.40%,$291.00 ,"68,186,123",69 Million,"$1,403,275.00 ",0.02,13.3,-8.6,9.1,11.4,291.0,1403275.0,68186123.0,False,Small,0.00020737204040548003,False,False
1922,UCX,UCX,0.03,-0.20%,0.10%,0.70%,-20.50%,"$33,237.00 ","44,466,926",1 Billion,"$1,402,960.00 ",0.03,-0.2,0.1,0.7,-20.5,33237.0,1402960.0,44466926.0,False,Small,0.023690625534584023,False,False
1923,Xaurum,XAUR,0.02,0.30%,-4.90%,6.90%,-11.00%,"$29,645.00 ","71,186,041",71.2 Million,"$1,401,422.00 ",0.02,0.3,-4.9,6.9,-11.0,29645.0,1401422.0,71186041.0,False,Small,0.021153514073562425,False,False
1924,ElmoERC,ELMO, $-   ,-0.20%,0.20%,-11.10%,-30.60%,"$149,712.00 ","340,505,550",341 Million,"$1,398,793.00 ",,-0.2,0.2,-11.1,-30.6,149712.0,1398793.0,340505550.0,False,Small,0.1070294175049489,False,False
1925,Gravity Finance,GFI, $-   ,0.00%,2.00%,-10.40%,-35.70%,"$1,877.00 ","1,015,869,060",1.2 Billion,"$1,394,670.00 ",,0.0,2.0,-10.4,-35.7,1877.0,1394670.0,1015869060.0,False,Small,0.0013458380835609858,False,False
1926,Arcas,ARCAS,0.03,-0.50%,-20.90%,-0.60%,12512.70%,"$66,070.00 ","49,345,738",100 Million,"$1,394,642.00 ",0.03,-0.5,-20.9,-0.6,12512.7,66070.0,1394642.0,49345738.0,False,Small,0.0473741648394355,False,True
1927,LIT,LIT, $-   ,-,-,-,-, - ,"51,100,000,000",100 Billion,"$1,391,482.00 ",,,,,,,1391482.0,51100000000.0,False,Small,,False,False
1928,Megaton Finance,MEGA,0.18,-0.60%,-6.90%,-2.50%,16.30%,"$129,007.00 ","7,828,704",99.7 Million,"$1,393,304.00 ",0.18,-0.6,-6.9,-2.5,16.3,129007.0,1393304.0,7828704.0,False,Small,0.09259070525886669,False,False
1929,XP Network,XPNET, $-   ,-0.40%,-5.10%,13.60%,-1.20%,"$182,293.00 ","572,592,903",1 Billion,"$1,390,728.00 ",,-0.4,-5.1,13.6,-1.2,182293.0,1390728.0,572592903.0,False,Small,0.13107739255986792,False,False
1930,CoinMerge OS,CMOS, $-   ,-0.10%,-0.70%,-12.30%,-25.40%,"$9,119.00 ","9,761,963,350",10.9 Billion,"$1,390,637.00 ",,-0.1,-0.7,-12.3,-25.4,9119.0,1390637.0,9761963350.0,False,Small,0.006557426560633724,False,False
1931,Vector Finance,VTX,0.07,-0.70%,-7.90%,37.50%,256.90%,"$23,916.00 ","18,874,048",18.9 Million,"$1,387,520.00 ",0.07,-0.7,-7.9,37.5,256.9,23916.0,1387520.0,18874048.0,False,Small,0.017236508302583026,False,False
1932,Cosmic Universe Magic,MAGIC,0.02,-0.20%,-6.70%,0.30%,151.50%,"$38,042.00 ","63,892,060",65 Million,"$1,386,627.00 ",0.02,-0.2,-6.7,0.3,151.5,38042.0,1386627.0,63892060.0,False,Small,0.02743491941235819,False,False
1933,XY Finance,XY,0.06,5.40%,0.70%,19.60%,66.10%,"$52,227.00 ","23,600,102",100 Million,"$1,386,047.00 ",0.06,5.4,0.7,19.6,66.1,52227.0,1386047.0,23600102.0,False,Small,0.037680540414574686,False,False
1934,Flute,FLUT, $-   ,-,-,-,-, - ,"7,691,782,253",10 Billion,"$1,351,020.00 ",,,,,,,1351020.0,7691782253.0,False,Small,,False,False
1935,Cindicator,CND, $-   ,-0.10%,37.90%,-17.50%,-15.20%,"$3,322.00 ","1,929,265,176",2 Billion,"$1,382,018.00 ",,-0.1,37.9,-17.5,-15.2,3322.0,1382018.0,1929265176.0,False,Small,0.002403731355163247,False,False
1936,Flooring Protocol μElemental,ΜELEM, $-   ,-0.10%,1.90%,-4.60%,,"$6,798.00 ","1,219,000,000",1.22 Billion,"$1,380,208.00 ",,-0.1,1.9,-4.6,,6798.0,1380208.0,1219000000.0,False,Small,0.0049253445857435985,False,False
1937,Source Protocol,SRCX, $-   ,-0.10%,-0.10%,-0.10%,22.10%,"$19,108.00 ","293,610,653",295 Million,"$1,373,542.00 ",,-0.1,-0.1,-0.1,22.1,19108.0,1373542.0,293610653.0,False,Small,0.0139114784986553,False,False
1938,Meerkat Shares,MSHARE,18.33,-0.90%,7.70%,11.20%,169.80%,"$31,162.00 ","74,700",72 Thousand,"$1,368,032.00 ",18.33,-0.9,7.7,11.2,169.8,31162.0,1368032.0,74700.0,False,Small,0.02277870693083203,False,False
1939,Ojamu,OJA,0.02,-0.10%,-15.20%,22.10%,187.40%,"$63,553.00 ","80,206,963",100 Million,"$1,363,848.00 ",0.02,-0.1,-15.2,22.1,187.4,63553.0,1363848.0,80206963.0,False,Small,0.046598301276975146,False,False
1940,TrustFi Network,TFI,0.03,-2.10%,4.70%,26.10%,44.60%,"$127,109.00 ","45,175,193",99.9 Million,"$1,360,783.00 ",0.03,-2.1,4.7,26.1,44.6,127109.0,1360783.0,45175193.0,False,Small,0.09340872130236783,False,False
1941,Ziktalk,ZIK, $-   ,-0.10%,1.70%,-13.10%,-12.80%,"$1,298.00 ","461,757,322",1 Billion,"$1,359,533.00 ",,-0.1,1.7,-13.1,-12.8,1298.0,1359533.0,461757322.0,False,Small,0.0009547396054380438,False,False
1942,BinaryX [OLD],BNX,0.67,-,-,-,-, - ,"2,637,764",5.99 Million,"$1,777,616.00 ",0.67,,,,,,1777616.0,2637764.0,False,Small,,False,False
1943,TitanSwap,TITAN,0.01,-0.40%,-4.80%,-24.40%,-7.50%,"$156,128.00 ","100,000,000",10 Billion,"$1,341,869.00 ",0.01,-0.4,-4.8,-24.4,-7.5,156128.0,1341869.0,100000000.0,False,Small,0.1163511490316864,False,False
1944,Metastrike,MTS,0.01,0.70%,20.80%,69.10%,210.10%,"$178,417.00 ","170,556,801",565 Million,"$1,337,428.00 ",0.01,0.7,20.8,69.1,210.1,178417.0,1337428.0,170556801.0,False,Small,0.1334030691745649,False,False
1945,ArthSwap,ARSW, $-   ,0.10%,-3.00%,-1.70%,69.30%,"$28,531.00 ","731,365,165",879 Million,"$1,336,688.00 ",,0.1,-3.0,-1.7,69.3,28531.0,1336688.0,731365165.0,False,Small,0.02134454711944747,False,False
1946,LiquidDriver,LQDR,0.31,0.60%,-2.90%,-3.10%,7.60%,"$50,623.00 ","4,238,737",∞,"$1,333,583.00 ",0.31,0.6,-2.9,-3.1,7.6,50623.0,1333583.0,4238737.0,False,Small,0.03796014196341735,False,False
1947,BitcoinPoS,BTCS,0.09,0.30%,-7.50%,-1.60%,-13.80%,$452.00 ,"14,236,289",14.2 Million,"$1,329,521.00 ",0.09,0.3,-7.5,-1.6,-13.8,452.0,1329521.0,14236289.0,False,Small,0.000339972065127215,False,False
1948,KCCPad,KCCPAD, $-   ,-0.50%,-3.50%,0.50%,69.40%,"$3,119.00 ","316,224,544",316 Million,"$1,328,627.00 ",,-0.5,-3.5,0.5,69.4,3119.0,1328627.0,316224544.0,False,Small,0.002347536215958279,False,False
1949,Elk Finance,ELK,0.10,-0.10%,-2.20%,-3.10%,27.60%,"$28,345.00 ","12,760,206",42.4 Million,"$1,316,187.00 ",0.1,-0.1,-2.2,-3.1,27.6,28345.0,1316187.0,12760206.0,False,Small,0.02153569363623862,False,False
1950,DAEX,DAX, $-   ,0.10%,-2.60%,-2.30%,9.30%,"$1,220.00 ","354,666,702",2 Billion,"$1,315,188.00 ",,0.1,-2.6,-2.3,9.3,1220.0,1315188.0,354666702.0,False,Small,0.0009276240354991074,False,False
1951,RadioShack,RADIO, $-   ,-0.20%,-5.90%,-8.60%,7.70%,"$12,827.00 ","3,438,960,410",14.4 Billion,"$1,314,401.00 ",,-0.2,-5.9,-8.6,7.7,12827.0,1314401.0,3438960410.0,False,Small,0.009758817894995515,False,False
1952,Connect Financial,CNFI,0.05,-,-,-,-, - ,"25,000,000",109 Million,"$1,310,358.00 ",0.05,,,,,,1310358.0,25000000.0,False,Small,,False,False
1953,MOOI Network,MOOI,0.04,0.00%,4.70%,5.50%,3.50%,"$3,638.00 ","32,001,966",1 Billion,"$1,309,585.00 ",0.04,0.0,4.7,5.5,3.5,3638.0,1309585.0,32001966.0,False,Small,0.0027779792835134795,False,False
1954,Dope Wars Paper,PAPER, $-   ,-0.20%,-2.80%,-2.00%,14.80%,"$1,435.00 ","907,727,033",1.41 Billion,"$1,308,089.00 ",,-0.2,-2.8,-2.0,14.8,1435.0,1308089.0,907727033.0,False,Small,0.0010970201568853495,False,False
1955,DEEPSPACE,DPS,0.02,0.50%,-7.40%,10.00%,61.80%,"$18,069.00 ","55,507,721",89.1 Million,"$1,303,017.00 ",0.02,0.5,-7.4,10.0,61.8,18069.0,1303017.0,55507721.0,False,Small,0.013867048549635193,False,False
1956,Sifchain,EROWAN, $-   ,0.00%,9.10%,24.90%,57.00%,"$67,065.00 ","2,509,546,665",3 Billion,"$1,300,294.00 ",,0.0,9.1,24.9,57.0,67065.0,1300294.0,2509546665.0,False,Small,0.05157679724739175,False,False
1957,Colony Avalanche Index,CAI,126.12,-0.20%,-5.00%,-7.40%,76.50%,"$2,542.00 ","10,206",3.14 Thousand,"$1,298,728.00 ",126.12,-0.2,-5.0,-7.4,76.5,2542.0,1298728.0,10206.0,False,Small,0.001957299757916977,False,False
1958,Olyverse,OLY, $-   ,-0.10%,4.90%,-0.80%,-0.40%,"$26,672.00 ","2,147,581,906",5 Billion,"$1,298,496.00 ",,-0.1,4.9,-0.8,-0.4,26672.0,1298496.0,2147581906.0,False,Small,0.02054068707181231,False,False
1959,BlocX,BLX, $-   ,2.10%,2.60%,-18.20%,242.40%,"$16,685.00 ","938,183,388",938 Million,"$1,298,232.00 ",,2.1,2.6,-18.2,242.4,16685.0,1298232.0,938183388.0,False,Small,0.012852094232771954,False,False
1960,Grumpy Cat,GRUMPYCAT, $-   ,0.60%,-7.30%,-7.80%,-62.10%,"$113,483.00 ","391,655,503,715,679",418 Trillion,"$1,298,114.00 ",,0.6,-7.3,-7.8,-62.1,113483.0,1298114.0,391655503715679.0,False,Small,0.08742144372528145,False,False
1961,Charged Particles,IONX,0.02,-0.90%,-7.90%,-11.60%,23.60%,"$659,870.00 ","79,878,024",100 Million,"$1,297,357.00 ",0.02,-0.9,-7.9,-11.6,23.6,659870.0,1297357.0,79878024.0,False,Small,0.5086263842566079,True,False
1962,NXT,NXT, $-   ,3.20%,-8.00%,-15.00%,-13.00%,"$32,460.00 ","998,999,942",1 Billion,"$1,296,915.00 ",,3.2,-8.0,-15.0,-13.0,32460.0,1296915.0,998999942.0,False,Small,0.02502862562311331,False,False
1963,Aston Martin Cognizant Fan Token,AM,0.59,-0.50%,-2.80%,-5.30%,3.30%,"$87,487.00 ","2,170,328",10 Million,"$1,290,381.00 ",0.59,-0.5,-2.8,-5.3,3.3,87487.0,1290381.0,2170328.0,False,Small,0.06779935538418498,False,False
1964,Position,POSI,0.02,0.00%,-0.20%,-7.20%,-17.10%,"$38,767.00 ","60,660,532",-,"$1,289,921.00 ",0.02,0.0,-0.2,-7.2,-17.1,38767.0,1289921.0,60660532.0,False,Small,0.030053778487209682,False,False
1965,Brazil National Football Team Fan Token,BFT,0.05,-0.40%,-2.40%,31.60%,24.60%,"$55,851.00 ","28,480,368",28.5 Million,"$1,285,592.00 ",0.05,-0.4,-2.4,31.6,24.6,55851.0,1285592.0,28480368.0,False,Small,0.043443798654627594,False,False
1966,Tomb Shares,TSHARE,32.85,0.60%,-8.30%,-30.60%,-21.50%,"$1,219.00 ","39,128",65.6 Thousand,"$1,285,359.00 ",32.85,0.6,-8.3,-30.6,-21.5,1219.0,1285359.0,39128.0,False,Small,0.000948373178232696,False,False
1967,SpaceDawgs,DAWGS, $-   ,-0.10%,5.30%,30.60%,870.10%,"$1,813.00 ","758,888,726,200",1 Trillion,"$1,281,606.00 ",,-0.1,5.3,30.6,870.1,1813.0,1281606.0,758888726200.0,False,Small,0.00141463132975345,False,False
1968,FlatQube,QUBE,0.47,0.70%,25.10%,177.70%,37.40%,"$2,048.00 ","2,739,528",14.9 Million,"$1,279,285.00 ",0.47,0.7,25.1,177.7,37.4,2048.0,1279285.0,2739528.0,False,Small,0.001600894249522194,False,False
1969,SpiritSwap,SPIRIT, $-   ,0.00%,-4.00%,38.80%,196.70%,"$106,924.00 ","420,639,499",1 Billion,"$1,279,154.00 ",,0.0,-4.0,38.8,196.7,106924.0,1279154.0,420639499.0,False,Small,0.08358962251613175,False,False
1970,Digix Gold,DGX,49.56,-0.10%,-2.20%,0.90%,2.00%,$38.45 ,"25,792",15.4 Thousand,"$1,278,004.00 ",49.56,-0.1,-2.2,0.9,2.0,38.45,1278004.0,25792.0,False,Small,3.0085977821665662e-05,False,False
1971,Feisty Doge NFT,NFD, $-   ,,1.80%,-2.10%,11.40%,"$2,345.00 ","56,042,983,567",100 Billion,"$1,272,359.00 ",,,1.8,-2.1,11.4,2345.0,1272359.0,56042983567.0,False,Small,0.0018430332948483879,False,False
1972,tSILVER,TXAG,0.65,0.60%,0.40%,-0.20%,-1.10%,"$2,196.00 ","1,979,484",1.98 Million,"$1,276,971.00 ",0.65,0.6,0.4,-0.2,-1.1,2196.0,1276971.0,1979484.0,False,Small,0.0017196944958029587,False,False
1973,DinoX,DNXC,0.01,0.00%,-1.10%,-5.90%,37.20%,"$46,653.00 ","160,000,000",160 Million,"$1,270,701.00 ",0.01,0.0,-1.1,-5.9,37.2,46653.0,1270701.0,160000000.0,False,Small,0.036714380487620615,False,False
1974,Wagie Bot,WAGIEBOT,0.13,-0.30%,-1.00%,-24.10%,-13.60%,"$278,057.00 ","9,500,000",10 Million,"$1,269,014.00 ",0.13,-0.3,-1.0,-24.1,-13.6,278057.0,1269014.0,9500000.0,False,Small,0.21911263390317207,False,False
1975,HarryPotterTrumpHomerSimpson777Inu,ETHEREUM, $-   ,-0.10%,1.00%,-7.10%,-11.80%,"$2,088.00 ","989,484,749",989 Million,"$1,262,053.00 ",,-0.1,1.0,-7.1,-11.8,2088.0,1262053.0,989484749.0,False,Small,0.0016544471587167891,False,False
1976,Paladin,PAL,0.11,-,-,-,-, - ,"11,099,978",50 Million,"$1,266,247.00 ",0.11,,,,,,1266247.0,11099978.0,False,Small,,False,False
1977,Y2K,Y2K,0.54,0.40%,3.00%,-2.10%,23.50%,"$16,487.00 ","2,349,490",20 Million,"$1,258,362.00 ",0.54,0.4,3.0,-2.1,23.5,16487.0,1258362.0,2349490.0,False,Small,0.013101953174046896,False,False
1978,Perpy Finance,PRY, $-   ,-0.40%,5.90%,-1.40%,32.20%,"$19,053.00 ","297,900,017",1 Billion,"$1,257,037.00 ",,-0.4,5.9,-1.4,32.2,19053.0,1257037.0,297900017.0,False,Small,0.015157071748882492,False,False
1979,Belt,BELT,0.07,-0.50%,-8.00%,-5.90%,7.00%,"$8,887.00 ","16,830,452",33.3 Million,"$1,253,064.00 ",0.07,-0.5,-8.0,-5.9,7.0,8887.0,1253064.0,16830452.0,False,Small,0.007092215561216347,False,False
1980,Vesta Stable,VST,1.00,0.00%,0.10%,0.10%,0.10%,"$10,260.00 ","1,253,589",1.25 Million,"$1,252,764.00 ",1.0,0.0,0.1,0.1,0.1,10260.0,1252764.0,1253589.0,False,Small,0.008189890514095233,False,False
1981,Avocado DAO,AVG,0.03,0.40%,3.10%,18.80%,93.20%,"$36,227.00 ","44,698,459",1 Billion,"$1,250,146.00 ",0.03,0.4,3.1,18.8,93.2,36227.0,1250146.0,44698459.0,False,Small,0.028978215344447767,False,False
1982,Biconomy Exchange Token,BIT, $-   ,0.00%,-2.10%,-0.40%,-0.40%,"$64,427.00 ","369,076,903,101",1 Trillion,"$1,245,500.00 ",,0.0,-2.1,-0.4,-0.4,64427.0,1245500.0,369076903101.0,False,Small,0.051727820152549175,False,False
1983,PintSwap,PINT,0.01,2.20%,21.50%,10.50%,77.90%,"$23,242.00 ","131,585,104",1 Billion,"$1,245,627.00 ",0.01,2.2,21.5,10.5,77.9,23242.0,1245627.0,131585104.0,False,Small,0.018658876212541958,False,False
1984,BAI Stablecoin,BAI,1.01,0.90%,1.20%,0.60%,0.40%,"$26,221.00 ","1,229,686",1.23 Million,"$1,242,038.00 ",1.01,0.9,1.2,0.6,0.4,26221.0,1242038.0,1229686.0,False,Small,0.021111270347606112,False,False
1985,THX Network,THX,0.04,0.00%,1.00%,-2.00%,10.40%,"$6,433.00 ","31,692,501",100 Million,"$1,241,841.00 ",0.04,0.0,1.0,-2.0,10.4,6433.0,1241841.0,31692501.0,False,Small,0.005180212281604489,False,False
1986,VEMP,VEMP, $-   ,-0.20%,-2.70%,-18.80%,-2.20%,"$446,273.00 ","259,640,332",808 Million,"$1,241,429.00 ",,-0.2,-2.7,-18.8,-2.2,446273.0,1241429.0,259640332.0,False,Small,0.359483305126592,False,False
1987,EvidenZ,BCDT,0.03,1.00%,3.90%,-0.70%,-13.70%,"$25,136.00 ","35,765,781",40.8 Million,"$1,241,366.00 ",0.03,1.0,3.9,-0.7,-13.7,25136.0,1241366.0,35765781.0,False,Small,0.02024866155509334,False,False
1988,TenX,PAY,0.01,1.90%,-7.00%,-14.00%,6.50%,"$42,433.00 ","118,141,601",205 Million,"$1,233,288.00 ",0.01,1.9,-7.0,-14.0,6.5,42433.0,1233288.0,118141601.0,False,Small,0.034406399802803564,False,False
1989,Revolt 2 Earn,RVLT, $-   ,0.90%,1.10%,48.40%,58.00%,$602.00 ,"65,071,523,369,093",65.4 Trillion,"$1,231,397.00 ",,0.9,1.1,48.4,58.0,602.0,1231397.0,65071523369093.0,False,Small,0.00048887564286741,False,False
1990,AICHAIN,AIT, $-   ,0.50%,-1.30%,0.90%,14.80%,"$5,596.00 ","626,129,652",2.1 Billion,"$1,230,429.00 ",,0.5,-1.3,0.9,14.8,5596.0,1230429.0,626129652.0,False,Small,0.004548007239751339,False,False
1991,Idena,IDNA,0.02,-0.60%,-2.60%,16.80%,35.30%,"$31,199.00 ","66,000,712",∞,"$1,226,903.00 ",0.02,-0.6,-2.6,16.8,35.3,31199.0,1226903.0,66000712.0,False,Small,0.025429068149641822,False,False
1992,Hex Orange Address,HOA,0.01,0.60%,12.80%,0.50%,46.40%,"$26,326.00 ","150,166,853",150 Million,"$1,226,289.00 ",0.01,0.6,12.8,0.5,46.4,26326.0,1226289.0,150166853.0,False,Small,0.021468022627618776,False,False
1993,Hord,HORD,0.01,-0.50%,-2.70%,-5.70%,47.00%,"$58,826.00 ","99,961,388",320 Million,"$1,225,146.00 ",0.01,-0.5,-2.7,-5.7,47.0,58826.0,1225146.0,99961388.0,False,Small,0.04801550182590483,False,False
1994,Revolve Games,RPG,0.02,-0.80%,-12.30%,-16.60%,45.60%,"$16,266.00 ","57,033,164",95 Million,"$1,220,469.00 ",0.02,-0.8,-12.3,-16.6,45.6,16266.0,1220469.0,57033164.0,False,Small,0.013327663381863857,False,False
1995,SHOPX,SHOPX,0.01,0.40%,-0.40%,12.90%,12.10%,"$155,226.00 ","161,650,222",500 Million,"$1,217,452.00 ",0.01,0.4,-0.4,12.9,12.1,155226.0,1217452.0,161650222.0,False,Small,0.12750071460722887,False,False
1996,OneArt,1ART,0.01,0.10%,-7.50%,-19.00%,-9.70%,"$42,093.00 ","202,342,004",-,"$1,217,393.00 ",0.01,0.1,-7.5,-19.0,-9.7,42093.0,1217393.0,202342004.0,False,Small,0.034576344697234175,False,False
1997,EpiK Protocol,AIEPK,0.01,-1.40%,-1.60%,31.50%,90.50%,"$114,664.00 ","155,106,967",400 Million,"$1,214,037.00 ",0.01,-1.4,-1.6,31.5,90.5,114664.0,1214037.0,155106967.0,False,Small,0.09444852175016083,False,False
1998,Spain National Football Team Fan Token,SNFT,0.05,2.30%,7.60%,33.10%,32.30%,"$110,129.00 ","22,903,472",22.9 Million,"$1,212,241.00 ",0.05,2.3,7.6,33.1,32.3,110129.0,1212241.0,22903472.0,False,Small,0.09084744700105012,False,False
1999,Tidal Finance,TIDAL, $-   ,0.30%,18.80%,4.50%,81.50%,"$266,084.00 ","5,998,883,318",19.8 Billion,"$1,212,304.00 ",,0.3,18.8,4.5,81.5,266084.0,1212304.0,5998883318.0,False,Small,0.21948620148081668,False,False
2000,XSwap Protocol,XSP, $-   ,-0.10%,-4.20%,-1.60%,9.60%,"$3,046.00 ","2,397,019,873",13 Billion,"$1,206,457.00 ",,-0.1,-4.2,-1.6,9.6,3046.0,1206457.0,2397019873.0,False,Small,0.002524748084681012,False,False
2001,LGCY Network,LGCY, $-   ,0.10%,-3.10%,-8.70%,-15.90%,"$56,888.00 ","12,305,592,497",100 Billion,"$1,200,965.00 ",,0.1,-3.1,-8.7,-15.9,56888.0,1200965.0,12305592497.0,False,Small,0.04736857443805606,False,False
2002,Pillar,PLR, $-   ,0.00%,13.50%,3.20%,20.40%,$585.00 ,"259,348,201",800 Million,"$1,200,782.00 ",,0.0,13.5,3.2,20.4,585.0,1200782.0,259348201.0,False,Small,0.00048718251939152985,False,False
2003,ZeroLiquid,ZERO,0.16,2.10%,-5.90%,-5.00%,2.60%,"$54,937.00 ","7,723,302",80.3 Million,"$1,199,804.00 ",0.16,2.1,-5.9,-5.0,2.6,54937.0,1199804.0,7723302.0,False,Small,0.04578831209097486,False,False
2004,Plasma Finance,PPAY, $-   ,-0.10%,-1.40%,12.50%,-9.90%,$617.00 ,"950,000,000",1 Billion,"$1,199,366.00 ",,-0.1,-1.4,12.5,-9.9,617.0,1199366.0,950000000.0,False,Small,0.0005144384616539071,False,False
2005,Decentral Games ICE,ICE, $-   ,0.70%,-3.40%,-7.20%,0.30%,"$14,296.00 ","398,325,652",411 Million,"$1,197,288.00 ",,0.7,-3.4,-7.2,0.3,14296.0,1197288.0,398325652.0,False,Small,0.011940318453037198,False,False
2006,Agave,AGVE,43.07,0.50%,2.20%,22.90%,51.20%,"$6,819.00 ","27,800",100 Thousand,"$1,195,382.00 ",43.07,0.5,2.2,22.9,51.2,6819.0,1195382.0,27800.0,False,Small,0.005704452635224556,False,False
2007,Blacksmith Token,BS, $-   ,-0.10%,4.20%,-18.80%,-44.70%,"$14,814.00 ","310,124,648",1 Billion,"$1,191,503.00 ",,-0.1,4.2,-18.8,-44.7,14814.0,1191503.0,310124648.0,False,Small,0.012433036257567124,False,False
2008,Onigiri Kitty,OKY,0.01,-0.50%,-9.90%,-13.80%,,"$2,037.00 ","109,215,879",109 Million,"$1,189,972.00 ",0.01,-0.5,-9.9,-13.8,,2037.0,1189972.0,109215879.0,False,Small,0.001711804983646674,False,False
2009,AntiMatter,MATTER,0.04,-1.10%,3.40%,12.90%,37.50%,"$301,545.00 ","33,194,608",100 Million,"$1,189,756.00 ",0.04,-1.1,3.4,12.9,37.5,301545.0,1189756.0,33194608.0,False,Small,0.2534511277942704,False,False
2010,DogeBonk,DOBO, $-   ,-0.60%,-10.10%,-8.70%,10.20%,"$1,600.00 ","555,679,170,768,111",1 Quadrillion,"$1,188,299.00 ",,-0.6,-10.1,-8.7,10.2,1600.0,1188299.0,555679170768111.0,False,Small,0.0013464624644134178,False,False
2011,Silent Notary,UBSN, $-   ,0.60%,-4.60%,-0.50%,-18.00%,"$158,537.00 ","159,642,058,841",186 Billion,"$1,188,027.00 ",,0.6,-4.6,-0.5,-18.0,158537.0,1188027.0,159642058841.0,False,Small,0.13344562034364538,False,False
2012,0xBitcoin,0XBTC,0.11,-0.20%,-0.20%,-0.40%,-5.10%,$378.00 ,"10,835,900",21 Million,"$1,187,469.00 ",0.11,-0.2,-0.2,-0.4,-5.1,378.0,1187469.0,10835900.0,False,Small,0.0003183240994080688,False,False
2013,Natus Vincere Fan Token,NAVI,0.37,-0.70%,0.50%,0.40%,29.40%,"$9,769.00 ","3,172,360",5 Million,"$1,178,566.00 ",0.37,-0.7,0.5,0.4,29.4,9769.0,1178566.0,3172360.0,False,Small,0.008288886663962816,False,False
2014,Flooring Protocol μMutantApeYachtClub,ΜMAYC,0.01,-0.40%,-1.30%,-13.40%,,"$44,490.00 ","122,000,000",122 Million,"$1,177,230.00 ",0.01,-0.4,-1.3,-13.4,,44490.0,1177230.0,122000000.0,False,Small,0.03779210519609592,False,False
2015,FaraLand,FARA,0.03,-0.30%,-10.10%,-5.10%,2.70%,"$34,920.00 ","40,350,000",71 Million,"$1,175,867.00 ",0.03,-0.3,-10.1,-5.1,2.7,34920.0,1175867.0,40350000.0,False,Small,0.029697236167015487,False,False
2016,April,APRIL,0.01,-0.60%,-6.70%,-4.50%,-36.70%,"$50,926.00 ","105,788,271",125 Million,"$1,175,933.00 ",0.01,-0.6,-6.7,-4.5,-36.7,50926.0,1175933.0,105788271.0,False,Small,0.04330688908296646,False,False
2017,UBXS,UBXS,0.05,-0.70%,-3.60%,-5.90%,95.50%,"$257,485.00 ","23,627,206",98 Million,"$1,172,477.00 ",0.05,-0.7,-3.6,-5.9,95.5,257485.0,1172477.0,23627206.0,False,Small,0.2196077193838344,False,False
2018,Tyrion.finance,$TYRION,0.01,6.50%,20.00%,31.60%,9.50%,"$29,927.00 ","208,414,601",1 Billion,"$1,164,998.00 ",0.01,6.5,20.0,31.6,9.5,29927.0,1164998.0,208414601.0,False,Small,0.02568845611752123,False,False
2019,VEIL,VEIL,0.01,0.00%,79.30%,46.20%,240.70%,"$1,781.00 ","134,467,796",155 Million,"$1,160,741.00 ",0.01,0.0,79.3,46.2,240.7,1781.0,1160741.0,134467796.0,False,Small,0.0015343646860066112,False,False
2020,Crabada,CRA, $-   ,-0.50%,-14.30%,153.30%,1133.60%,"$10,730.00 ","355,983,565",1 Billion,"$1,158,272.00 ",,-0.5,-14.3,153.3,1133.6,10730.0,1158272.0,355983565.0,False,Small,0.009263799867388662,False,True
2021,Ycash,YEC,0.08,-4.50%,8.70%,32.70%,83.10%,"$4,602.00 ","14,426,084",21 Million,"$1,156,962.00 ",0.08,-4.5,8.7,32.7,83.1,4602.0,1156962.0,14426084.0,False,Small,0.0039776587303645234,False,False
2022,WHEE,WHEE,0.06,0.50%,11.70%,15.40%,-34.70%,"$106,027.00 ","21,000,000",21 Million,"$1,156,065.00 ",0.06,0.5,11.7,15.4,-34.7,106027.0,1156065.0,21000000.0,False,Small,0.09171370121922211,False,False
2023,Flooring Protocol μCaptainz,ΜCAPTAINZ,0.01,-0.10%,-2.70%,-11.30%,,"$34,470.00 ","141,000,000",141 Million,"$1,145,651.00 ",0.01,-0.1,-2.7,-11.3,,34470.0,1145651.0,141000000.0,False,Small,0.03008769686405371,False,False
2024,PAC Protocol,PAC, $-   ,-2.20%,-5.60%,-16.90%,73.80%,"$26,239.00 ","17,443,914,837",50 Billion,"$1,142,137.00 ",,-2.2,-5.6,-16.9,73.8,26239.0,1142137.0,17443914837.0,False,Small,0.02297360124048166,False,False
2025,Moove Protocol,MOOVE,0.09,-0.50%,-3.30%,-17.80%,12.20%,"$11,088.00 ","12,649,480",23 Million,"$1,141,552.00 ",0.09,-0.5,-3.3,-17.8,12.2,11088.0,1141552.0,12649480.0,False,Small,0.009713092351465374,False,False
2026,Idavoll DAO,IDV, $-   ,-0.10%,1.50%,6.70%,36.60%,"$74,705.00 ","789,037,448",2 Billion,"$1,137,912.00 ",,-0.1,1.5,6.7,36.6,74705.0,1137912.0,789037448.0,False,Small,0.06565094664613784,False,False
2027,Legia Warsaw Fan Token,LEG,0.43,-1.30%,0.50%,5.50%,0.60%,"$9,928.00 ","2,677,079",5 Million,"$1,137,721.00 ",0.43,-1.3,0.5,5.5,0.6,9928.0,1137721.0,2677079.0,False,Small,0.008726216708665833,False,False
2028,Concentrator,CTR,0.68,-0.10%,0.40%,-5.70%,74.50%,"$8,560.00 ","1,670,961",5 Million,"$1,136,713.00 ",0.68,-0.1,0.4,-5.7,74.5,8560.0,1136713.0,1670961.0,False,Small,0.007530484827744558,False,False
2029,MEVFree,MEVFREE,0.02,0.30%,-5.50%,-24.50%,-68.40%,"$26,272.00 ","60,000,000",65 Million,"$1,136,973.00 ",0.02,0.3,-5.5,-24.5,-68.4,26272.0,1136973.0,60000000.0,False,Small,0.023106969118879692,False,False
2030,Sperax USD,USDS,1.00,0.10%,-0.80%,-0.40%,0.10%,"$49,455.00 ","1,136,228",1.14 Million,"$1,134,736.00 ",1.0,0.1,-0.8,-0.4,0.1,49455.0,1134736.0,1136228.0,False,Small,0.043582824551261265,False,False
2031,Shibavax,SHIBX, $-   ,-0.30%,-8.00%,31.80%,364.10%,"$1,268.00 ","9,723,617,356",10 Billion,"$1,131,067.00 ",,-0.3,-8.0,31.8,364.1,1268.0,1131067.0,9723617356.0,False,Small,0.0011210653303473622,False,False
2032,Vigorus,VIS, $-   ,0.40%,10.90%,7.30%,112.80%,"$16,775.00 ","6,312,080,748",6.31 Billion,"$1,130,137.00 ",,0.4,10.9,7.3,112.8,16775.0,1130137.0,6312080748.0,False,Small,0.014843333153414144,False,False
2033,PUMLx,PUMLX,0.01,0.10%,-0.70%,-6.60%,-2.40%,"$229,612.00 ","123,892,858",495 Million,"$1,129,226.00 ",0.01,0.1,-0.7,-6.6,-2.4,229612.0,1129226.0,123892858.0,False,Small,0.20333573615910366,False,False
2034,GM,GM, $-   ,-0.10%,3.40%,-17.90%,10.60%,"$134,450.00 ","477,669,287,856",1 Trillion,"$1,128,135.00 ",,-0.1,3.4,-17.9,10.6,134450.0,1128135.0,477669287856.0,False,Small,0.11917899896732218,False,False
2035,Kick,KICK,0.01,-0.20%,3.50%,3.90%,13.50%,"$78,943.00 ","121,788,138",122 Million,"$1,125,477.00 ",0.01,-0.2,3.5,3.9,13.5,78943.0,1125477.0,121788138.0,False,Small,0.070141815425815,False,False
2036,Solcial,SLCL, $-   ,0.90%,2.40%,-21.80%,19.80%,"$3,263.00 ","734,636,795",1 Billion,"$1,125,336.00 ",,0.9,2.4,-21.8,19.8,3263.0,1125336.0,734636795.0,False,Small,0.0028995784370179217,False,False
2037,ETHPad,ETHPAD,0.01,-0.90%,-8.30%,-6.10%,108.20%,"$26,430.00 ","137,000,000",1 Billion,"$1,114,801.00 ",0.01,-0.9,-8.3,-6.1,108.2,26430.0,1114801.0,137000000.0,False,Small,0.023708267215404363,False,False
2038,Spore,SPORE, $-   ,-0.80%,-2.90%,49.00%,164.00%,"$1,519.00 ","32,711,699,276,495,700",32.7 Quadrillion,"$1,114,876.00 ",,-0.8,-2.9,49.0,164.0,1519.0,1114876.0,3.27116992764957e+16,False,Small,0.0013624833613783058,False,False
2039,IOI,IOI,0.03,0.10%,-15.50%,14.60%,291.10%,"$238,697.00 ","36,510,000",37.5 Million,"$1,113,894.00 ",0.03,0.1,-15.5,14.6,291.1,238697.0,1113894.0,36510000.0,False,Small,0.21429058779381163,False,False
2040,CryptoCart V2,CCV2,1.20,-,-,-,-, - ,"930,358",1 Million,"$1,112,196.00 ",1.2,,,,,,1112196.0,930358.0,False,Small,,False,False
2041,KING,KING, $-   ,1.60%,-1.20%,15.00%,0.40%,"$147,710.00 ","10,000,000,000",10 Billion,"$1,100,155.00 ",,1.6,-1.2,15.0,0.4,147710.0,1100155.0,10000000000.0,False,Small,0.13426289931873236,False,False
2042,Reddcoin,RDD, $-   ,1.30%,-31.60%,-58.00%,-54.00%,"$7,095.00 ","31,090,915,762",-,"$1,097,551.00 ",,1.3,-31.6,-58.0,-54.0,7095.0,1097551.0,31090915762.0,False,Small,0.006464392087474751,False,False
2043,ISLAMICOIN,ISLAMI, $-   ,0.10%,-5.80%,-6.30%,-25.60%,"$629,201.00 ","2,885,348,819",9.37 Billion,"$1,094,491.00 ",,0.1,-5.8,-6.3,-25.6,629201.0,1094491.0,2885348819.0,False,Small,0.5748800127182407,True,False
2044,Dentacoin,DCN, $-   ,0.00%,0.10%,17.90%,3.30%,$16.65 ,"710,839,308,006",8 Trillion,"$1,093,151.00 ",,0.0,0.1,17.9,3.3,16.65,1093151.0,710839308006.0,False,Small,1.5231198617574333e-05,False,False
2045,Planeteer Social,PLANETEER, $-   ,-0.20%,-5.50%,-91.60%,-94.10%,$182.00 ,"270,000,000",270 Million,"$1,092,388.00 ",,-0.2,-5.5,-91.6,-94.1,182.0,1092388.0,270000000.0,False,Small,0.00016660746914100118,False,False
2046,Achain,ACT, $-   ,0.00%,-1.40%,0.80%,3.40%,"$576,889.00 ","857,440,445",1 Billion,"$1,091,834.00 ",,0.0,-1.4,0.8,3.4,576889.0,1091834.0,857440445.0,False,Small,0.5283669495546026,True,False
2047,Behodler,EYE,0.20,,-0.70%,7.00%,-16.00%,$236.00 ,"5,567,882",9.89 Million,"$1,092,117.00 ",0.2,,-0.7,7.0,-16.0,236.0,1092117.0,5567882.0,False,Small,0.0002160940631818752,False,False
2048,Team Vitality Fan Token,VIT,0.28,-0.20%,1.10%,5.90%,30.30%,$320.00 ,"3,824,208",7 Million,"$1,089,768.00 ",0.28,-0.2,1.1,5.9,30.3,320.0,1089768.0,3824208.0,False,Small,0.00029364048127674883,False,False
2049,Drops Ownership Power,DOP,0.09,-0.10%,-1.90%,4.20%,53.90%,"$32,709.00 ","12,731,652",15 Million,"$1,088,817.00 ",0.09,-0.1,-1.9,4.2,53.9,32709.0,1088817.0,12731652.0,False,Small,0.03004086086091602,False,False
2050,Cardstarter,CARDS,0.14,-0.20%,0.40%,66.70%,116.40%,"$1,350.00 ","7,697,054",10 Million,"$1,087,733.00 ",0.14,-0.2,0.4,66.7,116.4,1350.0,1087733.0,7697054.0,False,Small,0.0012411133982328385,False,False
2051,Lunar [OLD],LNR, $-   ,0.00%,0.00%,0.00%,0.00%, $-   ,"802,145,599,318,781",915 Trillion,"$2,349,532.00 ",,0.0,0.0,0.0,0.0,,2349532.0,802145599318781.0,False,Small,,False,False
2052,xWIN Finance,XWIN,0.11,-0.50%,-11.90%,-7.00%,1.80%,"$8,710.00 ","9,926,462",61 Million,"$1,084,123.00 ",0.11,-0.5,-11.9,-7.0,1.8,8710.0,1084123.0,9926462.0,False,Small,0.008034143727233902,False,False
2053,Web3Shot,W3S,0.41,0.20%,-1.30%,1.00%,18.30%,"$216,267.00 ","2,628,500",100 Million,"$1,081,830.00 ",0.41,0.2,-1.3,1.0,18.3,216267.0,1081830.0,2628500.0,False,Small,0.1999084883946646,False,False
2054,Sao Paulo FC Fan Token,SPFC,0.50,-1.00%,-0.50%,-5.60%,2.90%,"$68,866.00 ","2,175,920",20 Million,"$1,080,822.00 ",0.5,-1.0,-0.5,-5.6,2.9,68866.0,1080822.0,2175920.0,False,Small,0.06371631961599597,False,False
2055,Divergence Protocol,DIVER,0.01,-0.30%,0.00%,-0.60%,11.50%,"$236,560.00 ","123,873,661",1 Billion,"$1,077,191.00 ",0.01,-0.3,0.0,-0.6,11.5,236560.0,1077191.0,123873661.0,False,Small,0.21960822175454492,False,False
2056,Idexo,IDO,0.02,0.00%,-0.30%,0.00%,26.80%,"$74,044.00 ","63,312,395",100 Million,"$1,075,178.00 ",0.02,0.0,-0.3,0.0,26.8,74044.0,1075178.0,63312395.0,False,Small,0.06886673648456348,False,False
2057,NerdBot,NERD,0.09,-0.30%,-0.30%,-24.20%,,"$322,125.00 ","12,201,135",100 Million,"$1,074,866.00 ",0.09,-0.3,-0.3,-24.2,,322125.0,1074866.0,12201135.0,False,Small,0.2996885193131051,False,False
2058,Gamestarter,GAME,0.04,0.40%,-0.70%,4.00%,64.40%,"$19,131.00 ","30,185,767",100 Million,"$1,074,728.00 ",0.04,0.4,-0.7,4.0,64.4,19131.0,1074728.0,30185767.0,False,Small,0.01780078308185885,False,False
2059,Wins,WINS,0.02,0.10%,0.60%,1.20%,17.50%,"$2,100.00 ","46,038,934",1 Billion,"$1,071,332.00 ",0.02,0.1,0.6,1.2,17.5,2100.0,1071332.0,46038934.0,False,Small,0.0019601766772578437,False,False
2060,Lympo,LYM, $-   ,-0.10%,-9.60%,27.80%,59.40%,"$101,687.00 ","843,500,000",1 Billion,"$1,071,120.00 ",,-0.1,-9.6,27.8,59.4,101687.0,1071120.0,843500000.0,False,Small,0.09493520800657256,False,False
2061,Koyo,KOY, $-   ,1.60%,0.00%,-21.10%,-49.20%,"$6,445.00 ","546,671,549",582 Million,"$1,071,048.00 ",,1.6,0.0,-21.1,-49.2,6445.0,1071048.0,546671549.0,False,Small,0.006017470738939805,False,False
2062,İstanbul Başakşehir Fan Token,IBFK,0.95,-0.30%,-1.50%,1.10%,-2.90%,"$31,186.00 ","1,121,890",3 Million,"$1,069,520.00 ",0.95,-0.3,-1.5,1.1,-2.9,31186.0,1069520.0,1121890.0,False,Small,0.02915887500934999,False,False
2063,BlueMove,MOVE,0.02,1.00%,13.90%,1.40%,-23.40%,"$21,266.00 ","63,166,666",300 Million,"$1,063,327.00 ",0.02,1.0,13.9,1.4,-23.4,21266.0,1063327.0,63166666.0,False,Small,0.01999949215998465,False,False
2064,Konomi Network,KONO,0.03,0.00%,-1.20%,-20.40%,53.40%,"$328,818.00 ","36,689,113",100 Million,"$1,061,560.00 ",0.03,0.0,-1.2,-20.4,53.4,328818.0,1061560.0,36689113.0,False,Small,0.3097498021779268,False,False
2065,O3 Swap,O3,0.03,0.30%,-5.50%,-14.10%,1.30%,"$424,919.00 ","35,725,692",40 Million,"$1,061,532.00 ",0.03,0.3,-5.5,-14.1,1.3,424919.0,1061532.0,35725692.0,False,Small,0.4002884510311512,False,False
2066,Dacxi,DACXI, $-   ,0.00%,0.00%,-4.20%,-25.40%,"$127,981.00 ","1,058,655,812",10 Billion,"$1,059,004.00 ",,0.0,0.0,-4.2,-25.4,127981.0,1059004.0,1058655812.0,False,Small,0.12085034617432984,False,False
2067,Green Planet,GAMMA,0.01,-1.40%,-14.20%,-6.30%,61.80%,"$758,492.00 ","80,515,189",100 Million,"$1,057,582.00 ",0.01,-1.4,-14.2,-6.3,61.8,758492.0,1057582.0,80515189.0,False,Small,0.7171945059579304,True,False
2068,SAVAGE,SAVG, $-   ,-0.20%,-4.50%,-14.80%,7.00%,"$36,320.00 ","479,558,744",1 Billion,"$1,057,590.00 ",,-0.2,-4.5,-14.8,7.0,36320.0,1057590.0,479558744.0,False,Small,0.03434223092124547,False,False
2069,Convergence,CONV, $-   ,-0.50%,-1.30%,-5.50%,7.90%,"$289,550.00 ","1,998,946,315",10 Billion,"$1,052,572.00 ",,-0.5,-1.3,-5.5,7.9,289550.0,1052572.0,1998946315.0,False,Small,0.27508806998476115,False,False
2070,Metavault DAO,MVD,5.06,0.50%,0.50%,2.50%,3.70%,"$3,617.00 ","208,060",216 Thousand,"$1,050,193.00 ",5.06,0.5,0.5,2.5,3.7,3617.0,1050193.0,208060.0,False,Small,0.003444128841079687,False,False
2071,Oddz,ODDZ,0.01,0.60%,-12.50%,-8.70%,50.40%,"$138,286.00 ","89,405,704",100 Million,"$1,050,299.00 ",0.01,0.6,-12.5,-8.7,50.4,138286.0,1050299.0,89405704.0,False,Small,0.1316634596433968,False,False
2072,Siren,SI,0.05,-,-,-,-, - ,"22,446,120",100 Million,"$1,048,660.00 ",0.05,,,,,,1048660.0,22446120.0,False,Small,,False,False
2073,Liquidus,LIQ,0.06,-0.40%,-7.90%,-6.80%,-10.50%,"$39,504.00 ","16,497,132",77 Million,"$1,049,002.00 ",0.06,-0.4,-7.9,-6.8,-10.5,39504.0,1049002.0,16497132.0,False,Small,0.03765865079380211,False,False
2074,Gold,GOLD,0.06,-0.10%,3.20%,4.30%,-59.60%,"$5,088.00 ","16,594,987",21 Million,"$1,047,701.00 ",0.06,-0.1,3.2,4.3,-59.6,5088.0,1047701.0,16594987.0,False,Small,0.004856347373916795,False,False
2075,TOP Network,TOP, $-   ,-0.50%,2.40%,4.30%,21.20%,"$16,516,875.00 ","4,094,181,820",20 Billion,"$1,038,606.00 ",,-0.5,2.4,4.3,21.2,16516875.0,1038606.0,4094181820.0,False,Small,15.902926615097543,True,False
2076,Revenue Coin,RVC, $-   ,18.50%,-26.20%,14.00%,-8.60%,"$5,145.00 ","862,441,188",1.73 Billion,"$1,037,773.00 ",,18.5,-26.2,14.0,-8.6,5145.0,1037773.0,862441188.0,False,Small,0.004957731604117664,False,False
2077,Galvan,IZE, $-   ,-0.20%,-3.60%,-1.80%,-2.40%,"$37,764.00 ","3,241,037,934",3.24 Billion,"$1,037,443.00 ",,-0.2,-3.6,-1.8,-2.4,37764.0,1037443.0,3241037934.0,False,Small,0.036401036008725296,False,False
2078,Sheesha Finance Polygon,MSHEESHA, $-   ,-0.40%,4.90%,39.00%,341.00%,"$30,934.00 ","398,703,378",1 Billion,"$1,036,661.00 ",,-0.4,4.9,39.0,341.0,30934.0,1036661.0,398703378.0,False,Small,0.02984003449536541,False,False
2079,YAM,YAM,0.07,-0.30%,2.70%,-0.80%,27.00%,"$40,496.00 ","14,790,447",15.2 Million,"$1,029,452.00 ",0.07,-0.3,2.7,-0.8,27.0,40496.0,1029452.0,14790447.0,False,Small,0.0393374338968694,False,False
2080,BitSong,BTSG,0.01,-0.60%,-4.10%,-14.40%,26.00%,"$5,140.00 ","108,442,198",122 Million,"$1,026,319.00 ",0.01,-0.6,-4.1,-14.4,26.0,5140.0,1026319.0,108442198.0,False,Small,0.005008189461561172,False,False
2081,HeadStarter,HST,0.01,0.00%,-4.30%,-3.60%,18.40%,$711.00 ,"137,170,155",2.5 Billion,"$1,025,200.00 ",0.01,0.0,-4.3,-3.6,18.4,711.0,1025200.0,137170155.0,False,Small,0.0006935232149824425,False,False
2082,FOUR,FOUR,0.01,-1.00%,-22.40%,140.40%,369.60%,"$40,604.00 ","191,933,901",400 Million,"$1,022,374.00 ",0.01,-1.0,-22.4,140.4,369.6,40604.0,1022374.0,191933901.0,False,Small,0.03971540747319474,False,False
2083,wLITI,WLITI, $-   ,-0.10%,4.40%,23.90%,20.30%,"$8,092.00 ","329,175,000",329 Million,"$1,019,143.00 ",,-0.1,4.4,23.9,20.3,8092.0,1019143.0,329175000.0,False,Small,0.007940004493971895,False,False
2084,CrossWallet,CWT,0.01,0.00%,-12.50%,-35.10%,22.00%,"$23,849.00 ","125,000,000",125 Million,"$1,018,101.00 ",0.01,0.0,-12.5,-35.1,22.0,23849.0,1018101.0,125000000.0,False,Small,0.02342498435813343,False,False
2085,Curate,XCUR,0.02,0.10%,11.90%,1.80%,44.30%,"$200,389.00 ","50,000,000",60 Million,"$1,018,059.00 ",0.02,0.1,11.9,1.8,44.3,200389.0,1018059.0,50000000.0,False,Small,0.19683436814565758,False,False
2086,Dingocoin,DINGO, $-   ,-0.10%,1.80%,-25.30%,-14.30%,"$71,588.00 ","103,188,057,659",103 Billion,"$1,017,883.00 ",,-0.1,1.8,-25.3,-14.3,71588.0,1017883.0,103188057659.0,False,Small,0.07033028353946377,False,False
2087,Libre,LIBRE, $-   ,-0.10%,-1.80%,-2.30%,-4.70%,"$14,480.00 ","904,340,800",904 Million,"$1,015,319.00 ",,-0.1,-1.8,-2.3,-4.7,14480.0,1015319.0,904340800.0,False,Small,0.014261527657810009,False,False
2088,DePay,DEPAY,0.15,-,-,-,-, - ,"6,658,594",57 Million,"$1,005,299.00 ",0.15,,,,,,1005299.0,6658594.0,False,Small,,False,False
2089,Concentric.fi,CONE,3.46,0.30%,-13.40%,-39.10%,12.80%,"$41,652.00 ","293,836",294 Thousand,"$1,013,239.00 ",3.46,0.3,-13.4,-39.1,12.8,41652.0,1013239.0,293836.0,False,Small,0.041107774177661933,False,False
2090,Okratech,ORT,0.01,-1.60%,-14.60%,42.30%,84.00%,"$1,306,025.00 ","180,100,000",874 Million,"$1,008,569.00 ",0.01,-1.6,-14.6,42.3,84.0,1306025.0,1008569.0,180100000.0,False,Small,1.2949287554941704,True,False
2091,cocktailbar.finance,COC,20.15,-0.10%,6.50%,136.00%,124.90%,"$11,286.00 ","50,000",50 Thousand,"$1,006,794.00 ",20.15,-0.1,6.5,136.0,124.9,11286.0,1006794.0,50000.0,False,Small,0.011209840344698121,False,False
2092,Genius,GENI, $-   ,3.70%,3.00%,0.20%,-12.50%,"$3,414.00 ","285,338,561,018",∞,"$1,004,072.00 ",,3.7,3.0,0.2,-12.5,3414.0,1004072.0,285338561018.0,False,Small,0.0034001545705885632,False,False
2093,Canxium,CAU,2.46,1.10%,61.40%,142.80%,666.30%,"$65,779.00 ","418,757",514 Thousand,"$1,002,800.00 ",2.46,1.1,61.4,142.8,666.3,65779.0,1002800.0,418757.0,False,Small,0.06559533306741125,False,False
2094,DLP Duck,DUCK,0.02,0.10%,-0.60%,-5.80%,14.00%,"$55,434.00 ","45,274,336",74.8 Million,"$1,002,606.00 ",0.02,0.1,-0.6,-5.8,14.0,55434.0,1002606.0,45274336.0,False,Small,0.05528991448285767,False,False
2095,XING,XING,0.07,-,-,-,-, - ,"21,000,000",21 Million,"$1,378,072.00 ",0.07,,,,,,1378072.0,21000000.0,False,Small,,False,False
2096,Conceal,CCX,0.05,-0.50%,-5.60%,51.10%,36.30%,$80.93 ,"21,727,228",200 Million,"$995,808.00 ",0.05,-0.5,-5.6,51.1,36.3,80.93,995808.0,21727228.0,False,Small,8.127068671872491e-05,False,False
2097,Liquid Staked Flow,STFLOW,0.68,0.60%,-3.60%,-6.40%,37.10%,$0.08 ,"1,453,456",1.45 Million,"$992,423.00 ",0.68,0.6,-3.6,-6.4,37.1,0.08,992423.0,1453456.0,False,Small,8.061078794022308e-08,False,False
2098,BeNFT Solutions,BEAI,0.58,-1.50%,-8.30%,-23.60%,-45.80%,"$278,637.00 ","1,700,146",7 Million,"$991,780.00 ",0.58,-1.5,-8.3,-23.6,-45.8,278637.0,991780.0,1700146.0,False,Small,0.28094637923733085,False,False
2099,Raven Protocol,RAVEN, $-   ,-0.50%,-21.50%,-27.10%,-45.20%,"$3,905.00 ","4,436,646,537",10 Billion,"$989,445.00 ",,-0.5,-21.5,-27.1,-45.2,3905.0,989445.0,4436646537.0,False,Small,0.00394665696425774,False,False
2100,Sora,XOR, $-   ,-9.70%,-18.70%,-27.10%,-78.80%,"$212,374.00 ","1,102,610,444",1.11 Billion,"$989,096.00 ",,-9.7,-18.7,-27.1,-78.8,212374.0,989096.0,1102610444.0,False,Small,0.21471525514206913,False,False
2101,IDLE,IDLE,0.18,-0.10%,-0.60%,-1.90%,-3.00%,"$1,090.00 ","5,441,645",13 Million,"$987,952.00 ",0.18,-0.1,-0.6,-1.9,-3.0,1090.0,987952.0,5441645.0,False,Small,0.0011032924676502502,False,False
2102,Triall,TRL,0.02,-0.10%,-11.00%,-19.70%,6.00%,"$6,229.00 ","43,703,879",172 Million,"$986,869.00 ",0.02,-0.1,-11.0,-19.7,6.0,6229.0,986869.0,43703879.0,False,Small,0.0063118813135279355,False,False
2103,Nchart Token,CHART,0.10,0.10%,-1.20%,-10.60%,48.30%,"$20,220.00 ","10,000,000",10 Million,"$985,996.00 ",0.1,0.1,-1.2,-10.6,48.3,20220.0,985996.0,10000000.0,False,Small,0.02050718258491921,False,False
2104,DegenReborn,DEGEN, $-   ,-0.30%,1.60%,6.90%,36.20%,"$190,314.00 ","9,400,000,000,000",9.4 Trillion,"$979,534.00 ",,-0.3,1.6,6.9,36.2,190314.0,979534.0,9400000000000.0,False,Small,0.19429034622585842,False,False
2105,Maro,MARO, $-   ,-0.20%,2.10%,15.10%,8.70%,"$29,792.00 ","988,149,992",985 Million,"$976,674.00 ",,-0.2,2.1,15.1,8.7,29792.0,976674.0,988149992.0,False,Small,0.030503525229503396,False,False
2106,Chaintools,CTLS,0.09,-0.20%,1.30%,49.60%,13.80%,$489.00 ,"10,356,051",11 Million,"$974,316.00 ",0.09,-0.2,1.3,49.6,13.8,489.0,974316.0,10356051.0,False,Small,0.0005018905570677275,False,False
2107,KleeKai,KLEE, $-   ,-0.80%,2.40%,-9.10%,11.30%,"$44,442.00 ","100,000,000,000,000,000",100 Quadrillion,"$972,125.00 ",,-0.8,2.4,-9.1,11.3,44442.0,972125.0,1e+17,False,Small,0.045716343062877716,False,False
2108,VNX Gold,VNXAU,64.39,-0.20%,0.00%,2.80%,0.80%,"$155,524.00 ","15,100",15.1 Thousand,"$971,622.00 ",64.39,-0.2,0.0,2.8,0.8,155524.0,971622.0,15100.0,False,Small,0.16006636325649276,False,False
2109,Throne,THN,0.03,-0.30%,-0.80%,1.10%,-10.90%,"$1,701,796.00 ","30,471,152",1.97 Billion,"$969,677.00 ",0.03,-0.3,-0.8,1.1,-10.9,1701796.0,969677.0,30471152.0,False,Small,1.7550132673044736,True,False
2110,Gro DAO,GRO,0.06,,-0.10%,-5.70%,-80.00%,$34.12 ,"15,621,085",36.3 Million,"$960,843.00 ",0.06,,-0.1,-5.7,-80.0,34.12,960843.0,15621085.0,False,Small,3.551048402288407e-05,False,False
2111,TruBadger,TRUBGR, $-   ,-0.30%,-9.70%,-8.90%,-2.90%,$156.00 ,"467,245,792,106,982",1 Quadrillion,"$968,776.00 ",,-0.3,-9.7,-8.9,-2.9,156.0,968776.0,467245792106982.0,False,Small,0.0001610279362824843,False,False
2112,Populous,PPT,0.03,-0.80%,-12.90%,-17.60%,-8.10%,"$93,337.00 ","36,226,899",53.3 Million,"$964,378.00 ",0.03,-0.8,-12.9,-17.6,-8.1,93337.0,964378.0,36226899.0,False,Small,0.09678466327518878,False,False
2113,Cope,COPE,0.05,-0.10%,-0.30%,20.00%,22.50%,$718.00 ,"19,360,000",50 Million,"$963,770.00 ",0.05,-0.1,-0.3,20.0,22.5,718.0,963770.0,19360000.0,False,Small,0.0007449910248295755,False,False
2114,Pika,PIKA, $-   ,0.30%,1.80%,6.90%,25.70%,$181.00 ,"95,874,551,883,586",50 Trillion,"$959,754.00 ",,0.3,1.8,6.9,25.7,181.0,959754.0,95874551883586.0,False,Small,0.0001885899928523351,False,False
2115,Furucombo,COMBO,0.02,-0.90%,-0.10%,-9.50%,3.20%,"$59,940.00 ","44,124,746",100 Million,"$957,165.00 ",0.02,-0.9,-0.1,-9.5,3.2,59940.0,957165.0,44124746.0,False,Small,0.06262243186911348,False,False
2116,SmartCredit,SMARTCREDIT,0.46,0.30%,-2.00%,-0.10%,45.10%,"$37,254.00 ","2,064,096",25 Million,"$954,649.00 ",0.46,0.3,-2.0,-0.1,45.1,37254.0,954649.0,2064096.0,False,Small,0.03902376685043404,False,False
2117,ORPO,ORPO,0.16,-,-,-,-, - ,"8,000,000",8 Million,"$1,312,450.00 ",0.16,,,,,,1312450.0,8000000.0,False,Small,,False,False
2118,Shopping.io,SHOP,0.01,-0.10%,-1.80%,-12.50%,3.60%,"$14,024.00 ","99,612,728",99.6 Million,"$950,656.00 ",0.01,-0.1,-1.8,-12.5,3.6,14024.0,950656.0,99612728.0,False,Small,0.014751918675104348,False,False
2119,Sashimi,SASHIMI, $-   ,0.20%,-10.60%,-5.80%,13.50%,"$38,646.00 ","223,697,422",228 Million,"$946,798.00 ",,0.2,-10.6,-5.8,13.5,38646.0,946798.0,223697422.0,False,Small,0.040817576716469614,False,False
2120,Changex,CHANGE, $-   ,0.50%,-1.10%,-4.40%,5.20%,"$81,968.00 ","190,366,422",406 Million,"$945,919.00 ",,0.5,-1.1,-4.4,5.2,81968.0,945919.0,190366422.0,False,Small,0.08665435412545895,False,False
2121,Construct,STANDARD,0.10,0.30%,-0.40%,-5.30%,-8.10%,$863.00 ,"9,315,043",20 Million,"$945,698.00 ",0.1,0.3,-0.4,-5.3,-8.1,863.0,945698.0,9315043.0,False,Small,0.0009125534790176145,False,False
2122,Bird.Money,BIRD,11.97,-0.90%,-3.80%,-4.00%,39.90%,"$362,278.00 ","79,114",140 Thousand,"$944,995.00 ",11.97,-0.9,-3.8,-4.0,39.9,362278.0,944995.0,79114.0,False,Small,0.3833649913491606,False,False
2123,Maza,MZC, $-   ,-0.10%,-9.30%,-6.60%,-0.40%,$320.00 ,"2,220,632,350",2.42 Billion,"$944,546.00 ",,-0.1,-9.3,-6.6,-0.4,320.0,944546.0,2220632350.0,False,Small,0.00033878709983420607,False,False
2124,Rubidium,RBD,0.02,-,-,-,-, - ,"46,524,327",1 Billion,"$925,337.00 ",0.02,,,,,,925337.0,46524327.0,False,Small,,False,False
2125,Kava Swap,SWP, $-   ,-0.10%,0.00%,0.10%,-21.80%,"$26,070.00 ","189,843,741",250 Million,"$941,052.00 ",,-0.1,0.0,0.1,-21.8,26070.0,941052.0,189843741.0,False,Small,0.027703038726871628,False,False
2126,Spores Network,SPO, $-   ,-0.40%,2.00%,11.50%,115.50%,"$59,686.00 ","1,058,302,432",5 Billion,"$935,202.00 ",,-0.4,2.0,11.5,115.5,59686.0,935202.0,1058302432.0,False,Small,0.06382150594203177,False,False
2127,Apollo,APL, $-   ,2.20%,1.40%,18.30%,-16.40%,"$300,385.00 ","14,685,096,531",21.2 Billion,"$930,088.00 ",,2.2,1.4,18.3,-16.4,300385.0,930088.0,14685096531.0,False,Small,0.32296406361548585,False,False
2128,BUX,BUX,0.01,-0.20%,-3.20%,36.60%,-43.40%,$99.30 ,"64,853,974",76.4 Million,"$927,445.00 ",0.01,-0.2,-3.2,36.6,-43.4,99.3,927445.0,64853974.0,False,Small,0.00010706834367536619,False,False
2129,Stronger,STRNGR,1.68,-0.10%,0.10%,-4.40%,22.60%,"$4,317.00 ","551,712",10 Million,"$926,844.00 ",1.68,-0.1,0.1,-4.4,22.6,4317.0,926844.0,551712.0,False,Small,0.004657741755894196,False,False
2130,Airbloc,ABL, $-   ,-0.10%,-1.00%,-7.90%,7.50%,$623.00 ,"279,158,920",400 Million,"$925,600.00 ",,-0.1,-1.0,-7.9,7.5,623.0,925600.0,279158920.0,False,Small,0.000673076923076923,False,False
2131,SafeMoon Inu,SMI, $-   ,-0.10%,2.40%,-4.70%,-10.20%,$141.00 ,"1,000,000,000,000",1 Trillion,"$925,620.00 ",,-0.1,2.4,-4.7,-10.2,141.0,925620.0,1000000000000.0,False,Small,0.0001523303299410125,False,False
2132,Mars Ecosystem,XMS, $-   ,-0.30%,-7.10%,0.10%,127.40%,"$4,635.00 ","663,798,968",1 Billion,"$921,702.00 ",,-0.3,-7.1,0.1,127.4,4635.0,921702.0,663798968.0,False,Small,0.005028740308689794,False,False
2133,Synapse Network,SNP,0.01,-,-,-,-, - ,"110,788,728",198 Million,"$911,860.00 ",0.01,,,,,,911860.0,110788728.0,False,Small,,False,False
2134,McPepe's,PEPES, $-   ,0.40%,5.50%,8.80%,22.10%,"$66,680.00 ","100,000,000,000",100 Billion,"$919,258.00 ",,0.4,5.5,8.8,22.1,66680.0,919258.0,100000000000.0,False,Small,0.07253676334609,False,False
2135,BitcoinZ,BTCZ, $-   ,0.30%,-1.60%,44.30%,18.40%,"$19,781.00 ","12,604,557,974",21 Billion,"$919,038.00 ",,0.3,-1.6,44.3,18.4,19781.0,919038.0,12604557974.0,False,Small,0.021523593148487875,False,False
2136,Benji Bananas,BENJI, $-   ,0.10%,-7.60%,-15.30%,59.40%,"$1,560,321.00 ","187,504,907",2.06 Billion,"$917,840.00 ",,0.1,-7.6,-15.3,59.4,1560321.0,917840.0,187504907.0,False,Small,1.6999923733984137,True,False
2137,GoMeat,GOMT,0.41,0.00%,-9.40%,15.80%,32.10%,$130.00 ,"2,234,355",4.94 Million,"$917,386.00 ",0.41,0.0,-9.4,15.8,32.1,130.0,917386.0,2234355.0,False,Small,0.00014170698048585872,False,False
2138,IBS,IBS, $-   ,-2.50%,0.10%,-0.10%,-15.80%,"$1,399.00 ","1,079,758,511",1.5 Billion,"$916,861.00 ",,-2.5,0.1,-0.1,-15.8,1399.0,916861.0,1079758511.0,False,Small,0.0015258583362145407,False,False
2139,AMLT Network,AMLT, $-   ,-0.10%,-0.60%,10.20%,28.80%,$931.00 ,"336,085,293",400 Million,"$916,591.00 ",,-0.1,-0.6,10.2,28.8,931.0,916591.0,336085293.0,False,Small,0.0010157202067225186,False,False
2140,Mobility Coin,MOBIC, $-   ,-11.00%,-9.90%,1.30%,-53.30%,$322.00 ,"707,793,833",708 Million,"$916,032.00 ",,-11.0,-9.9,1.3,-53.3,322.0,916032.0,707793833.0,False,Small,0.0003515161042408999,False,False
2141,StellaSwap,STELLA,0.03,-0.30%,-10.60%,-16.60%,55.80%,"$16,310.00 ","29,266,583",29.3 Million,"$913,453.00 ",0.03,-0.3,-10.6,-16.6,55.8,16310.0,913453.0,29266583.0,False,Small,0.01785532479503598,False,False
2142,B-cube.ai,BCUBE,0.05,-0.10%,-6.30%,-13.30%,-14.60%,"$4,830.00 ","20,177,510",49.7 Million,"$913,418.00 ",0.05,-0.1,-6.3,-13.3,-14.6,4830.0,913418.0,20177510.0,False,Small,0.0052878309820914415,False,False
2143,Nifty League,NFTL, $-   ,-0.10%,0.90%,-0.90%,160.10%,$38.55 ,"675,641,825",751 Million,"$912,931.00 ",,-0.1,0.9,-0.9,160.1,38.55,912931.0,675641825.0,False,Small,4.222663049014657e-05,False,False
2144,Mycelium,MYC, $-   ,0.50%,134.20%,47.40%,94.60%,$383.00 ,"568,503,411",621 Million,"$912,073.00 ",,0.5,134.2,47.4,94.6,383.0,912073.0,568503411.0,False,Small,0.000419922528130972,False,False
2145,Platypus Finance,PTP,0.01,-0.60%,-20.00%,-30.50%,30.30%,"$66,070.00 ","74,249,061",300 Million,"$911,776.00 ",0.01,-0.6,-20.0,-30.5,30.3,66070.0,911776.0,74249061.0,False,Small,0.07246297336187836,False,False
2146,Revomon,REVO,0.03,-0.50%,-12.40%,10.00%,72.20%,"$14,666.00 ","31,564,140",46 Million,"$910,731.00 ",0.03,-0.5,-12.4,10.0,72.2,14666.0,910731.0,31564140.0,False,Small,0.016103547589793255,False,False
2147,ChainSwap,CHAINS, $-   ,-2.00%,3.50%,-37.80%,,"$37,286.00 ","546,392,234",1 Billion,"$909,247.00 ",,-2.0,3.5,-37.8,,37286.0,909247.0,546392234.0,False,Small,0.04100755900211934,False,False
2148,BISO,BISO, $-   ,-1.40%,20.40%,173.50%,937.10%,"$403,534.00 ","210,000,000",210 Million,"$908,207.00 ",,-1.4,20.4,173.5,937.1,403534.0,908207.0,210000000.0,False,Small,0.4443194117640582,False,False
2149,Paysenger EGO,EGO,0.02,0.80%,-0.90%,-8.30%,-15.10%,"$596,459.00 ","48,692,855",500 Million,"$906,191.00 ",0.02,0.8,-0.9,-8.3,-15.1,596459.0,906191.0,48692855.0,False,Small,0.6582045065554613,True,False
2150,Honest,HNST,0.01,-0.10%,-2.00%,1.50%,5.10%,"$3,673.00 ","150,666,667",400 Million,"$905,492.00 ",0.01,-0.1,-2.0,1.5,5.1,3673.0,905492.0,150666667.0,False,Small,0.004056358311282706,False,False
2151,GetKicks,KICKS, $-   ,3.20%,17.60%,31.50%,36.70%,"$1,815,504.00 ","1,514,551,587",5 Billion,"$901,925.00 ",,3.2,17.6,31.5,36.7,1815504.0,901925.0,1514551587.0,False,Small,2.012921251767054,True,False
2152,BattleFly,GFLY,0.28,1.70%,3.80%,0.80%,9.30%,"$4,565.00 ","3,178,776",3.18 Million,"$895,531.00 ",0.28,1.7,3.8,0.8,9.3,4565.0,895531.0,3178776.0,False,Small,0.005097534312045032,False,False
2153,VNX Swiss Franc,VCHF,1.12,-0.30%,-0.30%,0.10%,1.00%,"$64,538.00 ","790,393",790 Thousand,"$887,735.00 ",1.12,-0.3,-0.3,0.1,1.0,64538.0,887735.0,790393.0,False,Small,0.07269962319836437,False,False
2154,Unicly,UNIC,1.91,-0.20%,0.30%,1.60%,14.90%,"$123,694.00 ","464,708",465 Thousand,"$887,618.00 ",1.91,-0.2,0.3,1.6,14.9,123694.0,887618.0,464708.0,False,Small,0.13935499280095717,False,False
2155,Trava Finance,TRAVA, $-   ,-0.80%,-8.60%,73.90%,136.90%,"$143,652.00 ","1,567,447,255",5 Billion,"$887,234.00 ",,-0.8,-8.6,73.9,136.9,143652.0,887234.0,1567447255.0,False,Small,0.1619099358230185,False,False
2156,Speciex,SPEX,0.01,-12.50%,11.60%,-14.30%,-22.50%,"$3,831.00 ","149,995,000",1.5 Billion,"$884,277.00 ",0.01,-12.5,11.6,-14.3,-22.5,3831.0,884277.0,149995000.0,False,Small,0.00433235287132878,False,False
2157,Mad Meerkat Optimizer,MMO,0.19,-0.20%,1.50%,-10.30%,108.40%,"$1,999.00 ","4,737,931",2.81 Million,"$884,599.00 ",0.19,-0.2,1.5,-10.3,108.4,1999.0,884599.0,4737931.0,False,Small,0.002259780985508688,False,False
2158,Tokenomy,TEN,0.01,-0.10%,1.60%,-0.60%,9.10%,"$1,340.00 ","115,497,435",200 Million,"$878,737.00 ",0.01,-0.1,1.6,-0.6,9.1,1340.0,878737.0,115497435.0,False,Small,0.0015249158735776462,False,False
2159,Kepple [OLD],QLC, $-   ,0.30%,-1.40%,-91.40%,-90.70%,$11.93 ,"600,000,000",600 Million,"$874,967.00 ",,0.3,-1.4,-91.4,-90.7,11.93,874967.0,600000000.0,False,Small,1.3634799941026348e-05,False,False
2160,WaykiChain,WICC, $-   ,-2.70%,-0.90%,2.30%,7.20%,"$536,067.00 ","210,000,000",210 Million,"$874,002.00 ",,-2.7,-0.9,2.3,7.2,536067.0,874002.0,210000000.0,False,Small,0.6133475667103737,True,False
2161,Flooring Protocol μY00ts,ΜY00TS, $-   ,-0.10%,5.00%,-1.60%,,"$107,708.00 ","718,000,000",718 Million,"$873,755.00 ",,-0.1,5.0,-1.6,,107708.0,873755.0,718000000.0,False,Small,0.12327025310298653,False,False
2162,Futureswap,FST,0.03,-0.60%,-11.80%,16.10%,40.00%,"$269,345.00 ","34,145,345",34.1 Million,"$872,704.00 ",0.03,-0.6,-11.8,16.1,40.0,269345.0,872704.0,34145345.0,False,Small,0.3086327093722499,False,False
2163,SocialGood,SG,0.05,0.10%,3.90%,-3.50%,-14.90%,"$266,051.00 ","18,393,414",20.4 Million,"$868,080.00 ",0.05,0.1,3.9,-3.5,-14.9,266051.0,868080.0,18393414.0,False,Small,0.3064821214634596,False,False
2164,Ideaology,IDEA, $-   ,0.50%,7.90%,13.00%,141.00%,"$232,637.00 ","500,000,000",500 Million,"$867,921.00 ",,0.5,7.9,13.0,141.0,232637.0,867921.0,500000000.0,False,Small,0.26803937224701324,False,False
2165,DexKit,KIT,0.29,0.50%,2.30%,0.10%,30.10%,"$22,598.00 ","3,000,000",10 Million,"$867,645.00 ",0.29,0.5,2.3,0.1,30.1,22598.0,867645.0,3000000.0,False,Small,0.02604521434457641,False,False
2166,Templar DAO,TEM,1.39,0.00%,-9.80%,-15.90%,2.00%,"$3,216.00 ","621,652",534 Thousand,"$867,105.00 ",1.39,0.0,-9.8,-15.9,2.0,3216.0,867105.0,621652.0,False,Small,0.003708893386614078,False,False
2167,FlypMe,FYP,0.05,0.20%,-1.50%,78.40%,10.20%,$8.16 ,"16,932,115",35.3 Million,"$863,593.00 ",0.05,0.2,-1.5,78.4,10.2,8.16,863593.0,16932115.0,False,Small,9.448895486647067e-06,False,False
2168,Kalkulus,KLKS,0.04,-,-,-,-, - ,"20,101,693",20 Million,"$848,516.00 ",0.04,,,,,,848516.0,20101693.0,False,Small,,False,False
2169,Archi Token,ARCHI,0.32,-0.10%,3.40%,-26.30%,-1.30%,"$9,665.00 ","2,698,020",10 Million,"$860,836.00 ",0.32,-0.1,3.4,-26.3,-1.3,9665.0,860836.0,2698020.0,False,Small,0.011227457959471955,False,False
2170,FourCoin,FOUR, $-   ,-0.50%,-8.80%,16.20%,35.20%,"$762,877.00 ","444,000,000,000",444 Billion,"$860,188.00 ",,-0.5,-8.8,16.2,35.2,762877.0,860188.0,444000000000.0,False,Small,0.8868724046371258,True,False
2171,Gather,GTH, $-   ,0.80%,-6.60%,34.60%,135.50%,"$53,138.00 ","367,237,827",441 Million,"$857,715.00 ",,0.8,-6.6,34.6,135.5,53138.0,857715.0,367237827.0,False,Small,0.06195297971937065,False,False
2172,ARTH,ARTH,1.97,-,-,-,-, - ,"439,909",440 Thousand,"$866,921.00 ",1.97,,,,,,866921.0,439909.0,False,Small,,False,False
2173,Acorn Protocol,ACN, $-   ,0.00%,6.50%,6.10%,-27.40%,"$37,227.00 ","9,048,119,633",10 Billion,"$855,231.00 ",,0.0,6.5,6.1,-27.4,37227.0,855231.0,9048119633.0,False,Small,0.04352859052115744,False,False
2174,JDB,JDB,0.01,-0.10%,5.90%,-7.70%,-46.40%,"$3,821.00 ","100,000,000",100 Million,"$853,539.00 ",0.01,-0.1,5.9,-7.7,-46.4,3821.0,853539.0,100000000.0,False,Small,0.004476655431093365,False,False
2175,Aion,AION, $-   ,-0.10%,0.10%,-1.60%,1.10%,$8.53 ,"526,916,681",487 Million,"$852,200.00 ",,-0.1,0.1,-1.6,1.1,8.53,852200.0,526916681.0,False,Small,1.000938746773058e-05,False,False
2176,MeowCoin,MEWC, $-   ,0.40%,-6.70%,98.50%,91.20%,"$8,718.00 ","3,164,960,557",3.17 Billion,"$850,122.00 ",,0.4,-6.7,98.5,91.2,8718.0,850122.0,3164960557.0,False,Small,0.010254998694305052,False,False
2177,Xion Finance,XGT,0.01,0.00%,22.70%,82.80%,145.40%,"$2,006.00 ","140,824,750",1 Billion,"$848,404.00 ",0.01,0.0,22.7,82.8,145.4,2006.0,848404.0,140824750.0,False,Small,0.00236443958302884,False,False
2178,ZYX,ZYX,0.01,-,-,-,-, - ,"125,614,499",222 Million,"$1,019,352.00 ",0.01,,,,,,1019352.0,125614499.0,False,Small,,False,False
2179,Flourishing AI,AI,0.04,-0.40%,15.20%,263.00%,470.30%,"$22,508.00 ","23,700,337",55 Million,"$847,283.00 ",0.04,-0.4,15.2,263.0,470.3,22508.0,847283.0,23700337.0,False,Small,0.02656491396617187,False,False
2180,Heroes & Empires,HE, $-   ,-0.30%,1.90%,27.80%,43.30%,"$48,799.00 ","471,187,499",1 Billion,"$846,684.00 ",,-0.3,1.9,27.8,43.3,48799.0,846684.0,471187499.0,False,Small,0.05763543423520463,False,False
2181,Risitas,RISITA, $-   ,-0.10%,3.40%,44.30%,98.20%,$551.00 ,"27,414,805,606",42.1 Billion,"$845,614.00 ",,-0.1,3.4,44.3,98.2,551.0,845614.0,27414805606.0,False,Small,0.0006515975374106862,False,False
2182,Effect Network,EFX, $-   ,0.00%,-0.10%,9.50%,41.30%,$208.00 ,"206,668,526",650 Million,"$842,235.00 ",,0.0,-0.1,9.5,41.3,208.0,842235.0,206668526.0,False,Small,0.00024696195242420463,False,False
2183,NFT Art Finance,NFTART, $-   ,-0.80%,-7.10%,-14.00%,23.70%,"$1,190.00 ","24,930,005,585,016,500",100 Quadrillion,"$841,768.00 ",,-0.8,-7.1,-14.0,23.7,1190.0,841768.0,2.49300055850165e+16,False,Small,0.0014136911833189192,False,False
2184,Metaverse ETP,ETP,0.01,-0.20%,0.00%,-12.70%,-5.20%,"$26,099.00 ","84,354,485",100 Million,"$841,042.00 ",0.01,-0.2,0.0,-12.7,-5.2,26099.0,841042.0,84354485.0,False,Small,0.03103174395571208,False,False
2185,VNX EURO,VEUR,1.09,-0.50%,-1.00%,0.20%,2.60%,"$131,615.00 ","771,518",772 Thousand,"$839,460.00 ",1.09,-0.5,-1.0,0.2,2.6,131615.0,839460.0,771518.0,False,Small,0.15678531436876086,False,False
2186,Gameflip,FLP,0.01,46.10%,168.20%,57.90%,56.70%,"$6,894.00 ","56,400,000",100 Million,"$839,247.00 ",0.01,46.1,168.2,57.9,56.7,6894.0,839247.0,56400000.0,False,Small,0.008214506575537357,False,False
2187,NFTLaunch,NFTL,0.01,0.20%,-6.90%,-8.70%,73.00%,"$28,506.00 ","135,000,000",135 Million,"$839,039.00 ",0.01,0.2,-6.9,-8.7,73.0,28506.0,839039.0,135000000.0,False,Small,0.033974582826304854,False,False
2188,Nord Finance,NORD,0.13,-0.60%,-3.20%,25.10%,17.40%,"$203,752.00 ","6,686,249",9.1 Million,"$838,501.00 ",0.13,-0.6,-3.2,25.1,17.4,203752.0,838501.0,6686249.0,False,Small,0.24299553608165048,False,False
2189,NFTY,NFTY, $-   ,-0.40%,7.40%,15.80%,9.10%,"$103,709.00 ","556,620,633",510 Million,"$836,868.00 ",,-0.4,7.4,15.8,9.1,103709.0,836868.0,556620633.0,False,Small,0.12392515904539306,False,False
2190,Unbound Finance,UNB, $-   ,-1.00%,20.00%,11.00%,108.30%,"$178,950.00 ","974,000,000",10 Billion,"$836,834.00 ",,-1.0,20.0,11.0,108.3,178950.0,836834.0,974000000.0,False,Small,0.2138416938126319,False,False
2191,Bread,BRD,0.01,0.20%,0.90%,0.90%,-3.90%,$0.01 ,"85,775,321",88.9 Million,"$830,601.00 ",0.01,0.2,0.9,0.9,-3.9,0.01,830601.0,85775321.0,False,Small,1.2039475030730761e-08,False,False
2192,Coinzix Token,ZIX, $-   ,0.30%,-2.60%,4.40%,15.00%,"$469,841.00 ","4,490,836,949",6 Billion,"$828,358.00 ",,0.3,-2.6,4.4,15.0,469841.0,828358.0,4490836949.0,False,Small,0.567195584517805,True,False
2193,Voxel X Network,VXL, $-   ,0.30%,0.70%,5.10%,-5.20%,"$55,610.00 ","260,092,434",500 Million,"$826,069.00 ",,0.3,0.7,5.1,-5.2,55610.0,826069.0,260092434.0,False,Small,0.06731883171986844,False,False
2194,Archimedes Finance,ARCH,3.01,0.40%,1.40%,0.50%,9.90%,"$105,843.00 ","274,945",100 Million,"$825,643.00 ",3.01,0.4,1.4,0.5,9.9,105843.0,825643.0,274945.0,False,Small,0.1281946313358195,False,False
2195,ZilSwap,ZWAP,1.11,0.40%,-2.90%,-7.60%,28.20%,$291.00 ,"739,896",1 Million,"$824,244.00 ",1.11,0.4,-2.9,-7.6,28.2,291.0,824244.0,739896.0,False,Small,0.00035305079563818483,False,False
2196,Generaitiv,GAI,0.11,-0.10%,-3.30%,14.10%,-14.20%,"$5,229.00 ","7,520,963",10 Million,"$823,113.00 ",0.11,-0.1,-3.3,14.1,-14.2,5229.0,823113.0,7520963.0,False,Small,0.006352712203549209,False,False
2197,Sombra,SMBR,0.02,,-10.10%,-10.90%,10.40%,$509.00 ,"50,000,000",50 Million,"$821,351.00 ",0.02,,-10.1,-10.9,10.4,509.0,821351.0,50000000.0,False,Small,0.0006197106961579155,False,False
2198,Unique Network,UNQ, $-   ,-2.50%,2.00%,5.60%,-0.80%,"$51,814.00 ","222,209,294",1.04 Billion,"$820,909.00 ",,-2.5,2.0,5.6,-0.8,51814.0,820909.0,222209294.0,False,Small,0.06311783644715797,False,False
2199,Humaniq,HMQ, $-   ,31.60%,-0.40%,9.60%,19.50%,"$39,085.00 ","188,221,025",207 Million,"$819,297.00 ",,31.6,-0.4,9.6,19.5,39085.0,819297.0,188221025.0,False,Small,0.04770553291419351,False,False
2200,Zyberswap,ZYB,0.14,0.70%,24.40%,95.20%,173.40%,"$78,814.00 ","5,770,583",5.77 Million,"$818,778.00 ",0.14,0.7,24.4,95.2,173.4,78814.0,818778.0,5770583.0,False,Small,0.09625808216635034,False,False
2201,DPRating,RATING, $-   ,-0.20%,-6.20%,-5.30%,-9.10%,"$31,525.00 ","4,400,468,316",10 Billion,"$817,659.00 ",,-0.2,-6.2,-5.3,-9.1,31525.0,817659.0,4400468316.0,False,Small,0.03855519232345024,False,False
2202,Unit Protocol,DUCK, $-   ,-1.60%,-11.10%,-3.60%,116.50%,"$41,898.00 ","379,609,359",1.02 Billion,"$816,269.00 ",,-1.6,-11.1,-3.6,116.5,41898.0,816269.0,379609359.0,False,Small,0.051328667387834155,False,False
2203,VCGamers,VCG,0.01,0.60%,0.90%,3.00%,15.70%,"$17,589.00 ","99,998,911",100 Million,"$814,807.00 ",0.01,0.6,0.9,3.0,15.7,17589.0,814807.0,99998911.0,False,Small,0.021586707036144757,False,False
2204,Opium,OPIUM,0.05,0.20%,-9.80%,-10.60%,1.60%,"$293,534.00 ","16,403,622",100 Million,"$814,693.00 ",0.05,0.2,-9.8,-10.6,1.6,293534.0,814693.0,16403622.0,False,Small,0.36030013759784363,False,False
2205,Nabox,NABOX, $-   ,0.00%,-6.40%,-2.50%,17.60%,"$173,965.00 ","208,614,091,935",1 Trillion,"$812,853.00 ",,0.0,-6.4,-2.5,17.6,173965.0,812853.0,208614091935.0,False,Small,0.2140177867338867,False,False
2206,DeepFakeAI,FAKEAI, $-   ,-0.10%,-29.60%,-8.90%,30.80%,"$30,391.00 ","958,824,031",959 Million,"$812,149.00 ",,-0.1,-29.6,-8.9,30.8,30391.0,812149.0,958824031.0,False,Small,0.03742047333678918,False,False
2207,Mad Meerkat ETF,METF,1.28,0.40%,10.60%,30.30%,118.80%,"$6,308.00 ","635,547",1.77 Million,"$810,059.00 ",1.28,0.4,10.6,30.3,118.8,6308.0,810059.0,635547.0,False,Small,0.007787087113407789,False,False
2208,Kuma Inu,KUMA, $-   ,0.50%,-1.70%,-2.30%,3.00%,"$34,761.00 ","118,750,167,011,963",1 Quadrillion,"$810,406.00 ",,0.5,-1.7,-2.3,3.0,34761.0,810406.0,118750167011963.0,False,Small,0.04289331520250344,False,False
2209,PERI Finance,PERI,0.06,-1.00%,5.60%,12.50%,136.90%,"$40,318.00 ","13,101,342",18.6 Million,"$810,366.00 ",0.06,-1.0,5.6,12.5,136.9,40318.0,810366.0,13101342.0,False,Small,0.04975282773462855,False,False
2210,MORK,MORK,0.08,-,-,-,-, - ,"9,679,848",10 Million,"$803,704.00 ",0.08,,,,,,803704.0,9679848.0,False,Small,,False,False
2211,BANK (Ordinals),BANK,0.01,6.50%,10.10%,13.00%,176.70%,"$34,072.00 ","100,000,000",100 Million,"$809,675.00 ",0.01,6.5,10.1,13.0,176.7,34072.0,809675.0,100000000.0,False,Small,0.042081081915583414,False,False
2212,CREDITS,CS, $-   ,0.40%,1.10%,-21.40%,-18.90%,"$30,435.00 ","223,456,423",249 Million,"$807,955.00 ",,0.4,1.1,-21.4,-18.9,30435.0,807955.0,223456423.0,False,Small,0.03766917712001287,False,False
2213,FRAKT,FRKT,0.11,0.30%,3.80%,-22.30%,91.10%,"$2,532.00 ","7,621,149",50 Million,"$807,780.00 ",0.11,0.3,3.8,-22.3,91.1,2532.0,807780.0,7621149.0,False,Small,0.0031345168238876924,False,False
2214,The Rug Game,TRG, $-   ,-0.10%,-1.50%,-0.20%,40.60%,"$15,670.00 ","5,265,499,541,702",5.27 Trillion,"$806,708.00 ",,-0.1,-1.5,-0.2,40.6,15670.0,806708.0,5265499541702.0,False,Small,0.019424624523371528,False,False
2215,PulsePad,PLSPAD, $-   ,2.20%,-8.70%,-4.70%,77.60%,"$43,525.00 ","170,000,000",5 Billion,"$805,757.00 ",,2.2,-8.7,-4.7,77.6,43525.0,805757.0,170000000.0,False,Small,0.05401752637581802,False,False
2216,Allbridge,ABR,0.11,1.80%,2.20%,34.00%,31.60%,"$2,644.00 ","7,353,854",96.8 Million,"$801,561.00 ",0.11,1.8,2.2,34.0,31.6,2644.0,801561.0,7353854.0,False,Small,0.003298563677624036,False,False
2217,PIRB,PIRB,0.01,-0.10%,-13.00%,21.70%,29.60%,"$4,483.00 ","69,420,000",69.4 Million,"$801,330.00 ",0.01,-0.1,-13.0,21.7,29.6,4483.0,801330.0,69420000.0,False,Small,0.005594449228158187,False,False
2218,HanChain,HAN,0.05,0.10%,0.70%,-31.70%,-21.40%,"$143,181.00 ","14,866,633",1.5 Billion,"$800,624.00 ",0.05,0.1,0.7,-31.7,-21.4,143181.0,800624.0,14866633.0,False,Small,0.17883675732928317,False,False
2219,Primecoin,XPM,0.03,5.60%,-2.90%,3.10%,15.40%,$329.00 ,"25,381,219",-,"$799,676.00 ",0.03,5.6,-2.9,3.1,15.4,329.0,799676.0,25381219.0,False,Small,0.0004114166237326117,False,False
2220,TXA,TXA,0.12,0.10%,3.00%,-6.20%,24.00%,"$73,238.00 ","6,710,392",49.6 Million,"$799,206.00 ",0.12,0.1,3.0,-6.2,24.0,73238.0,799206.0,6710392.0,False,Small,0.09163845116277906,False,False
2221,Zenlink Network,ZLK,0.01,0.10%,2.90%,6.50%,30.70%,"$39,196.00 ","54,452,160",71.4 Million,"$793,338.00 ",0.01,0.1,2.9,6.5,30.7,39196.0,793338.0,54452160.0,False,Small,0.04940643206300467,False,False
2222,Port Finance,PORT,0.02,-0.80%,5.80%,16.30%,58.20%,"$204,029.00 ","35,621,899",100 Million,"$792,419.00 ",0.02,-0.8,5.8,16.3,58.2,204029.0,792419.0,35621899.0,False,Small,0.2574761584464784,False,False
2223,Savanna,SVN, $-   ,-0.80%,13.10%,19.20%,129.50%,"$63,322.00 ","189,197,880",189 Million,"$792,381.00 ",,-0.8,13.1,19.2,129.5,63322.0,792381.0,189197880.0,False,Small,0.07991357692827061,False,False
2224,BananaCat,BCAT, $-   ,-3.50%,-11.20%,69.20%,,"$128,625.00 ","944,521,933",945 Million,"$792,273.00 ",,-3.5,-11.2,69.2,,128625.0,792273.0,944521933.0,False,Small,0.1623493417041853,False,False
2225,$BSV,BSV,0.04,3.50%,7.00%,57.50%,304.90%,"$42,706.00 ","21,000,000",21 Million,"$789,216.00 ",0.04,3.5,7.0,57.5,304.9,42706.0,789216.0,21000000.0,False,Small,0.05411192880022706,False,False
2226,Unvest,UNV, $-   ,-,-,-,-, - ,"780,160,650",1 Billion,"$787,016.00 ",,,,,,,787016.0,780160650.0,False,Small,,False,False
2227,Savedroid,SVD, $-   ,-0.60%,-1.40%,-9.70%,89.30%,$810.00 ,"3,023,427,192",6.18 Billion,"$787,300.00 ",,-0.6,-1.4,-9.7,89.3,810.0,787300.0,3023427192.0,False,Small,0.0010288327194208052,False,False
2228,EarthFund,1EARTH, $-   ,1.40%,-3.70%,11.50%,42.90%,"$238,596.00 ","355,976,000",1 Billion,"$787,289.00 ",,1.4,-3.7,11.5,42.9,238596.0,787289.0,355976000.0,False,Small,0.3030602485237314,False,False
2229,Must,MUST,7.55,0.10%,0.20%,-5.10%,16.10%,"$2,212.00 ","104,373",1 Million,"$786,918.00 ",7.55,0.1,0.2,-5.1,16.1,2212.0,786918.0,104373.0,False,Small,0.0028109663268599777,False,False
2230,zkApes Token,ZAT, $-   ,0.50%,0.50%,-7.60%,-22.50%,"$17,722.00 ","38,926,356,238,081",68.8 Trillion,"$786,870.00 ",,0.5,0.5,-7.6,-22.5,17722.0,786870.0,38926356238081.0,False,Small,0.022522144699886892,False,False
2231,Yup,YUP,0.01,0.10%,1.40%,18.00%,32.90%,$151.00 ,"63,772,630",76.5 Million,"$783,547.00 ",0.01,0.1,1.4,18.0,32.9,151.0,783547.0,63772630.0,False,Small,0.000192713391793983,False,False
2232,Dash Diamond,DASHD, $-   ,0.30%,-12.30%,-8.00%,-28.10%,$628.00 ,"393,345,214",393 Million,"$783,597.00 ",,0.3,-12.3,-8.0,-28.1,628.0,783597.0,393345214.0,False,Small,0.0008014323689345416,False,False
2233,GeniuX,IUX,0.01,0.50%,0.10%,-15.90%,-3.90%,"$64,568.00 ","64,209,629",1 Billion,"$783,206.00 ",0.01,0.5,0.1,-15.9,-3.9,64568.0,783206.0,64209629.0,False,Small,0.08244063503088588,False,False
2234,SWAG Finance,SWAG,0.01,-,-,-,-, - ,"104,987,284",625 Million,"$804,793.00 ",0.01,,,,,,804793.0,104987284.0,False,Small,,False,False
2235,Kintsugi,KINT,0.40,0.50%,-1.70%,0.70%,31.80%,"$41,931.00 ","1,973,738",10 Million,"$781,925.00 ",0.4,0.5,-1.7,0.7,31.8,41931.0,781925.0,1973738.0,False,Small,0.05362534769958756,False,False
2236,Hummus,HUM,0.01,0.10%,-1.80%,-14.10%,25.20%,"$3,021.00 ","102,265,991",300 Million,"$781,350.00 ",0.01,0.1,-1.8,-14.1,25.2,3021.0,781350.0,102265991.0,False,Small,0.0038663851027068534,False,False
2237,LYNX,LYNX,0.32,0.00%,-10.50%,-25.30%,,"$161,438.00 ","2,465,941",5 Million,"$779,361.00 ",0.32,0.0,-10.5,-25.3,,161438.0,779361.0,2465941.0,False,Small,0.2071414915552613,False,False
2238,AlphaScan,ASCN,0.03,0.50%,0.60%,-36.10%,-40.90%,"$2,967.00 ","27,891,089",50 Million,"$778,247.00 ",0.03,0.5,0.6,-36.1,-40.9,2967.0,778247.0,27891089.0,False,Small,0.003812414310623748,False,False
2239,Memetic,MEME,0.02,0.40%,-26.30%,-44.60%,-33.30%,"$2,281.00 ","41,827,754",-,"$777,705.00 ",0.02,0.4,-26.3,-44.6,-33.3,2281.0,777705.0,41827754.0,False,Small,0.002932988729659704,False,False
2240,Afreum,AFR, $-   ,3.90%,3.80%,-0.20%,15.60%,"$29,684.00 ","5,649,984,784",8 Billion,"$778,671.00 ",,3.9,3.8,-0.2,15.6,29684.0,778671.0,5649984784.0,False,Small,0.03812136319446852,False,False
2241,CryptoBlades,SKILL,0.78,0.40%,-9.90%,-19.10%,60.00%,"$96,244.00 ","1,000,000",1 Million,"$777,261.00 ",0.78,0.4,-9.9,-19.1,60.0,96244.0,777261.0,1000000.0,False,Small,0.12382455828865722,False,False
2242,OpenDAO,SOS, $-   ,-0.10%,1.50%,-0.90%,-7.70%,"$413,497.00 ","39,895,439,517,783",100 Trillion,"$776,704.00 ",,-0.1,1.5,-0.9,-7.7,413497.0,776704.0,39895439517783.0,False,Small,0.532373980306526,True,False
2243,A51 Finance,A51,0.65,-0.10%,0.50%,-2.90%,-3.30%,$68.71 ,"1,190,326",4.39 Million,"$772,461.00 ",0.65,-0.1,0.5,-2.9,-3.3,68.71,772461.0,1190326.0,False,Small,8.894947447185035e-05,False,False
2244,Woonkly Power,WOOP, $-   ,0.20%,-10.50%,-18.00%,25.00%,"$124,571.00 ","230,799,050",409 Million,"$772,376.00 ",,0.2,-10.5,-18.0,25.0,124571.0,772376.0,230799050.0,False,Small,0.16128284669642765,False,False
2245,Teh Fund,FUND,0.02,1.00%,13.10%,16.10%,3.40%,"$9,767.00 ","50,000,000",50 Million,"$771,666.00 ",0.02,1.0,13.1,16.1,3.4,9767.0,771666.0,50000000.0,False,Small,0.012657030373244383,False,False
2246,Tidex,TDX,0.08,0.60%,168.10%,-9.10%,156.70%,"$128,735.00 ","10,000,000",100 Million,"$769,928.00 ",0.08,0.6,168.1,-9.1,156.7,128735.0,769928.0,10000000.0,False,Small,0.16720394634303468,False,False
2247,Equation,EQU,10.99,0.50%,2.10%,29.40%,,"$21,812.00 ","70,104",237 Thousand,"$769,509.00 ",10.99,0.5,2.1,29.4,,21812.0,769509.0,70104.0,False,Small,0.028345347487813657,False,False
2248,Xfinite Entertainment,XET, $-   ,0.20%,-7.70%,8.10%,9.90%,"$83,006.00 ","2,330,000,000",4 Billion,"$766,825.00 ",,0.2,-7.7,8.1,9.9,83006.0,766825.0,2330000000.0,False,Small,0.10824634042969387,False,False
2249,Decentral Games (Old),DG,19.39,0.00%,-13.00%,-21.30%,46.20%,"$1,305.00 ","39,468",1 Million,"$764,641.00 ",19.39,0.0,-13.0,-21.3,46.2,1305.0,764641.0,39468.0,False,Small,0.0017066832670495043,False,False
2250,TPRO,TPRO, $-   ,0.00%,4.70%,24.00%,68.10%,"$3,816.00 ","379,614,213",1.14 Billion,"$758,609.00 ",,0.0,4.7,24.0,68.1,3816.0,758609.0,379614213.0,False,Small,0.005030259329905129,False,False
2251,Ripio Credit Network,RCN, $-   ,-0.30%,3.40%,-15.20%,2.60%,$443.00 ,"530,848,856",1 Billion,"$755,893.00 ",,-0.3,3.4,-15.2,2.6,443.0,755893.0,530848856.0,False,Small,0.0005860617838768185,False,False
2252,Omni,OMNI,1.22,0.00%,0.00%,0.80%,10.00%,$177.00 ,"618,140",618 Thousand,"$753,452.00 ",1.22,0.0,0.0,0.8,10.0,177.0,753452.0,618140.0,False,Small,0.00023491874731237027,False,False
2253,HollyGold,HGOLD,0.06,-0.10%,0.30%,-4.50%,32.10%,"$2,010.00 ","11,694,797",1 Billion,"$753,357.00 ",0.06,-0.1,0.3,-4.5,32.1,2010.0,753357.0,11694797.0,False,Small,0.0026680577734062337,False,False
2254,e-Money,NGM,0.01,-0.60%,1.30%,9.80%,99.50%,"$7,274.00 ","76,712,212",136 Million,"$750,983.00 ",0.01,-0.6,1.3,9.8,99.5,7274.0,750983.0,76712212.0,False,Small,0.009685971586573864,False,False
2255,unFederalReserve,ERSDL, $-   ,-0.20%,-5.20%,23.60%,26.20%,"$3,130.00 ","377,027,906",454 Million,"$751,290.00 ",,-0.2,-5.2,23.6,26.2,3130.0,751290.0,377027906.0,False,Small,0.004166167525190006,False,False
2256,Arken Finance,$ARKEN, $-   ,0.30%,-0.10%,-5.40%,-9.80%,"$3,012.00 ","599,474,753",10 Billion,"$748,920.00 ",,0.3,-0.1,-5.4,-9.8,3012.0,748920.0,599474753.0,False,Small,0.004021791379586605,False,False
2257,ADAMANT Messenger,ADM,0.01,1.70%,6.50%,2.00%,11.40%,"$297,572.00 ","111,571,562",101 Million,"$742,411.00 ",0.01,1.7,6.5,2.0,11.4,297572.0,742411.0,111571562.0,False,Small,0.40081841459784406,False,False
2258,PRIMAL,PRIMAL, $-   ,0.10%,0.10%,-2.80%,9.20%,"$97,458.00 ","1,695,468,642",5 Billion,"$741,062.00 ",,0.1,0.1,-2.8,9.2,97458.0,741062.0,1695468642.0,False,Small,0.13151126356499188,False,False
2259,Coldstack,CLS,0.04,-0.10%,2.10%,0.90%,4.40%,"$86,974.00 ","18,076,011",49.8 Million,"$741,093.00 ",0.04,-0.1,2.1,0.9,4.4,86974.0,741093.0,18076011.0,False,Small,0.11735908988480528,False,False
2260,Football World Community,FWC, $-   ,-0.80%,-4.30%,-14.70%,-4.30%,"$256,632.00 ","41,659,684,806,345,300",200 Quadrillion,"$740,847.00 ",,-0.8,-4.3,-14.7,-4.3,256632.0,740847.0,4.16596848063453e+16,False,Small,0.34640350841671763,False,False
2261,Vabble,VAB, $-   ,0.00%,0.40%,-6.90%,9.80%,$924.00 ,"833,000,000",1.46 Billion,"$739,730.00 ",,0.0,0.4,-6.9,9.8,924.0,739730.0,833000000.0,False,Small,0.001249104402957836,False,False
2262,SpiceUSD,USDS,0.09,17.60%,14.70%,-4.80%,10.60%,$7.84 ,"8,309,089",19.4 Million,"$737,657.00 ",0.09,17.6,14.7,-4.8,10.6,7.84,737657.0,8309089.0,False,Small,1.0628245919173816e-05,False,False
2263,COINHUB,CHB, $-   ,-0.10%,1.40%,1.20%,-1.80%,"$480,290.00 ","913,085,224",10 Billion,"$737,364.00 ",,-0.1,1.4,1.2,-1.8,480290.0,737364.0,913085224.0,False,Small,0.6513607933123938,True,False
2264,SCI Coin,SCI+, $-   ,-,-,-,-, - ,"9,984,783,934",10 Billion,"$725,643.00 ",,,,,,,725643.0,9984783934.0,False,Small,,False,False
2265,Reality Metaverse,MRV,0.01,-0.40%,-0.70%,46.90%,-66.30%,"$1,029.00 ","117,092,598",1 Billion,"$733,239.00 ",0.01,-0.4,-0.7,46.9,-66.3,1029.0,733239.0,117092598.0,False,Small,0.0014033623416103071,False,False
2266,DecentraWeb,DWEB,0.05,0.60%,11.50%,-3.20%,-0.90%,$780.00 ,"13,383,865",100 Million,"$733,261.00 ",0.05,0.6,11.5,-3.2,-0.9,780.0,733261.0,13383865.0,False,Small,0.0010637412872087839,False,False
2267,Leverj Gluon,L2, $-   ,,2.50%,22.40%,40.60%,$14.80 ,"238,912,395",219 Million,"$731,365.00 ",,,2.5,22.4,40.6,14.8,731365.0,238912395.0,False,Small,2.023613380459825e-05,False,False
2268,Global Digital Cluster Coin,GDCC,0.83,2.00%,-0.50%,5.10%,-38.70%,"$253,657.00 ","878,976",1.9 Million,"$730,583.00 ",0.83,2.0,-0.5,5.1,-38.7,253657.0,730583.0,878976.0,False,Small,0.34719805963182826,False,False
2269,Dimecoin,DIME, $-   ,1.60%,-0.70%,27.60%,21.60%,$172.00 ,"570,628,079,376",539 Billion,"$729,375.00 ",,1.6,-0.7,27.6,21.6,172.0,729375.0,570628079376.0,False,Small,0.00023581833761782348,False,False
2270,Citadel.one,XCT,0.01,0.00%,-2.40%,-15.10%,98.90%,$10.43 ,"122,248,337",970 Million,"$729,338.00 ",0.01,0.0,-2.4,-15.1,98.9,10.43,729338.0,122248337.0,False,Small,1.4300639758246518e-05,False,False
2271,ElonDoge.io,EDOGE, $-   ,-0.10%,-9.60%,-7.60%,0.40%,$92.48 ,"551,150,261,254,889",1 Quadrillion,"$725,545.00 ",,-0.1,-9.6,-7.6,0.4,92.48,725545.0,551150261254889.0,False,Small,0.0001274628038233328,False,False
2272,Odyssey,OCN, $-   ,-0.50%,-15.40%,-7.20%,117.00%,"$67,793.00 ","10,000,000,000",10 Billion,"$723,063.00 ",,-0.5,-15.4,-7.2,117.0,67793.0,723063.0,10000000000.0,False,Small,0.09375808193753518,False,False
2273,Iustitia Coin,IUS, $-   ,0.60%,-15.30%,33.20%,229.00%,"$638,120.00 ","92,233,720,368",92.2 Billion,"$719,613.00 ",,0.6,-15.3,33.2,229.0,638120.0,719613.0,92233720368.0,False,Small,0.8867544082722241,True,False
2274,UpBots,UBXN, $-   ,,0.30%,-23.60%,-13.60%,$103.00 ,"427,285,561",494 Million,"$717,175.00 ",,,0.3,-23.6,-13.6,103.0,717175.0,427285561.0,False,Small,0.0001436190608986649,False,False
2275,Chronicle,XNL,0.01,-3.80%,-5.80%,11.50%,118.50%,"$49,869.00 ","48,040,458",100 Million,"$716,532.00 ",0.01,-3.8,-5.8,11.5,118.5,49869.0,716532.0,48040458.0,False,Small,0.06959772906164693,False,False
2276,KOK,KOK,0.01,2.30%,-13.50%,-13.90%,3.40%,"$711,941.00 ","107,333,422",5 Billion,"$715,920.00 ",0.01,2.3,-13.5,-13.9,3.4,711941.0,715920.0,107333422.0,False,Small,0.9944421164375908,True,False
2277,Morphex,MPX,0.04,-0.20%,-7.00%,-12.10%,62.90%,"$7,930.00 ","18,909,265",48.4 Million,"$713,555.00 ",0.04,-0.2,-7.0,-12.1,62.9,7930.0,713555.0,18909265.0,False,Small,0.011113368976462921,False,False
2278,Uniform Fiscal Object,UFO, $-   ,-0.90%,-2.50%,-0.10%,41.80%,$41.71 ,"3,951,690,768",4 Billion,"$712,738.00 ",,-0.9,-2.5,-0.1,41.8,41.71,712738.0,3951690768.0,False,Small,5.8520802875671005e-05,False,False
2279,Wizarre Scroll,SCRL, $-   ,0.10%,-4.00%,60.40%,90.10%,"$50,817.00 ","4,516,482,348",9.95 Billion,"$712,630.00 ",,0.1,-4.0,60.4,90.1,50817.0,712630.0,4516482348.0,False,Small,0.07130909448100697,False,False
2280,Tarot V1,TAROT,0.01,-9.10%,-17.20%,-37.10%,-57.30%,"$2,025.00 ","57,886,045",100 Million,"$712,285.00 ",0.01,-9.1,-17.2,-37.1,-57.3,2025.0,712285.0,57886045.0,False,Small,0.0028429631397544524,False,False
2281,Bankless BED Index,BED,72.70,,3.20%,4.90%,19.90%,"$4,111.00 ","9,763",9.76 Thousand,"$709,759.00 ",72.7,,3.2,4.9,19.9,4111.0,709759.0,9763.0,False,Small,0.005792106898257014,False,False
2282,Baby Shiba Inu,BABYSHIB, $-   ,-2.80%,-9.00%,-21.40%,-54.60%,"$189,085.00 ","394,944,473",420 Million,"$706,151.00 ",,-2.8,-9.0,-21.4,-54.6,189085.0,706151.0,394944473.0,False,Small,0.2677685084351647,False,False
2283,Baanx,BXX,0.02,-14.10%,2.80%,37.10%,95.90%,"$136,329.00 ","36,111,671",250 Million,"$705,340.00 ",0.02,-14.1,2.8,37.1,95.9,136329.0,705340.0,36111671.0,False,Small,0.19328125443048744,False,False
2284,Tune.Fm,JAM, $-   ,-0.40%,-2.40%,-1.00%,19.40%,"$218,266.00 ","2,830,265,261",3 Billion,"$702,799.00 ",,-0.4,-2.4,-1.0,19.4,218266.0,702799.0,2830265261.0,False,Small,0.31056674810294266,False,False
2285,Flare Token,1FLR, $-   ,0.50%,-0.60%,-8.20%,20.60%,$681.00 ,"4,000,000,000",4 Billion,"$701,268.00 ",,0.5,-0.6,-8.2,20.6,681.0,701268.0,4000000000.0,False,Small,0.0009710980680709799,False,False
2286,bloXmove,BLXM,0.04,-0.30%,4.30%,3.50%,-8.40%,"$10,677.00 ","16,883,880",50 Million,"$697,746.00 ",0.04,-0.3,4.3,3.5,-8.4,10677.0,697746.0,16883880.0,False,Small,0.01530213000146185,False,False
2287,Zap,ZAP, $-   ,-2.30%,-12.70%,-20.00%,-9.70%,$692.00 ,"460,000,000",520 Million,"$697,418.00 ",,-2.3,-12.7,-20.0,-9.7,692.0,697418.0,460000000.0,False,Small,0.0009922313447602441,False,False
2288,DAOhaus,HAUS,0.70,0.50%,0.90%,-6.50%,-1.60%,$47.35 ,"1,000,000",1 Million,"$696,631.00 ",0.7,0.5,0.9,-6.5,-1.6,47.35,696631.0,1000000.0,False,Small,6.796998698019469e-05,False,False
2289,DogemonGo,DOGO, $-   ,-,-,-,-, - ,"104,930,000,000",138 Billion,"$676,060.00 ",,,,,,,676060.0,104930000000.0,False,Small,,False,False
2290,NEXT,NEXT,0.06,-,-,-,-, - ,"16,110,438",18.2 Million,"$943,151.00 ",0.06,,,,,,943151.0,16110438.0,False,Small,,False,False
2291,Zclassic,ZCL,0.07,0.00%,-1.90%,-2.50%,28.50%,"$14,021.00 ","9,287,024",11.5 Million,"$687,883.00 ",0.07,0.0,-1.9,-2.5,28.5,14021.0,687883.0,9287024.0,False,Small,0.020382826730708566,False,False
2292,Phoenixcoin,PXC,0.01,0.20%,21.80%,-21.90%,18.40%,$15.29 ,"89,670,931",98 Million,"$686,517.00 ",0.01,0.2,21.8,-21.9,18.4,15.29,686517.0,89670931.0,False,Small,2.2271844688478215e-05,False,False
2293,DeepOnion,ONION,0.03,0.30%,15.40%,35.40%,-45.40%,$2.64 ,"22,680,365",-,"$686,291.00 ",0.03,0.3,15.4,35.4,-45.4,2.64,686291.0,22680365.0,False,Small,3.846764710596526e-06,False,False
2294,GemLink,GLINK,0.01,-1.40%,4.40%,12.70%,34.40%,$994.00 ,"79,555,450",160 Million,"$685,949.00 ",0.01,-1.4,4.4,12.7,34.4,994.0,685949.0,79555450.0,False,Small,0.0014490873228184603,False,False
2295,Ferma,FERMA,0.06,-1.10%,-5.60%,-6.40%,17.20%,"$77,790.00 ","11,000,000",11 Million,"$685,027.00 ",0.06,-1.1,-5.6,-6.4,17.2,77790.0,685027.0,11000000.0,False,Small,0.11355756780389678,False,False
2296,Savvy,SVY,0.27,0.50%,1.10%,1.20%,-0.80%,"$9,708.00 ","2,580,914",10 Million,"$684,507.00 ",0.27,0.5,1.1,1.2,-0.8,9708.0,684507.0,2580914.0,False,Small,0.014182470011263581,False,False
2297,Thorus,THO,0.11,-,-,-,-, - ,"11,281,948",34.7 Million,"$1,235,390.00 ",0.11,,,,,,1235390.0,11281948.0,False,Small,,False,False
2298,Quick Intel,QUICKI, $-   ,0.50%,0.40%,-3.80%,-12.40%,$997.00 ,"748,000,000,000",748 Billion,"$683,416.00 ",,0.5,0.4,-3.8,-12.4,997.0,683416.0,748000000000.0,False,Small,0.001458847905229026,False,False
2299,Draken,DRK, $-   ,0.00%,0.00%,-0.10%,-0.10%,$277.00 ,"977,465,921",977 Million,"$683,348.00 ",,0.0,0.0,-0.1,-0.1,277.0,683348.0,977465921.0,False,Small,0.00040535715330988016,False,False
2300,Coin of the champions,COC, $-   ,-0.10%,-7.00%,-1.30%,-22.80%,$88.46 ,"148,725,889,766,907",993 Trillion,"$682,981.00 ",,-0.1,-7.0,-1.3,-22.8,88.46,682981.0,148725889766907.0,False,Small,0.0001295204405393415,False,False
2301,Linkeye,LET, $-   ,0.30%,-1.20%,1.10%,4.50%,"$287,839.00 ","624,044,958",1 Billion,"$682,761.00 ",,0.3,-1.2,1.1,4.5,287839.0,682761.0,624044958.0,False,Small,0.42158090459179715,False,False
2302,Lotty,LOTTY, $-   ,0.20%,6.10%,1.40%,2.70%,"$40,492.00 ","686,609,735,014",1 Trillion,"$681,927.00 ",,0.2,6.1,1.4,2.7,40492.0,681927.0,686609735014.0,False,Small,0.0593787898118127,False,False
2303,Tokoin,TOKO, $-   ,8.40%,31.20%,56.60%,96.80%,"$531,971.00 ","581,974,972",2 Billion,"$679,683.00 ",,8.4,31.2,56.6,96.8,531971.0,679683.0,581974972.0,False,Small,0.7826751588608218,True,False
2304,DxSale Network,SALE,0.08,,1.40%,-0.30%,16.20%,"$1,463.00 ","8,215,297",89.7 Million,"$680,591.00 ",0.08,,1.4,-0.3,16.2,1463.0,680591.0,8215297.0,False,Small,0.002149602330915337,False,False
2305,Oiler,OIL,0.02,-,-,-,-, - ,"30,290,040",100 Million,"$660,202.00 ",0.02,,,,,,660202.0,30290040.0,False,Small,,False,False
2306,Ethereans,OS,0.83,-0.10%,3.20%,24.80%,72.70%,$566.00 ,"821,523",1 Million,"$678,222.00 ",0.83,-0.1,3.2,24.8,72.7,566.0,678222.0,821523.0,False,Small,0.0008345350047624524,False,False
2307,Atlas USV,USV,6.41,0.20%,1.30%,-3.70%,-26.80%,$46.09 ,"105,483",284 Thousand,"$674,848.00 ",6.41,0.2,1.3,-3.7,-26.8,46.09,674848.0,105483.0,False,Small,6.829686092275595e-05,False,False
2308,PlotX,PLOT,0.01,2.30%,-1.20%,-5.00%,9.10%,"$96,633.00 ","104,422,139",200 Million,"$674,364.00 ",0.01,2.3,-1.2,-5.0,9.1,96633.0,674364.0,104422139.0,False,Small,0.1432950157481716,False,False
2309,Equilibre,VARA,0.03,1.70%,27.70%,483.80%,711.60%,"$3,927.00 ","21,376,890",53.4 Million,"$674,110.00 ",0.03,1.7,27.7,483.8,711.6,3927.0,674110.0,21376890.0,False,Small,0.005825458753022504,False,False
2310,Wanaka Farm,WANA, $-   ,0.20%,-2.30%,-0.70%,-1.40%,$270.00 ,"153,520,265",500 Million,"$671,441.00 ",,0.2,-2.3,-0.7,-1.4,270.0,671441.0,153520265.0,False,Small,0.00040212021607259613,False,False
2311,Superpower Squad,SQUAD, $-   ,1.40%,2.30%,-13.10%,-11.90%,"$520,621.00 ","316,403,935",1 Billion,"$670,920.00 ",,1.4,2.3,-13.1,-11.9,520621.0,670920.0,316403935.0,False,Small,0.7759807428605497,True,False
2312,Integritee,TEER,0.51,3.00%,15.60%,54.40%,206.20%,"$105,776.00 ","1,300,000",10 Million,"$670,122.00 ",0.51,3.0,15.6,54.4,206.2,105776.0,670122.0,1300000.0,False,Small,0.15784588477918945,False,False
2313,Nemesis Downfall,ND, $-   ,-5.10%,-17.30%,-85.90%,42.20%,"$162,089.00 ","5,891,185,371",20 Billion,"$669,931.00 ",,-5.1,-17.3,-85.9,42.2,162089.0,669931.0,5891185371.0,False,Small,0.24194879771200317,False,False
2314,Integral,ITGR,0.01,-0.10%,8.10%,-4.90%,37.30%,"$304,775.00 ","80,790,341",299 Million,"$669,375.00 ",0.01,-0.1,8.1,-4.9,37.3,304775.0,669375.0,80790341.0,False,Small,0.45531279178338,False,False
2315,The Three Kingdoms,TTK, $-   ,0.00%,4.90%,3.50%,-2.00%,"$25,672.00 ","798,207,733",1 Billion,"$668,767.00 ",,0.0,4.9,3.5,-2.0,25672.0,668767.0,798207733.0,False,Small,0.038387061562547196,False,False
2316,Bob's Repair,BOB, $-   ,-0.10%,4.70%,45.50%,64.10%,$90.58 ,"265,222,314",360 Million,"$666,624.00 ",,-0.1,4.7,45.5,64.1,90.58,666624.0,265222314.0,False,Small,0.00013587869623655913,False,False
2317,Primate,PRIMATE, $-   ,1.80%,9.00%,-3.00%,37.90%,$754.00 ,"187,504,907",2.06 Billion,"$664,957.00 ",,1.8,9.0,-3.0,37.9,754.0,664957.0,187504907.0,False,Small,0.001133907906827058,False,False
2318,Auroracoin,AUR,0.03,0.20%,-1.40%,6.80%,23.50%,$56.96 ,"19,769,331",21 Million,"$663,071.00 ",0.03,0.2,-1.4,6.8,23.5,56.96,663071.0,19769331.0,False,Small,8.590331955401458e-05,False,False
2319,Polar Sync,POLAR, $-   ,-,-,-,-, - ,"197,187,749",1 Billion,"$648,830.00 ",,,,,,,648830.0,197187749.0,False,Small,,False,False
2320,BitCore,BTX,0.03,0.30%,-1.50%,0.90%,6.40%,$12.70 ,"19,406,329",21 Million,"$659,386.00 ",0.03,0.3,-1.5,0.9,6.4,12.7,659386.0,19406329.0,False,Small,1.926034219713491e-05,False,False
2321,RSSC,RSSC,0.04,-,-,-,-, - ,"21,000,000",21 Million,"$918,715.00 ",0.04,,,,,,918715.0,21000000.0,False,Small,,False,False
2322,Ryo Currency,RYO,0.01,10.30%,-1.10%,-3.50%,-32.20%,$505.00 ,"49,121,482",88.2 Million,"$658,927.00 ",0.01,10.3,-1.1,-3.5,-32.2,505.0,658927.0,49121482.0,False,Small,0.0007663974916796549,False,False
2323,Polker,PKR, $-   ,0.00%,4.30%,-2.10%,116.80%,"$121,755.00 ","387,693,142",1 Billion,"$658,282.00 ",,0.0,4.3,-2.1,116.8,121755.0,658282.0,387693142.0,False,Small,0.18495872589558882,False,False
2324,Parallax,PLX,0.17,-0.50%,0.80%,-21.00%,293.50%,"$5,987.00 ","3,949,838",14.1 Million,"$657,809.00 ",0.17,-0.5,0.8,-21.0,293.5,5987.0,657809.0,3949838.0,False,Small,0.009101426097849072,False,False
2325,B.Protocol,BPRO,0.14,-,-,-,-, - ,"4,722,737",4.72 Million,"$644,836.00 ",0.14,,,,,,644836.0,4722737.0,False,Small,,False,False
2326,Pussy Financial,PUSSY, $-   ,-,-,-,-, - ,"218,398,529,553",420 Billion,"$638,965.00 ",,,,,,,638965.0,218398529553.0,False,Small,,False,False
2327,Roush Fenway Racing Fan Token,ROUSH,0.69,1.30%,1.90%,-7.20%,-1.60%,"$12,756.00 ","965,659",5 Million,"$654,996.00 ",0.69,1.3,1.9,-7.2,-1.6,12756.0,654996.0,965659.0,False,Small,0.019474928091163916,False,False
2328,Arcona,ARCONA,0.04,0.10%,3.60%,2.90%,21.80%,"$42,760.00 ","15,181,707",15.2 Million,"$653,948.00 ",0.04,0.1,3.6,2.9,21.8,42760.0,653948.0,15181707.0,False,Small,0.0653874620000367,False,False
2329,Atlas Navi,NAVI,0.03,-1.80%,-10.50%,8.40%,81.80%,"$64,009.00 ","23,824,249",300 Million,"$653,778.00 ",0.03,-1.8,-10.5,8.4,81.8,64009.0,653778.0,23824249.0,False,Small,0.09790632294142661,False,False
2330,BlockchainSpace,GUILD, $-   ,-0.30%,-2.10%,8.00%,20.90%,"$249,024.00 ","207,843,230",1 Billion,"$653,121.00 ",,-0.3,-2.1,8.0,20.9,249024.0,653121.0,207843230.0,False,Small,0.38128310068119076,False,False
2331,SmartCash,SMART, $-   ,-6.10%,-3.90%,22.40%,11.70%,$52.83 ,"2,953,892,297",5 Billion,"$652,711.00 ",,-6.1,-3.9,22.4,11.7,52.83,652711.0,2953892297.0,False,Small,8.093934375244173e-05,False,False
2332,Edgeless,EDG,0.01,-,-,-,-, - ,"115,146,962",132 Million,"$642,280.00 ",0.01,,,,,,642280.0,115146962.0,False,Small,,False,False
2333,Filecoin Standard Full Hashrate,SFIL,0.32,-0.30%,-1.10%,-7.20%,2.70%,"$23,583.00 ","2,000,000",2.5 Million,"$649,139.00 ",0.32,-0.3,-1.1,-7.2,2.7,23583.0,649139.0,2000000.0,False,Small,0.0363296612898008,False,False
2334,Stohn Coin,SOH,0.04,-6.50%,-5.30%,708.50%,664.10%,"$135,569.00 ","15,443,515",15.4 Million,"$647,793.00 ",0.04,-6.5,-5.3,708.5,664.1,135569.0,647793.0,15443515.0,False,Small,0.20927827253459053,False,False
2335,Inter Stable Token,IST,1.00,0.50%,-0.30%,-0.40%,-0.10%,"$233,806.00 ","649,118",649 Thousand,"$647,171.00 ",1.0,0.5,-0.3,-0.4,-0.1,233806.0,647171.0,649118.0,False,Small,0.36127391369514394,False,False
2336,Aldrin,RIN,0.05,0.00%,-4.90%,-12.40%,-3.50%,"$26,259.00 ","12,363,871",50 Million,"$645,235.00 ",0.05,0.0,-4.9,-12.4,-3.5,26259.0,645235.0,12363871.0,False,Small,0.04069680039055538,False,False
2337,Professional Fighters League Fan Token,PFL,0.62,0.10%,-2.50%,17.30%,-1.00%,"$12,196.00 ","1,036,181",5 Million,"$645,233.00 ",0.62,0.1,-2.5,17.3,-1.0,12196.0,645233.0,1036181.0,False,Small,0.018901699076147686,False,False
2338,Blockchain Monster Hunt,BCMC, $-   ,-0.10%,-12.40%,-27.80%,-12.60%,"$31,010.00 ","236,144,679",1 Billion,"$644,262.00 ",,-0.1,-12.4,-27.8,-12.6,31010.0,644262.0,236144679.0,False,Small,0.0481325920200167,False,False
2339,Freeway,FWT, $-   ,-1.10%,-8.40%,-19.20%,-37.40%,"$16,828.00 ","6,775,222,000",10 Billion,"$643,644.00 ",,-1.1,-8.4,-19.2,-37.4,16828.0,643644.0,6775222000.0,False,Small,0.026144887546531933,False,False
2340,ExchangeCoin,EXCC,0.02,0.10%,-3.70%,-21.40%,-50.10%,"$217,201.00 ","29,460,789",32 Million,"$642,656.00 ",0.02,0.1,-3.7,-21.4,-50.1,217201.0,642656.0,29460789.0,False,Small,0.3379739705223323,False,False
2341,BlackCoin,BLK,0.01,1.10%,-38.60%,-59.40%,-56.10%,"$6,916.00 ","62,441,613",100 Million,"$642,049.00 ",0.01,1.1,-38.6,-59.4,-56.1,6916.0,642049.0,62441613.0,False,Small,0.010771763525836813,False,False
2342,Kryptonite,SEILOR, $-   ,-0.30%,-4.60%,-10.40%,6.40%,"$29,493.00 ","193,000,000",263 Million,"$636,635.00 ",,-0.3,-4.6,-10.4,6.4,29493.0,636635.0,193000000.0,False,Small,0.0463263879617049,False,False
2343,Definder Network,DNT,0.12,-0.30%,-1.60%,1.10%,6.40%,$24.91 ,"5,100,896",21.5 Million,"$635,078.00 ",0.12,-0.3,-1.6,1.1,6.4,24.91,635078.0,5100896.0,False,Small,3.922352844847405e-05,False,False
2344,Endpoint Cex Fan Token,ENDCEX,0.25,-0.50%,-0.50%,-6.10%,17.20%,"$7,765.00 ","2,512,801",5 Million,"$632,964.00 ",0.25,-0.5,-0.5,-6.1,17.2,7765.0,632964.0,2512801.0,False,Small,0.012267680310412598,False,False
2345,Ceres,CERES,22.13,-8.80%,-10.30%,-6.70%,53.30%,"$3,096.00 ","23,549",23.5 Thousand,"$627,760.00 ",22.13,-8.8,-10.3,-6.7,53.3,3096.0,627760.0,23549.0,False,Small,0.004931821078119026,False,False
2346,Denarius,D,0.07,0.40%,-1.70%,2.70%,22.10%,$1.09 ,"8,660,604",10 Million,"$627,058.00 ",0.07,0.4,-1.7,2.7,22.1,1.09,627058.0,8660604.0,False,Small,1.73827620411509e-06,False,False
2347,LOCG,$LOCG, $-   ,-0.50%,-5.60%,-20.00%,-36.10%,"$75,426.00 ","136,665,500",150 Million,"$625,543.00 ",,-0.5,-5.6,-20.0,-36.1,75426.0,625543.0,136665500.0,False,Small,0.12057684283894153,False,False
2348,Youwho,YOU, $-   ,-0.10%,0.00%,0.20%,0.00%,"$5,660.00 ","488,058,909",7.25 Billion,"$621,718.00 ",,-0.1,0.0,0.2,0.0,5660.0,621718.0,488058909.0,False,Small,0.009103805905571336,False,False
2349,IQeon,IQN,0.11,-,-,-,-, - ,"5,491,860",5.49 Million,"$622,048.00 ",0.11,,,,,,622048.0,5491860.0,False,Small,,False,False
2350,Rainmaker Games,RAIN, $-   ,-0.80%,26.60%,62.20%,72.30%,"$2,063,171.00 ","444,474,339",1 Billion,"$623,126.00 ",,-0.8,26.6,62.2,72.3,2063171.0,623126.0,444474339.0,False,Small,3.3110013063168604,True,False
2351,Essentia,ESS, $-   ,0.70%,-1.20%,-16.50%,-11.40%,"$39,477.00 ","1,080,572,458",1.76 Billion,"$622,779.00 ",,0.7,-1.2,-16.5,-11.4,39477.0,622779.0,1080572458.0,False,Small,0.06338845722158262,False,False
2352,Pickle Finance,PICKLE,0.45,-0.10%,-2.50%,-5.50%,-50.40%,"$27,556.00 ","1,359,228",3.24 Million,"$618,744.00 ",0.45,-0.1,-2.5,-5.5,-50.4,27556.0,618744.0,1359228.0,False,Small,0.04453538135319292,False,False
2353,Kylacoin,KCN,144.40,-0.30%,3.20%,31.30%,39.50%,"$13,450.00 ","4,218",4.22 Thousand,"$618,736.00 ",144.4,-0.3,3.2,31.3,39.5,13450.0,618736.0,4218.0,False,Small,0.021737865584029376,False,False
2354,Flooring Protocol μMilady,ΜMIL, $-   ,-0.10%,-4.00%,-15.50%,,"$56,284.00 ","155,000,000",155 Million,"$618,213.00 ",,-0.1,-4.0,-15.5,,56284.0,618213.0,155000000.0,False,Small,0.09104305474003296,False,False
2355,Funex,FUNEX,0.07,0.10%,-0.30%,-3.20%,0.20%,"$18,985.00 ","9,158,696",150 Million,"$615,598.00 ",0.07,0.1,-0.3,-3.2,0.2,18985.0,615598.0,9158696.0,False,Small,0.030839931253837733,False,False
2356,Phuture,PHTR,0.02,0.50%,4.30%,4.50%,133.60%,"$27,047.00 ","31,057,388",100 Million,"$614,646.00 ",0.02,0.5,4.3,4.5,133.6,27047.0,614646.0,31057388.0,False,Small,0.0440041910302841,False,False
2357,MetaGameHub DAO,MGH, $-   ,0.20%,-3.90%,-0.60%,42.50%,"$1,785.00 ","306,034,093",500 Million,"$614,037.00 ",,0.2,-3.9,-0.6,42.5,1785.0,614037.0,306034093.0,False,Small,0.002906990946799623,False,False
2358,XMax,XMX, $-   ,4.40%,7.20%,0.80%,-7.10%,"$29,387.00 ","27,000,000,000",30 Billion,"$613,497.00 ",,4.4,7.2,0.8,-7.1,29387.0,613497.0,27000000000.0,False,Small,0.04790080473091148,False,False
2359,Raft,RAFT, $-   ,9.30%,-22.00%,-14.50%,-62.60%,"$381,718.00 ","288,400,000",2.5 Billion,"$612,973.00 ",,9.3,-22.0,-14.5,-62.6,381718.0,612973.0,288400000.0,False,Small,0.6227321594915274,True,False
2360,Dypius,DYP,0.02,-2.60%,-3.80%,,,"$118,035.00 ","31,824,595",230 Million,"$612,712.00 ",0.02,-2.6,-3.8,,,118035.0,612712.0,31824595.0,False,Small,0.19264352583269137,False,False
2361,88mph,MPH,0.48,0.20%,5.00%,-5.30%,-16.70%,"$29,575.00 ","1,277,065",1.58 Million,"$611,662.00 ",0.48,0.2,5.0,-5.3,-16.7,29575.0,611662.0,1277065.0,False,Small,0.048351867534684186,False,False
2362,Oggy Inu,OGGY, $-   ,-1.60%,-4.10%,-8.30%,-50.30%,"$37,054.00 ","114,251,647,615,810,000",114 Quadrillion,"$609,097.00 ",,-1.6,-4.1,-8.3,-50.3,37054.0,609097.0,1.1425164761581e+17,False,Small,0.06083431702996403,False,False
2363,Kripto,KRIPTO, $-   ,0.10%,10.90%,13.00%,-5.70%,"$315,594.00 ","5,091,487,856",5.09 Billion,"$608,389.00 ",,0.1,10.9,13.0,-5.7,315594.0,608389.0,5091487856.0,False,Small,0.5187371895284103,True,False
2364,$DOG (Ordinals),$DOG, $-   ,-,-,-,-, - ,"100,000,000,000,000",100 Trillion,"$838,510.00 ",,,,,,,838510.0,100000000000000.0,False,Small,,False,False
2365,WeGro,WEGRO, $-   ,-,-,-,-, - ,"1,471,884,687",4.62 Billion,"$751,790.00 ",,,,,,,751790.0,1471884687.0,False,Small,,False,False
2366,bAlpha,BALPHA,30.48,-7.30%,88.80%,68.40%,154.50%,"$24,226.00 ","18,000",18 Thousand,"$603,013.00 ",30.48,-7.3,88.8,68.4,154.5,24226.0,603013.0,18000.0,False,Small,0.040174921602021844,False,False
2367,Nebulas,NAS,0.01,-0.40%,8.00%,11.10%,30.60%,"$35,608.00 ","45,500,000",100 Million,"$600,946.00 ",0.01,-0.4,8.0,11.1,30.6,35608.0,600946.0,45500000.0,False,Small,0.05925324405187821,False,False
2368,Envision,VIS,0.01,0.10%,0.10%,-4.70%,-24.80%,"$1,153.00 ","43,236,078",199 Million,"$600,063.00 ",0.01,0.1,0.1,-4.7,-24.8,1153.0,600063.0,43236078.0,False,Small,0.0019214649128508174,False,False
2369,Coin98 Dollar,CUSD,0.99,0.80%,0.90%,2.20%,-3.20%,$20.35 ,"603,670",604 Thousand,"$598,139.00 ",0.99,0.8,0.9,2.2,-3.2,20.35,598139.0,603670.0,False,Small,3.402219216603499e-05,False,False
2370,Alanyaspor Fan Token,ALA,0.61,0.20%,-1.10%,-5.00%,-5.50%,"$38,370.00 ","972,272",3 Million,"$594,626.00 ",0.61,0.2,-1.1,-5.0,-5.5,38370.0,594626.0,972272.0,False,Small,0.06452795538708364,False,False
2371,IXO,IXO,0.01,-0.60%,1.70%,-1.50%,36.70%,$509.00 ,"86,640,000",126 Million,"$593,457.00 ",0.01,-0.6,1.7,-1.5,36.7,509.0,593457.0,86640000.0,False,Small,0.0008576864035642009,False,False
2372,Mare Finance,MARE,0.01,0.60%,-2.20%,-32.60%,9.20%,"$1,838.00 ","51,342,241",100 Million,"$592,190.00 ",0.01,0.6,-2.2,-32.6,9.2,1838.0,592190.0,51342241.0,False,Small,0.00310373359901383,False,False
2373,Dohrnii,DHN,0.01,-0.40%,-26.50%,143.10%,245.60%,"$5,156.00 ","53,532,209",332 Million,"$592,240.00 ",0.01,-0.4,-26.5,143.1,245.6,5156.0,592240.0,53532209.0,False,Small,0.008705930028366879,False,False
2374,Tracer DAO,TCR, $-   ,-,-,-,-, - ,"704,234,967",1 Billion,"$579,181.00 ",,,,,,,579181.0,704234967.0,False,Small,,False,False
2375,Tranche Finance,SLICE,0.03,0.60%,0.60%,-1.70%,10.50%,"$37,852.00 ","17,419,343",20 Million,"$590,321.00 ",0.03,0.6,0.6,-1.7,10.5,37852.0,590321.0,17419343.0,False,Small,0.06412104600717237,False,False
2376,Grumpy,GRUM, $-   ,1.50%,-16.50%,92.50%,92.50%,"$101,724.00 ","21,000,000,000",21 Billion,"$589,561.00 ",,1.5,-16.5,92.5,92.5,101724.0,589561.0,21000000000.0,False,Small,0.17254194222480795,False,False
2377,Sharbi,$SHARBI, $-   ,0.50%,1.70%,-3.70%,-38.20%,$17.31 ,"1,000,000,000,000",1 Trillion,"$589,365.00 ",,0.5,1.7,-3.7,-38.2,17.31,589365.0,1000000000000.0,False,Small,2.937059377465577e-05,False,False
2378,Zeitgeist,ZTG,0.03,-0.20%,-4.20%,-7.10%,1.50%,"$31,607.00 ","19,006,273",106 Million,"$589,208.00 ",0.03,-0.2,-4.2,-7.1,1.5,31607.0,589208.0,19006273.0,False,Small,0.05364319561173643,False,False
2379,Kattana,KTN,0.24,1.00%,-0.60%,-3.80%,59.20%,"$57,968.00 ","2,481,905",10 Million,"$585,412.00 ",0.24,1.0,-0.6,-3.8,59.2,57968.0,585412.0,2481905.0,False,Small,0.09902086052216216,False,False
2380,All In,ALLIN,0.64,-2.70%,2.90%,-11.80%,-2.50%,"$82,824.00 ","921,435",996 Thousand,"$581,513.00 ",0.64,-2.7,2.9,-11.8,-2.5,82824.0,581513.0,921435.0,False,Small,0.14242845817720326,False,False
2381,Popcorn,POP,0.02,0.50%,4.80%,2.20%,-14.60%,$132.00 ,"23,750,426",100 Million,"$579,261.00 ",0.02,0.5,4.8,2.2,-14.6,132.0,579261.0,23750426.0,False,Small,0.00022787655305639426,False,False
2382,8Pay,8PAY,0.01,0.10%,-4.90%,1.60%,412.90%,"$1,395.00 ","64,727,636",88.9 Million,"$578,979.00 ",0.01,0.1,-4.9,1.6,412.9,1395.0,578979.0,64727636.0,False,Small,0.0024094138129362205,False,False
2383,PUBLC,PUBLX, $-   ,0.20%,-4.70%,-15.70%,180.70%,"$3,075.00 ","218,422,043",100 Billion,"$578,541.00 ",,0.2,-4.7,-15.7,180.7,3075.0,578541.0,218422043.0,False,Small,0.005315094349406524,False,False
2384,NOOT (Ordinals),NOOT, $-   ,-0.70%,-6.80%,48.20%,339.30%,"$38,890.00 ","1,000,000,000",1 Billion,"$577,966.00 ",,-0.7,-6.8,48.2,339.3,38890.0,577966.0,1000000000.0,False,Small,0.06728769512393462,False,False
2385,delta.theta,DLTA,0.01,-,-,-,-, - ,"97,150,000",99.8 Million,"$579,704.00 ",0.01,,,,,,579704.0,97150000.0,False,Small,,False,False
2386,Tolar,TOL, $-   ,-,-,-,-, - ,"222,761,042",88.4 Million,"$578,319.00 ",,,,,,,578319.0,222761042.0,False,Small,,False,False
2387,Fantohm,FHM,0.20,-,-,-,-, - ,"2,940,265",2.23 Million,"$578,176.00 ",0.2,,,,,,578176.0,2940265.0,False,Small,,False,False
2388,Unistake,UNISTAKE, $-   ,-0.10%,-1.00%,-2.20%,9.70%,"$38,759.00 ","159,279,276",280 Million,"$574,689.00 ",,-0.1,-1.0,-2.2,9.7,38759.0,574689.0,159279276.0,False,Small,0.06744343462290038,False,False
2389,FreeRossDAO,FREE, $-   ,5.30%,-12.20%,1.30%,26.40%,"$26,877.00 ","7,716,753,607",9.29 Billion,"$574,416.00 ",,5.3,-12.2,1.3,26.4,26877.0,574416.0,7716753607.0,False,Small,0.04679013119411716,False,False
2390,Ledgis,LED,0.01,-0.10%,1.60%,5.60%,10.00%,"$3,898.00 ","41,068,691",1 Billion,"$574,232.00 ",0.01,-0.1,1.6,5.6,10.0,3898.0,574232.0,41068691.0,False,Small,0.006788197105002856,False,False
2391,Cramer Coin,$CRAMER, $-   ,0.00%,0.30%,42.30%,2.00%,"$1,081.00 ","815,811,556",1 Billion,"$573,782.00 ",,0.0,0.3,42.3,2.0,1081.0,573782.0,815811556.0,False,Small,0.001883990783956276,False,False
2392,Dragon Crypto Aurum,DCAU,3.76,-0.40%,-16.20%,45.00%,44.80%,"$11,354.00 ","151,740",154 Thousand,"$571,938.00 ",3.76,-0.4,-16.2,45.0,44.8,11354.0,571938.0,151740.0,False,Small,0.019851802118411435,False,False
2393,Pawthereum,PAWTH, $-   ,-,-,-,-, - ,"844,832,949",858 Million,"$569,836.00 ",,,,,,,569836.0,844832949.0,False,Small,,False,False
2394,Solrise Finance,SLRS, $-   ,0.00%,-5.40%,-38.50%,-28.90%,"$36,774.00 ","149,152,604",1 Billion,"$571,437.00 ",,0.0,-5.4,-38.5,-28.9,36774.0,571437.0,149152604.0,False,Small,0.06435355078512592,False,False
2395,Okuru,XOT,9.55,0.40%,-2.10%,-2.20%,-9.30%,"$19,335.00 ","59,748",150 Thousand,"$569,269.00 ",9.55,0.4,-2.1,-2.2,-9.3,19335.0,569269.0,59748.0,False,Small,0.03396461075519658,False,False
2396,Trace Network Labs,TRACE,0.01,0.70%,-1.00%,-1.30%,10.10%,"$135,620.00 ","74,191,846",100 Million,"$565,777.00 ",0.01,0.7,-1.0,-1.3,10.1,135620.0,565777.0,74191846.0,False,Small,0.23970574979187914,False,False
2397,Wombex,WMX,0.01,-0.10%,-18.70%,-46.40%,-29.90%,"$38,737.00 ","40,499,168",72.4 Million,"$562,308.00 ",0.01,-0.1,-18.7,-46.4,-29.9,38737.0,562308.0,40499168.0,False,Small,0.0688892919894435,False,False
2398,Caviar,CVR,0.03,-0.70%,-4.00%,1.40%,-46.10%,"$2,098.00 ","16,909,381",16.9 Million,"$561,778.00 ",0.03,-0.7,-4.0,1.4,-46.1,2098.0,561778.0,16909381.0,False,Small,0.0037345713075271725,False,False
2399,KEK,KEKE, $-   ,0.50%,1.50%,1.00%,-4.30%,"$152,316.00 ","76,435,976,159,861",77.8 Trillion,"$559,696.00 ",,0.5,1.5,1.0,-4.3,152316.0,559696.0,76435976159861.0,False,Small,0.27214059060632917,False,False
2400,PirateCash,PIRATE,0.01,0.20%,-2.80%,-6.50%,-2.70%,"$1,565.00 ","55,142,995",105 Million,"$559,440.00 ",0.01,0.2,-2.8,-6.5,-2.7,1565.0,559440.0,55142995.0,False,Small,0.0027974402974402976,False,False
2401,APY.vision,VISION,0.36,0.60%,9.80%,3.60%,17.00%,$169.00 ,"1,539,665",1.79 Million,"$558,639.00 ",0.36,0.6,9.8,3.6,17.0,169.0,558639.0,1539665.0,False,Small,0.00030252094823311656,False,False
2402,AurusX,AX,0.33,-0.10%,-2.40%,56.00%,25.50%,"$117,981.00 ","1,685,005",30 Million,"$557,056.00 ",0.33,-0.1,-2.4,56.0,25.5,117981.0,557056.0,1685005.0,False,Small,0.2117937873391544,False,False
2403,NFTrade,NFTD,0.01,-0.40%,0.70%,0.80%,-10.50%,"$32,992.00 ","46,584,184",135 Million,"$556,643.00 ",0.01,-0.4,0.7,0.8,-10.5,32992.0,556643.0,46584184.0,False,Small,0.05926958571292552,False,False
2404,Roobee,ROOBEE, $-   ,1.30%,-14.00%,-13.40%,-21.60%,"$187,947.00 ","1,204,487,689",5.4 Billion,"$556,525.00 ",,1.3,-14.0,-13.4,-21.6,187947.0,556525.0,1204487689.0,False,Small,0.33771528682449126,False,False
2405,Odin Protocol,ODIN,0.02,-8.80%,-5.70%,-9.30%,138.50%,"$1,087.00 ","27,652,292",119 Million,"$555,870.00 ",0.02,-8.8,-5.7,-9.3,138.5,1087.0,555870.0,27652292.0,False,Small,0.0019554931908539767,False,False
2406,Akropolis,AKRO,0.01,0.90%,-4.70%,-7.50%,-6.60%,"$4,341,027.00 ","100,000,000",5 Billion,"$555,714.00 ",0.01,0.9,-4.7,-7.5,-6.6,4341027.0,555714.0,100000000.0,False,Small,7.811620725769011,True,False
2407,Aurora Chain,AOA, $-   ,-0.10%,-1.00%,-0.70%,50.60%,"$2,696.00 ","4,345,218,905",10 Billion,"$555,624.00 ",,-0.1,-1.0,-0.7,50.6,2696.0,555624.0,4345218905.0,False,Small,0.00485220220868789,False,False
2408,STACKS,STACKS, $-   ,0.00%,-1.70%,-10.50%,-35.90%,"$1,144,752.00 ","877,399,094,366",877 Billion,"$554,407.00 ",,0.0,-1.7,-10.5,-35.9,1144752.0,554407.0,877399094366.0,False,Small,2.064822413858411,True,False
2409,Spartan Protocol,SPARTA,0.01,-0.20%,-4.90%,-3.00%,-2.40%,"$44,514.00 ","88,642,066",99 Million,"$554,010.00 ",0.01,-0.2,-4.9,-3.0,-2.4,44514.0,554010.0,88642066.0,False,Small,0.0803487301673255,False,False
2410,BRN Metaverse,BRN,0.05,-0.10%,-6.60%,-9.00%,10.80%,"$269,954.00 ","10,394,656",254 Million,"$554,021.00 ",0.05,-0.1,-6.6,-9.0,10.8,269954.0,554021.0,10394656.0,False,Small,0.48726311818505075,False,False
2411,ChainPort,PORTX, $-   ,-0.30%,-4.80%,10.00%,40.90%,"$28,011.00 ","123,812,504",680 Million,"$551,911.00 ",,-0.3,-4.8,10.0,40.9,28011.0,551911.0,123812504.0,False,Small,0.05075274817860126,False,False
2412,RIZON,ATOLO, $-   ,0.90%,-6.60%,-2.80%,8.10%,"$28,525.00 ","2,320,564,098",2.82 Billion,"$550,872.00 ",,0.9,-6.6,-2.8,8.1,28525.0,550872.0,2320564098.0,False,Small,0.051781539087120056,False,False
2413,CoFiX,COFI,0.04,-3.30%,-9.70%,2.90%,-12.70%,"$254,800.00 ","13,457,553",13.5 Million,"$549,877.00 ",0.04,-3.3,-9.7,2.9,-12.7,254800.0,549877.0,13457553.0,False,Small,0.4633763550757715,False,False
2414,Enigma,ENG,0.01,-2.90%,7.00%,-39.10%,2.60%,"$167,274.00 ","82,717,912",150 Million,"$549,115.00 ",0.01,-2.9,7.0,-39.1,2.6,167274.0,549115.0,82717912.0,False,Small,0.30462471431303095,False,False
2415,BillionHappiness,BHC,12.46,8.70%,4.10%,-6.70%,36.60%,$935.00 ,"50,000",50 Thousand,"$548,878.00 ",12.46,8.7,4.1,-6.7,36.6,935.0,548878.0,50000.0,False,Small,0.0017034750891819312,False,False
2416,Monsterra,MSTR,0.08,-5.30%,-5.90%,26.20%,24.30%,"$332,656.00 ","6,699,722",99.4 Million,"$547,649.00 ",0.08,-5.3,-5.9,26.2,24.3,332656.0,547649.0,6699722.0,False,Small,0.6074255590715951,True,False
2417,Mogul Productions,STARS, $-   ,-0.10%,-13.60%,-2.20%,-7.00%,"$127,247.00 ","292,660,492",400 Million,"$547,282.00 ",,-0.1,-13.6,-2.2,-7.0,127247.0,547282.0,292660492.0,False,Small,0.2325071900775103,False,False
2418,KCAL,KCAL,0.14,-0.20%,2.20%,-2.00%,-12.90%,"$500,695.00 ","3,900,000",50 Million,"$544,374.00 ",0.14,-0.2,2.2,-2.0,-12.9,500695.0,544374.0,3900000.0,False,Small,0.9197628836057563,True,False
2419,Wavelength,WAVE,0.13,0.20%,-3.60%,116.70%,124.20%,$166.00 ,"4,336,756",3.15 Million,"$543,719.00 ",0.13,0.2,-3.6,116.7,124.2,166.0,543719.0,4336756.0,False,Small,0.00030530476220253476,False,False
2420,Espresso Bot,ESPR, $-   ,-0.10%,-8.40%,13.90%,-34.20%,"$6,024.00 ","1,000,000,000",1 Billion,"$543,780.00 ",,-0.1,-8.4,13.9,-34.2,6024.0,543780.0,1000000000.0,False,Small,0.011078009489131634,False,False
2421,impactMarket,PACT, $-   ,-1.50%,-5.60%,-16.10%,-19.70%,$987.00 ,"4,694,347,738",10 Billion,"$543,289.00 ",,-1.5,-5.6,-16.1,-19.7,987.0,543289.0,4694347738.0,False,Small,0.0018167126520139373,False,False
2422,AlienBase,ALB,0.01,0.00%,27.00%,32.10%,-31.90%,"$29,802.00 ","85,196,843",110 Million,"$543,204.00 ",0.01,0.0,27.0,32.1,-31.9,29802.0,543204.0,85196843.0,False,Small,0.054863366249143966,False,False
2423,MANE,MANE,0.01,-0.10%,3.10%,-8.80%,-33.80%,"$13,633.00 ","50,844,333",86.3 Million,"$541,222.00 ",0.01,-0.1,3.1,-8.8,-33.8,13633.0,541222.0,50844333.0,False,Small,0.025189293857234184,False,False
2424,LABSV2,LABSV2, $-   ,-2.40%,-3.90%,-4.50%,9.00%,"$176,668.00 ","2,126,552,471",10 Billion,"$539,011.00 ",,-2.4,-3.9,-4.5,9.0,176668.0,539011.0,2126552471.0,False,Small,0.3277632552953465,False,False
2425,Monsta Infinite,MONI,0.01,-0.20%,-5.00%,1.70%,67.10%,"$102,362.00 ","36,870,683",270 Million,"$537,929.00 ",0.01,-0.2,-5.0,1.7,67.1,102362.0,537929.0,36870683.0,False,Small,0.19028905301629026,False,False
2426,Metaverse Face,MEFA, $-   ,-0.10%,-3.20%,-7.50%,10.70%,"$29,138.00 ","9,514,214,777",10 Billion,"$537,821.00 ",,-0.1,-3.2,-7.5,10.7,29138.0,537821.0,9514214777.0,False,Small,0.054177877025999355,False,False
2427,Crypto Raiders,RAIDER,0.02,-0.80%,-2.20%,-9.20%,52.80%,"$13,716.00 ","28,989,545",100 Million,"$537,479.00 ",0.02,-0.8,-2.2,-9.2,52.8,13716.0,537479.0,28989545.0,False,Small,0.0255191365616145,False,False
2428,GND Protocol,GND,32.11,0.30%,-2.20%,17.30%,-28.80%,"$3,278.00 ","16,679",100 Thousand,"$534,590.00 ",32.11,0.3,-2.2,17.3,-28.8,3278.0,534590.0,16679.0,False,Small,0.006131801941674928,False,False
2429,KittenFinance,KIF,14.24,2.10%,5.00%,-1.00%,0.30%,"$43,142.00 ","37,840",41 Thousand,"$534,580.00 ",14.24,2.1,5.0,-1.0,0.3,43142.0,534580.0,37840.0,False,Small,0.08070260765460735,False,False
2430,ARMOR,ARMOR, $-   ,,2.40%,1.10%,13.80%,$214.00 ,"237,391,732",750 Million,"$531,368.00 ",,,2.4,1.1,13.8,214.0,531368.0,237391732.0,False,Small,0.0004027340750666205,False,False
2431,Aurigami,PLY, $-   ,1.20%,-13.90%,89.20%,95.90%,"$134,132.00 ","3,371,534,222",10 Billion,"$531,791.00 ",,1.2,-13.9,89.2,95.9,134132.0,531791.0,3371534222.0,False,Small,0.25222690869157244,False,False
2432,ELYFI,ELFI,0.01,-,-,-,-, - ,"50,909,515",100 Million,"$518,080.00 ",0.01,,,,,,518080.0,50909515.0,False,Small,,False,False
2433,Bloom,BLT,0.01,-,-,-,-, - ,"56,642,697",150 Million,"$522,610.00 ",0.01,,,,,,522610.0,56642697.0,False,Small,,False,False
2434,Ubeswap,UBE,0.01,-0.10%,-3.10%,-5.90%,-1.40%,$91.38 ,"86,802,335",100 Million,"$526,762.00 ",0.01,-0.1,-3.1,-5.9,-1.4,91.38,526762.0,86802335.0,False,Small,0.00017347492795607883,False,False
2435,pTokens BTC [OLD],PBTC,"37,692.01",-0.10%,-3.40%,1.80%,19.90%,$807.00 ,14,. M,"$524,503.00 ",37692.01,-0.1,-3.4,1.8,19.9,807.0,524503.0,14.0,False,Small,0.0015385993979062083,False,False
2436,Hot Cross,HOTCROSS, $-   ,20.50%,7.30%,55.60%,79.50%,"$217,180.00 ","111,499,999",500 Million,"$523,163.00 ",,20.5,7.3,55.6,79.5,217180.0,523163.0,111499999.0,False,Small,0.41512874572551955,False,False
2437,tLPT,TLPT,7.03,-,-,-,-, - ,"73,279",73.3 Thousand,"$514,947.00 ",7.03,,,,,,514947.0,73279.0,False,Small,,False,False
2438,Astroport Classic,ASTROC, $-   ,2.20%,-2.00%,-10.40%,105.20%,"$33,711.00 ","219,546,127",1.1 Billion,"$520,742.00 ",,2.2,-2.0,-10.4,105.2,33711.0,520742.0,219546127.0,False,Small,0.06473647218776285,False,False
2439,Glide Finance,GLIDE,0.05,0.00%,0.00%,0.00%,0.00%, $-   ,"17,844,657",7.01 Million,"$914,533.00 ",0.05,0.0,0.0,0.0,0.0,,914533.0,17844657.0,False,Small,,False,False
2440,Sakura,SKU, $-   ,1.10%,1.90%,-1.10%,-14.50%,"$26,037.00 ","159,000,000",1 Billion,"$519,939.00 ",,1.1,1.9,-1.1,-14.5,26037.0,519939.0,159000000.0,False,Small,0.05007702826677745,False,False
2441,Meowl,MEOWL,0.24,-,-,-,-, - ,"2,145,412",15 Million,"$520,693.00 ",0.24,,,,,,520693.0,2145412.0,False,Small,,False,False
2442,BnkToTheFuture,BFT, $-   ,0.20%,-7.80%,-9.10%,4.30%,"$36,694.00 ","329,991,099",1 Billion,"$516,803.00 ",,0.2,-7.8,-9.1,4.3,36694.0,516803.0,329991099.0,False,Small,0.07100190981863495,False,False
2443,bYLD,BYLD,0.07,-,-,-,-, - ,"10,000,000",10 Million,"$710,910.00 ",0.07,,,,,,710910.0,10000000.0,False,Small,,False,False
2444,Moneybyte,MON,0.07,0.40%,24.90%,-26.40%,-22.30%,$54.12 ,"7,179,506",32.2 Million,"$516,237.00 ",0.07,0.4,24.9,-26.4,-22.3,54.12,516237.0,7179506.0,False,Small,0.00010483556970926144,False,False
2445,MoonsDust,MOOND,0.18,0.50%,-4.70%,-9.00%,155.80%,"$3,526.00 ","2,813,945",3.3 Million,"$512,563.00 ",0.18,0.5,-4.7,-9.0,155.8,3526.0,512563.0,2813945.0,False,Small,0.006879154367365573,False,False
2446,Lunar,LNR,0.01,-1.20%,-9.90%,-15.60%,-7.80%,"$65,972.00 ","79,985,675",100 Million,"$512,707.00 ",0.01,-1.2,-9.9,-15.6,-7.8,65972.0,512707.0,79985675.0,False,Small,0.1286738819637727,False,False
2447,Scala,XLA, $-   ,-0.90%,6.20%,19.30%,10.80%,"$1,449.00 ","10,634,660,152",-,"$511,972.00 ",,-0.9,6.2,19.3,10.8,1449.0,511972.0,10634660152.0,False,Small,0.0028302329033619024,False,False
2448,TreatDAO,TREAT,0.01,-,-,-,-, - ,"125,000,000",125 Million,"$639,516.00 ",0.01,,,,,,639516.0,125000000.0,False,Small,,False,False
2449,Poodl,POODL, $-   ,-0.50%,-10.40%,76.20%,95.30%,$469.00 ,"79,635,418,362,680",100 Trillion,"$509,621.00 ",,-0.5,-10.4,76.2,95.3,469.0,509621.0,79635418362680.0,False,Small,0.0009202917462192492,False,False
2450,Finblox,FBX, $-   ,1.10%,-1.90%,-20.70%,-15.00%,"$134,991.00 ","973,770,414",9.47 Billion,"$509,457.00 ",,1.1,-1.9,-20.7,-15.0,134991.0,509457.0,973770414.0,False,Small,0.26497035078524783,False,False
2451,Azzure,AZR, $-   ,0.30%,-12.60%,-2.30%,-14.00%,$74.48 ,"959,296,597",959 Million,"$508,857.00 ",,0.3,-12.6,-2.3,-14.0,74.48,508857.0,959296597.0,False,Small,0.0001463672505242141,False,False
2452,Mooncat CAT,CAT,0.08,0.40%,-0.90%,11.10%,29.50%,"$23,167.00 ","6,527,607",15 Million,"$508,901.00 ",0.08,0.4,-0.9,11.1,29.5,23167.0,508901.0,6527607.0,False,Small,0.04552358906742176,False,False
2453,DucatusX,DUCX,0.01,-0.30%,0.00%,-4.00%,-13.50%,"$54,666.00 ","82,519,439",778 Million,"$507,483.00 ",0.01,-0.3,0.0,-4.0,-13.5,54666.0,507483.0,82519439.0,False,Small,0.10771986450777661,False,False
2454,Public Mint,MINT, $-   ,-0.10%,20.40%,-11.70%,-6.50%,$838.00 ,"105,481,046",250 Million,"$505,745.00 ",,-0.1,20.4,-11.7,-6.5,838.0,505745.0,105481046.0,False,Small,0.00165696151222454,False,False
2455,DopeWarz,DWZ, $-   ,,2.00%,-1.20%,28.20%,$204.00 ,"228,463,810",880 Million,"$501,869.00 ",,,2.0,-1.2,28.2,204.0,501869.0,228463810.0,False,Small,0.0004064805756083759,False,False
2456,DRAC (Ordinals),DRAC, $-   ,2.30%,4.80%,50.60%,178.70%,"$33,539.00 ","106,824,000",107 Million,"$501,349.00 ",,2.3,4.8,50.6,178.7,33539.0,501349.0,106824000.0,False,Small,0.06689751051662614,False,False
2457,NIOB,NIOB, $-   ,-,-,-,-, - ,"481,778,586",600 Million,"$612,102.00 ",,,,,,,612102.0,481778586.0,False,Small,,False,False
2458,Neblio,NEBL,0.02,-1.30%,-0.50%,-11.80%,-33.40%,"$55,359.00 ","20,913,148",-,"$500,150.00 ",0.02,-1.3,-0.5,-11.8,-33.4,55359.0,500150.0,20913148.0,False,Small,0.11068479456163151,False,False
2459,JET,JET, $-   ,0.00%,-0.50%,-34.60%,-49.10%,$575.00 ,"156,257,200",1.7 Billion,"$496,769.00 ",,0.0,-0.5,-34.6,-49.1,575.0,496769.0,156257200.0,False,Small,0.0011574796333909724,False,False
2460,BeamSwap,GLINT, $-   ,0.40%,-8.20%,-2.50%,117.70%,"$3,451.00 ","438,850,736",2.26 Billion,"$496,428.00 ",,0.4,-8.2,-2.5,117.7,3451.0,496428.0,438850736.0,False,Small,0.006951662678172867,False,False
2461,e-Money EUR,EEUR,1.03,-0.60%,0.00%,1.10%,3.20%,"$9,809.00 ","480,873",481 Thousand,"$495,488.00 ",1.03,-0.6,0.0,1.1,3.2,9809.0,495488.0,480873.0,False,Small,0.0197966449237923,False,False
2462,Netswap,NETT,0.06,0.20%,-3.50%,-7.40%,31.60%,"$4,978.00 ","8,315,225",8.32 Million,"$495,608.00 ",0.06,0.2,-3.5,-7.4,31.6,4978.0,495608.0,8315225.0,False,Small,0.010044228503171862,False,False
2463,Smileycoin,SMLY, $-   ,-0.20%,-3.00%,3.90%,23.00%,$5.69 ,"36,701,768,091",50 Billion,"$494,805.00 ",,-0.2,-3.0,3.9,23.0,5.69,494805.0,36701768091.0,False,Small,1.149947959297097e-05,False,False
2464,Bitcoin Plus,XBC,1.37,-38.60%,-4.80%,-7.30%,-23.00%,$569.00 ,"219,285",1 Million,"$493,449.00 ",1.37,-38.6,-4.8,-7.3,-23.0,569.0,493449.0,219285.0,False,Small,0.0011531080212950071,False,False
2465,Rhythm,RHYTHM, $-   ,0.30%,-10.30%,-7.80%,-2.30%,$75.76 ,"12,909,280,919",15 Billion,"$492,935.00 ",,0.3,-10.3,-7.8,-2.3,75.76,492935.0,12909280919.0,False,Small,0.00015369166320103057,False,False
2466,OpenBlox,OBX, $-   ,15.10%,66.40%,67.90%,107.60%,"$54,074.00 ","3,067,888,889",10 Billion,"$492,144.00 ",,15.1,66.4,67.9,107.6,54074.0,492144.0,3067888889.0,False,Small,0.10987434571995189,False,False
2467,Acent,ACE, $-   ,-2.20%,2.20%,17.70%,58.60%,"$157,474.00 ","119,521,619",2 Billion,"$490,448.00 ",,-2.2,2.2,17.7,58.6,157474.0,490448.0,119521619.0,False,Small,0.32108194956447983,False,False
2468,Stakecube,SCC,0.04,-0.60%,-1.70%,-8.10%,9.50%,"$7,411.00 ","13,604,676",18 Million,"$490,404.00 ",0.04,-0.6,-1.7,-8.1,9.5,7411.0,490404.0,13604676.0,False,Small,0.015112030081320707,False,False
2469,Franklin,FLY, $-   ,1.00%,-2.40%,4.70%,36.80%,"$431,084.00 ","519,477,846",1.68 Billion,"$490,023.00 ",,1.0,-2.4,4.7,36.8,431084.0,490023.0,519477846.0,False,Small,0.8797219722339563,True,False
2470,Lego Coin V2,LEGO,0.01,-,-,-,-, - ,"100,000,000",100 Million,"$507,409.00 ",0.01,,,,,,507409.0,100000000.0,False,Small,,False,False
2471,NUSA,NUSA,6.14,-0.10%,-4.90%,-4.60%,6.20%,$351.00 ,"79,091",106 Thousand,"$485,504.00 ",6.14,-0.1,-4.9,-4.6,6.2,351.0,485504.0,79091.0,False,Small,0.0007229600580015819,False,False
2472,Cloakcoin,CLOAK,0.08,25.00%,-1.60%,-16.30%,-9.10%,$2.78 ,"5,998,597",4.5 Million,"$485,493.00 ",0.08,25.0,-1.6,-16.3,-9.1,2.78,485493.0,5998597.0,False,Small,5.72613817294997e-06,False,False
2473,Edoverse Zeni,ZENI, $-   ,0.20%,-4.00%,1.30%,5.00%,$664.00 ,"340,804,976",10 Billion,"$484,472.00 ",,0.2,-4.0,1.3,5.0,664.0,484472.0,340804976.0,False,Small,0.001370564243134794,False,False
2474,NFT Protocol,NFT,0.01,-0.10%,0.30%,-0.40%,19.20%,$40.46 ,"37,823,823",88.9 Million,"$484,421.00 ",0.01,-0.1,0.3,-0.4,19.2,40.46,484421.0,37823823.0,False,Small,8.352239064780428e-05,False,False
2475,Kawaii Islands,KWT, $-   ,0.90%,-1.80%,1.60%,40.50%,"$6,038.00 ","308,172,178",805 Million,"$480,388.00 ",,0.9,-1.8,1.6,40.5,6038.0,480388.0,308172178.0,False,Small,0.012569006719568348,False,False
2476,B20,B20,0.10,-0.10%,-0.30%,-12.70%,-24.80%,$261.00 ,"4,974,379",10 Million,"$480,044.00 ",0.1,-0.1,-0.3,-12.7,-24.8,261.0,480044.0,4974379.0,False,Small,0.0005437001608185917,False,False
2477,New BitShares,NBS, $-   ,1.70%,-14.30%,67.30%,66.50%,"$160,173.00 ","3,117,783,532",3.6 Billion,"$479,781.00 ",,1.7,-14.3,67.3,66.5,160173.0,479781.0,3117783532.0,False,Small,0.3338460672681911,False,False
2478,Tutellus,TUT,0.01,0.30%,-3.20%,-5.80%,-24.90%,"$2,477.00 ","37,979,915",199 Million,"$479,472.00 ",0.01,0.3,-3.2,-5.8,-24.9,2477.0,479472.0,37979915.0,False,Small,0.005166099375980245,False,False
2479,Propel,PEL,0.01,0.90%,-10.00%,22.10%,36.40%,"$80,163.00 ","67,148,021",100 Million,"$479,396.00 ",0.01,0.9,-10.0,22.1,36.4,80163.0,479396.0,67148021.0,False,Small,0.16721666430258075,False,False
2480,Skycoin,SKY,0.02,-0.10%,0.50%,0.70%,48.00%,$311.00 ,"22,000,000",100 Million,"$479,380.00 ",0.02,-0.1,0.5,0.7,48.0,311.0,479380.0,22000000.0,False,Small,0.0006487546414118236,False,False
2481,Uniqly,UNIQ,0.05,0.20%,13.20%,7.90%,7.70%,"$67,633.00 ","9,079,423",13 Million,"$478,048.00 ",0.05,0.2,13.2,7.9,7.7,67633.0,478048.0,9079423.0,False,Small,0.14147742486110182,False,False
2482,FootballStars,FTS, $-   ,-0.50%,-9.60%,-8.10%,4.80%,$2.86 ,"917,415,165,336",1 Trillion,"$478,053.00 ",,-0.5,-9.6,-8.1,4.8,2.86,478053.0,917415165336.0,False,Small,5.982600255620192e-06,False,False
2483,Reaction,RTC, $-   ,2.20%,57.50%,684.50%,840.00%,"$34,601.00 ","268,277,880",268 Million,"$477,601.00 ",,2.2,57.5,684.5,840.0,34601.0,477601.0,268277880.0,False,Small,0.07244750325062134,False,False
2484,Avatly,AVA, $-   ,0.20%,-17.20%,-9.00%,13.00%,"$86,152.00 ","354,965,637",1 Billion,"$476,518.00 ",,0.2,-17.2,-9.0,13.0,86152.0,476518.0,354965637.0,False,Small,0.18079484930264964,False,False
2485,Wagerr,WGR, $-   ,-0.10%,-6.50%,-5.30%,-20.60%,$138.00 ,"259,688,448",∞,"$474,516.00 ",,-0.1,-6.5,-5.3,-20.6,138.0,474516.0,259688448.0,False,Small,0.00029082264876210707,False,False
2486,MAXI (Ordinals),MAXI,0.23,,0.00%,237.50%,52.90%,$101.00 ,"2,100,000",2.1 Million,"$473,922.00 ",0.23,,0.0,237.5,52.9,101.0,473922.0,2100000.0,False,Small,0.0002131152383725592,False,False
2487,EmerCoin,EMC,0.01,0.00%,-73.10%,-8.00%,6.60%,$43.88 ,"48,123,004",1 Billion,"$473,669.00 ",0.01,0.0,-73.1,-8.0,6.6,43.88,473669.0,48123004.0,False,Small,9.26385302816946e-05,False,False
2488,Kunji Finance,KNJ,0.06,-2.00%,-7.00%,-15.20%,-12.60%,"$18,027.00 ","8,583,888",100 Million,"$472,286.00 ",0.06,-2.0,-7.0,-15.2,-12.6,18027.0,472286.0,8583888.0,False,Small,0.038169668378906,False,False
2489,Shezmu,SHEZMU,5.69,-0.10%,-8.50%,-21.70%,-48.00%,"$19,974.00 ","82,912",403 Thousand,"$471,075.00 ",5.69,-0.1,-8.5,-21.7,-48.0,19974.0,471075.0,82912.0,False,Small,0.04240089157777424,False,False
2490,IxiCash,IXI, $-   ,-0.10%,-20.40%,-25.00%,53.20%,$116.00 ,"7,378,886,859",21 Billion,"$470,912.00 ",,-0.1,-20.4,-25.0,53.2,116.0,470912.0,7378886859.0,False,Small,0.00024633052459907583,False,False
2491,Wall Street Games,WSG, $-   ,-0.90%,-11.50%,-10.70%,18.80%,"$81,118.00 ","425,305,470,924,668",1 Quadrillion,"$470,572.00 ",,-0.9,-11.5,-10.7,18.8,81118.0,470572.0,425305470924668.0,False,Small,0.1723816971685523,False,False
2492,Hunter Token,HNTR, $-   ,-0.20%,-2.70%,-12.40%,19.50%,"$50,584.00 ","250,395,467",955 Million,"$469,125.00 ",,-0.2,-2.7,-12.4,19.5,50584.0,469125.0,250395467.0,False,Small,0.10782627231548095,False,False
2493,Neutra Finance,NEU,0.24,0.50%,0.30%,-10.10%,62.20%,"$1,073.00 ","1,982,696",5.97 Million,"$468,788.00 ",0.24,0.5,0.3,-10.1,62.2,1073.0,468788.0,1982696.0,False,Small,0.002288881114704301,False,False
2494,WYND,WYND, $-   ,-0.40%,-0.90%,-21.90%,32.50%,$15.69 ,"102,364,510",102 Million,"$465,636.00 ",,-0.4,-0.9,-21.9,32.5,15.69,465636.0,102364510.0,False,Small,3.369584825915522e-05,False,False
2495,SolarX,SOLX,0.06,0.10%,-1.00%,-7.20%,-36.20%,"$867,279.00 ","8,414,054",406 Million,"$465,693.00 ",0.06,0.1,-1.0,-7.2,-36.2,867279.0,465693.0,8414054.0,False,Small,1.862340640722536,True,False
2496,Sumokoin,SUMO,0.01,-0.90%,-3.20%,-9.90%,4.20%,"$6,072.00 ","57,169,867",88.9 Million,"$464,206.00 ",0.01,-0.9,-3.2,-9.9,4.2,6072.0,464206.0,57169867.0,False,Small,0.01308039965015532,False,False
2497,Mirrored Ether,METH,2.03,0.40%,1.30%,0.90%,20.60%,"$342,671.00 ","228,966",229 Thousand,"$464,099.00 ",2.03,0.4,1.3,0.9,20.6,342671.0,464099.0,228966.0,False,Small,0.7383575487126669,True,False
2498,Serey Coin,SRY, $-   ,-,-,-,-, - ,"1,077,686,212",1.08 Billion,"$459,783.00 ",,,,,,,459783.0,1077686212.0,False,Small,,False,False
2499,Bibox,BIX, $-   ,0.10%,5.80%,2.30%,15.00%,$23.82 ,"117,399,166",268 Million,"$463,138.00 ",,0.1,5.8,2.3,15.0,23.82,463138.0,117399166.0,False,Small,5.1431754682189757e-05,False,False
2500,CherrySwap,CHE,0.01,-1.70%,26.30%,40.50%,-72.50%,"$66,662.00 ","79,407,258",184 Million,"$462,495.00 ",0.01,-1.7,26.3,40.5,-72.5,66662.0,462495.0,79407258.0,False,Small,0.14413561227688948,False,False
2501,Sensi,SENSI, $-   ,-,-,-,-, - ,"212,798,678",245 Million,"$577,443.00 ",,,,,,,577443.0,212798678.0,False,Small,,False,False
2502,Hakka Finance,HAKKA, $-   ,0.20%,-6.00%,-6.90%,1.30%,"$1,186.00 ","292,487,085",573 Million,"$461,215.00 ",,0.2,-6.0,-6.9,1.3,1186.0,461215.0,292487085.0,False,Small,0.0025714688377437853,False,False
2503,BiometricFinancial,BIOFI, $-   ,-0.20%,-3.80%,3.90%,155.00%,"$28,959.00 ","1,063,190,090",10 Billion,"$459,680.00 ",,-0.2,-3.8,3.9,155.0,28959.0,459680.0,1063190090.0,False,Small,0.0629981726418378,False,False
2504,Corite,CO, $-   ,-0.20%,4.30%,12.30%,20.00%,"$55,814.00 ","122,199,592",1 Billion,"$459,125.00 ",,-0.2,4.3,12.3,20.0,55814.0,459125.0,122199592.0,False,Small,0.12156602232507487,False,False
2505,Relay Chain,RELAY,0.14,0.50%,-8.20%,-10.80%,10.60%,"$4,037.00 ","3,329,125",8.82 Million,"$458,487.00 ",0.14,0.5,-8.2,-10.8,10.6,4037.0,458487.0,3329125.0,False,Small,0.00880504790757426,False,False
2506,Bit Game Verse Token,BGVT, $-   ,5.70%,-19.70%,-19.80%,-38.10%,"$5,249.00 ","55,217,591,447",55.7 Billion,"$457,569.00 ",,5.7,-19.7,-19.8,-38.1,5249.0,457569.0,55217591447.0,False,Small,0.011471493916764466,False,False
2507,Kitsumon,$KMC, $-   ,0.10%,-8.20%,14.50%,-15.60%,$12.88 ,"35,094,651,686",74.3 Billion,"$455,776.00 ",,0.1,-8.2,14.5,-15.6,12.88,455776.0,35094651686.0,False,Small,2.8259495892719234e-05,False,False
2508,VeriBlock,VBK, $-   ,0.30%,-1.40%,1.00%,-1.70%,"$3,137.00 ","1,242,220,018",1.24 Billion,"$452,921.00 ",,0.3,-1.4,1.0,-1.7,3137.0,452921.0,1242220018.0,False,Small,0.006926152684463736,False,False
2509,Poison Finance,POI$ON,0.13,1.60%,15.30%,-23.50%,142.70%,"$8,794.00 ","3,526,917",3.58 Million,"$452,152.00 ",0.13,1.6,15.3,-23.5,142.7,8794.0,452152.0,3526917.0,False,Small,0.019449211769493446,False,False
2510,Dark Magic,DMAGIC,0.11,-0.10%,-0.50%,-12.40%,22.50%,$4.53 ,"4,000,000",4 Million,"$451,020.00 ",0.11,-0.1,-0.5,-12.4,22.5,4.53,451020.0,4000000.0,False,Small,1.0043900492217641e-05,False,False
2511,GSENetwork,GSE, $-   ,0.50%,4.30%,8.20%,9.90%,"$34,403.00 ","19,999,999,805",100 Billion,"$450,348.00 ",,0.5,4.3,8.2,9.9,34403.0,450348.0,19999999805.0,False,Small,0.07639203460435041,False,False
2512,Zoomer,ZOOMER, $-   ,-0.10%,-7.40%,12.90%,-19.50%,"$8,181.00 ","69,000,000,000",69 Billion,"$450,263.00 ",,-0.1,-7.4,12.9,-19.5,8181.0,450263.0,69000000000.0,False,Small,0.018169381006211925,False,False
2513,AME Chain,AME, $-   ,-1.10%,2.00%,1.40%,4.50%,"$76,002.00 ","500,000,000",1 Billion,"$448,356.00 ",,-1.1,2.0,1.4,4.5,76002.0,448356.0,500000000.0,False,Small,0.16951261943634077,False,False
2514,Hola Token,$HOLA, $-   ,-0.10%,10.60%,2.20%,-60.40%,"$7,821.00 ","8,000,000,002",9.5 Billion,"$446,405.00 ",,-0.1,10.6,2.2,-60.4,7821.0,446405.0,8000000002.0,False,Small,0.01751996505415486,False,False
2515,USDK,USDK,0.91,1.20%,0.10%,-0.40%,-3.60%,"$3,955.00 ","488,711",489 Thousand,"$445,161.00 ",0.91,1.2,0.1,-0.4,-3.6,3955.0,445161.0,488711.0,False,Small,0.008884426084045997,False,False
2516,Concave,CNV,2.78,-,-,-,-, - ,"155,509",1.21 Million,"$432,575.00 ",2.78,,,,,,432575.0,155509.0,False,Small,,False,False
2517,CorgiCoin,CORGI, $-   ,5.10%,2.60%,91.20%,265.80%,"$14,523.00 ","10,000,000,000",10 Billion,"$441,521.00 ",,5.1,2.6,91.2,265.8,14523.0,441521.0,10000000000.0,False,Small,0.032893112671877445,False,False
2518,Fitmint,FITT, $-   ,0.20%,-0.10%,0.30%,-3.70%,$188.00 ,"331,053,584",10 Billion,"$441,164.00 ",,0.2,-0.1,0.3,-3.7,188.0,441164.0,331053584.0,False,Small,0.00042614537904271427,False,False
2519,MASS,MASS, $-   ,-0.90%,0.00%,4.70%,38.60%,"$39,053.00 ","98,026,333",98 Million,"$440,233.00 ",,-0.9,0.0,4.7,38.6,39053.0,440233.0,98026333.0,False,Small,0.0887098422880611,False,False
2520,Chai,CHAI,1.05,-,-,-,-, - ,"71,382,220",71.4 Million,"$622,082.00 ",1.05,,,,,,622082.0,71382220.0,False,Small,,False,False
2521,Binamon,BMON, $-   ,0.30%,-10.80%,-6.90%,4.40%,"$40,492.00 ","170,194,929",229 Million,"$438,688.00 ",,0.3,-10.8,-6.9,4.4,40492.0,438688.0,170194929.0,False,Small,0.09230250200598147,False,False
2522,Raiden Network,RDN,0.01,-0.10%,-3.10%,-5.70%,30.30%,"$36,768.00 ","51,137,366",100 Million,"$438,270.00 ",0.01,-0.1,-3.1,-5.7,30.3,36768.0,438270.0,51137366.0,False,Small,0.08389349031418988,False,False
2523,Riecoin,RIC,0.01,0.10%,18.70%,16.60%,47.90%,$102.00 ,"65,440,980",84 Million,"$438,248.00 ",0.01,0.1,18.7,16.6,47.9,102.0,438248.0,65440980.0,False,Small,0.00023274492981143098,False,False
2524,MotaCoin,MOTA,0.01,6.40%,-1.40%,12.20%,11.80%,"$3,763.00 ","70,713,120",∞,"$438,150.00 ",0.01,6.4,-1.4,12.2,11.8,3763.0,438150.0,70713120.0,False,Small,0.008588382973867397,False,False
2525,Darwinia Commitment,KTON,3.31,-2.70%,2.00%,0.00%,5.60%,"$295,539.00 ","122,926",123 Thousand,"$436,932.00 ",3.31,-2.7,2.0,0.0,5.6,295539.0,436932.0,122926.0,False,Small,0.6763958693801324,True,False
2526,CaliCoin,CALI,0.01,-0.10%,-0.10%,-0.70%,0.20%,"$143,821.00 ","30,000,000",100 Million,"$435,781.00 ",0.01,-0.1,-0.1,-0.7,0.2,143821.0,435781.0,30000000.0,False,Small,0.330030451075196,False,False
2527,humanDAO,HDAO,0.01,,-0.10%,-1.30%,-14.50%,$204.00 ,"67,744,768",1 Billion,"$433,781.00 ",0.01,,-0.1,-1.3,-14.5,204.0,433781.0,67744768.0,False,Small,0.0004702833918498044,False,False
2528,Cyber Arena,CAT, $-   ,-1.00%,1.90%,-5.00%,-26.00%,"$40,834.00 ","747,500,000",5 Billion,"$434,800.00 ",,-1.0,1.9,-5.0,-26.0,40834.0,434800.0,747500000.0,False,Small,0.09391444342226311,False,False
2529,SpaceFi,SPACE,0.07,-0.80%,13.60%,64.30%,76.40%,"$95,088.00 ","6,172,563",22.1 Million,"$433,379.00 ",0.07,-0.8,13.6,64.3,76.4,95088.0,433379.0,6172563.0,False,Small,0.21941072363912417,False,False
2530,Bright Union,BRIGHT,0.02,,-3.10%,2.00%,112.30%,"$2,528.00 ","24,132,168",110 Million,"$432,825.00 ",0.02,,-3.1,2.0,112.3,2528.0,432825.0,24132168.0,False,Small,0.0058406977415814704,False,False
2531,Metaverser,MTVT, $-   ,0.00%,-13.40%,-18.20%,-21.40%,"$205,327.00 ","259,258,146",1.98 Billion,"$432,446.00 ",,0.0,-13.4,-18.2,-21.4,205327.0,432446.0,259258146.0,False,Small,0.4748037905310721,False,False
2532,Dinamo Zagreb Fan Token,DZG,0.49,-0.20%,-4.40%,-14.80%,4.70%,"$10,917.00 ","885,618",5 Million,"$429,965.00 ",0.49,-0.2,-4.4,-14.8,4.7,10917.0,429965.0,885618.0,False,Small,0.025390438756642982,False,False
2533,Newdex,DEX,0.01,-,-,-,-, - ,"84,113,877",100 Million,"$458,237.00 ",0.01,,,,,,458237.0,84113877.0,False,Small,,False,False
2534,Ribbit Meme,RIBBIT, $-   ,0.10%,-16.90%,-30.20%,-4.50%,"$52,355.00 ","420,690,000,000,000",421 Trillion,"$424,521.00 ",,0.1,-16.9,-30.2,-4.5,52355.0,424521.0,420690000000000.0,False,Small,0.12332723233950735,False,False
2535,ArbiPad,ARBI, $-   ,-0.10%,-3.80%,-3.60%,35.10%,"$25,895.00 ","4,357,000,000",10 Billion,"$424,114.00 ",,-0.1,-3.8,-3.6,35.1,25895.0,424114.0,4357000000.0,False,Small,0.06105669702014081,False,False
2536,Crypto Royale,ROY, $-   ,-0.20%,-4.30%,-11.30%,60.20%,"$4,768.00 ","116,000,303",170 Million,"$424,067.00 ",,-0.2,-4.3,-11.3,60.2,4768.0,424067.0,116000303.0,False,Small,0.011243506332725726,False,False
2537,Wrapped BMX Liquidity Token,WBLT,1.15,-0.30%,0.40%,-3.10%,11.00%,"$7,185.00 ","366,997",367 Thousand,"$422,124.00 ",1.15,-0.3,0.4,-3.1,11.0,7185.0,422124.0,366997.0,False,Small,0.01702106490036103,False,False
2538,EurocoinToken,ECTE,0.08,-,-,-,-, - ,"5,438,542",100 Million,"$422,321.00 ",0.08,,,,,,422321.0,5438542.0,False,Small,,False,False
2539,OneDex,ONE,0.06,0.60%,-8.50%,-14.00%,2.50%,"$60,228.00 ","6,739,455",25.6 Million,"$420,762.00 ",0.06,0.6,-8.5,-14.0,2.5,60228.0,420762.0,6739455.0,False,Small,0.14314030259386543,False,False
2540,Vidulum,VDL,0.02,-0.60%,-7.30%,-3.20%,151.20%,$661.00 ,"18,773,174",18.8 Million,"$419,968.00 ",0.02,-0.6,-7.3,-3.2,151.2,661.0,419968.0,18773174.0,False,Small,0.0015739294422432186,False,False
2541,Playermon,PYM, $-   ,0.00%,0.50%,-3.60%,6.00%,"$28,901.00 ","328,166,380",1 Billion,"$419,494.00 ",,0.0,0.5,-3.6,6.0,28901.0,419494.0,328166380.0,False,Small,0.06889490672095429,False,False
2542,ACryptoSI,ACSI,0.24,0.30%,-1.40%,1.00%,18.30%,$111.00 ,"1,714,290",1.71 Million,"$418,761.00 ",0.24,0.3,-1.4,1.0,18.3,111.0,418761.0,1714290.0,False,Small,0.00026506766389420216,False,False
2543,Yeti Finance,YETI, $-   ,-0.70%,-7.30%,-37.50%,129.20%,$683.00 ,"145,230,580",500 Million,"$416,680.00 ",,-0.7,-7.3,-37.5,129.2,683.0,416680.0,145230580.0,False,Small,0.0016391475472784872,False,False
2544,PymeDAO,PYME, $-   ,-0.10%,-3.10%,-19.00%,-39.10%,"$28,085.00 ","537,543,945",588 Million,"$416,712.00 ",,-0.1,-3.1,-19.0,-39.1,28085.0,416712.0,537543945.0,False,Small,0.067396667242604,False,False
2545,Santa Coin,SANTA, $-   ,-,-,-,-, - ,"220,310,523,936,299",220 Trillion,"$521,382.00 ",,,,,,,521382.0,220310523936299.0,False,Small,,False,False
2546,Shib Original Vision,SOV, $-   ,1.70%,-0.80%,-10.80%,-10.40%,$101.00 ,"113,437,057,530,578",201 Trillion,"$415,868.00 ",,1.7,-0.8,-10.8,-10.4,101.0,415868.0,113437057530578.0,False,Small,0.0002428655246376254,False,False
2547,Minds,MINDS,0.05,-,-,-,-, - ,"8,046,651",250 Million,"$416,147.00 ",0.05,,,,,,416147.0,8046651.0,False,Small,,False,False
2548,DIP Exchange,DIP, $-   ,0.60%,-0.20%,-9.30%,-54.50%,$591.00 ,"99,925,896",1 Billion,"$413,391.00 ",,0.6,-0.2,-9.3,-54.5,591.0,413391.0,99925896.0,False,Small,0.0014296392519430757,False,False
2549,Hamachi Finance,HAMI, $-   ,0.50%,16.70%,-8.40%,187.80%,"$4,382.00 ","20,823,939,888",42.5 Billion,"$410,832.00 ",,0.5,16.7,-8.4,187.8,4382.0,410832.0,20823939888.0,False,Small,0.010666160376991082,False,False
2550,Moeda Loyalty Points,MDA,0.02,0.10%,5.10%,-1.50%,-18.70%,"$26,990.00 ","19,628,888",19.6 Million,"$410,175.00 ",0.02,0.1,5.1,-1.5,-18.7,26990.0,410175.0,19628888.0,False,Small,0.0658011824221369,False,False
2551,StarShip,STARSHIP,0.02,-0.20%,-5.30%,34.90%,-0.40%,"$9,674.00 ","18,802,038",20 Million,"$409,532.00 ",0.02,-0.2,-5.3,34.9,-0.4,9674.0,409532.0,18802038.0,False,Small,0.023622085697820927,False,False
2552,Waves Ducks,EGG,5.13,-0.10%,-4.30%,-17.10%,-24.40%,$863.00 ,"79,549",989 Thousand,"$408,564.00 ",5.13,-0.1,-4.3,-17.1,-24.4,863.0,408564.0,79549.0,False,Small,0.002112276167258985,False,False
2553,Wonderman Nation,WNDR,0.01,-0.50%,-12.80%,16.30%,37.00%,"$14,335.00 ","36,154,034",500 Million,"$407,444.00 ",0.01,-0.5,-12.8,16.3,37.0,14335.0,407444.0,36154034.0,False,Small,0.035182749040358924,False,False
2554,Phun Token,PHTK, $-   ,-,-,-,-, - ,"454,743,674",10 Billion,"$397,702.00 ",,,,,,,397702.0,454743674.0,False,Small,,False,False
2555,UREEQA,URQA,0.01,0.30%,-1.80%,-2.90%,29.90%,"$26,388.00 ","40,651,220",100 Million,"$404,947.00 ",0.01,0.3,-1.8,-2.9,29.9,26388.0,404947.0,40651220.0,False,Small,0.0651640832010115,False,False
2556,Hodless Bot,HBOT,0.04,-0.10%,-0.60%,-42.30%,,"$13,676.00 ","9,500,000",10 Million,"$404,658.00 ",0.04,-0.1,-0.6,-42.3,,13676.0,404658.0,9500000.0,False,Small,0.0337964404509487,False,False
2557,MAD Bucks,MAD,0.04,-0.60%,5.40%,9.60%,50.10%,$931.00 ,"11,365,915",15 Million,"$403,790.00 ",0.04,-0.6,5.4,9.6,50.1,931.0,403790.0,11365915.0,False,Small,0.0023056539290225117,False,False
2558,BlazeX,BLAZEX, $-   ,1.80%,-4.90%,17.80%,50.00%,"$3,094.00 ","962,451,539",962 Million,"$402,868.00 ",,1.8,-4.9,17.8,50.0,3094.0,402868.0,962451539.0,False,Small,0.007679934867003585,False,False
2559,ArchAngel,ARCHA, $-   ,0.30%,1.80%,-15.30%,-12.40%,"$1,801.00 ","42,893,570,279,160,600",100 Quadrillion,"$402,130.00 ",,0.3,1.8,-15.3,-12.4,1801.0,402130.0,4.28935702791606e+16,False,Small,0.004478651182453435,False,False
2560,SPORT,SPORT, $-   ,0.30%,4.30%,-4.70%,9.00%,"$3,372.00 ","119,715,390",1.25 Billion,"$401,847.00 ",,0.3,4.3,-4.7,9.0,3372.0,401847.0,119715390.0,False,Small,0.008391253387483297,False,False
2561,EUNO,EUNO, $-   ,,0.10%,-48.30%,-24.10%,$12.84 ,"7,041,278,515",8 Billion,"$400,457.00 ",,,0.1,-48.3,-24.1,12.84,400457.0,7041278515.0,False,Small,3.2063367602514124e-05,False,False
2562,KiboShib,KIBSHI, $-   ,-0.10%,-6.90%,21.80%,-29.80%,"$8,952.00 ","1,000,000,000,000",1 Trillion,"$400,495.00 ",,-0.1,-6.9,21.8,-29.8,8952.0,400495.0,1000000000000.0,False,Small,0.022352338980511616,False,False
2563,RioDeFi,RFUEL, $-   ,-0.10%,-0.30%,0.90%,11.30%,"$63,416.00 ","224,543,336",358 Million,"$400,180.00 ",,-0.1,-0.3,0.9,11.3,63416.0,400180.0,224543336.0,False,Small,0.15846868908990955,False,False
2564,TIA,TIA, $-   ,-0.40%,-12.20%,-3.80%,-9.40%,"$136,816.00 ","174,483,993",1.01 Billion,"$399,515.00 ",,-0.4,-12.2,-3.8,-9.4,136816.0,399515.0,174483993.0,False,Small,0.34245522696269226,False,False
2565,Asap Sniper Bot,ASAP, $-   ,-0.10%,0.80%,-11.10%,-25.20%,"$3,544.00 ","594,488,541",594 Million,"$399,270.00 ",,-0.1,0.8,-11.1,-25.2,3544.0,399270.0,594488541.0,False,Small,0.008876199063290504,False,False
2566,Ara,ARA, $-   ,-,-,-,-, - ,"736,482,152",1 Billion,"$401,691.00 ",,,,,,,401691.0,736482152.0,False,Small,,False,False
2567,Catheon Gaming,CATHEON, $-   ,-0.40%,-12.70%,-9.00%,11.70%,"$25,440.00 ","1,393,948,059",10 Billion,"$397,577.00 ",,-0.4,-12.7,-9.0,11.7,25440.0,397577.0,1393948059.0,False,Small,0.06398760491678342,False,False
2568,GlobalBoost-Y,BSTY,0.02,0.40%,-6.60%,-35.00%,-38.30%,$89.83 ,"22,620,709",21 Million,"$394,157.00 ",0.02,0.4,-6.6,-35.0,-38.3,89.83,394157.0,22620709.0,False,Small,0.00022790410927625286,False,False
2569,Fortuna Sittard Fan Token,FOR,0.66,-1.30%,-2.10%,1.40%,5.00%,"$12,274.00 ","595,868",1 Million,"$394,108.00 ",0.66,-1.3,-2.1,1.4,5.0,12274.0,394108.0,595868.0,False,Small,0.03114374739919007,False,False
2570,Zillion Aakar XO,ZILLIONXO,0.02,-15.40%,21.90%,32.00%,-62.50%,"$6,980.00 ","16,343,923",21 Million,"$392,083.00 ",0.02,-15.4,21.9,32.0,-62.5,6980.0,392083.0,16343923.0,False,Small,0.017802353073201337,False,False
2571,Levante U.D. Fan Token,LEV,0.39,-0.20%,-3.40%,-6.70%,10.00%,"$9,204.00 ","1,008,889",2 Million,"$391,140.00 ",0.39,-0.2,-3.4,-6.7,10.0,9204.0,391140.0,1008889.0,False,Small,0.023531216444239913,False,False
2572,Hush,HUSH,0.03,-,-,-,-, - ,"13,827,836",21 Million,"$393,214.00 ",0.03,,,,,,393214.0,13827836.0,False,Small,,False,False
2573,Equalizer DEX,EQUAL,1.51,-0.40%,-13.80%,-7.10%,159.50%,"$54,815.00 ","257,944",4.78 Million,"$390,702.00 ",1.51,-0.4,-13.8,-7.1,159.5,54815.0,390702.0,257944.0,False,Small,0.1402987443115213,False,False
2574,CryptoZoon,ZOON, $-   ,0.00%,-8.40%,-5.90%,10.70%,"$75,160.00 ","816,637,620",996 Million,"$390,751.00 ",,0.0,-8.4,-5.9,10.7,75160.0,390751.0,816637620.0,False,Small,0.19234755637221657,False,False
2575,Verox,VRX,17.22,0.70%,-4.90%,6.70%,65.90%,"$221,595.00 ","22,639",47.5 Thousand,"$390,440.00 ",17.22,0.7,-4.9,6.7,65.9,221595.0,390440.0,22639.0,False,Small,0.5675519926237066,True,False
2576,Kalao,KLO, $-   ,0.40%,3.40%,4.60%,104.00%,"$71,143.00 ","165,505,436",500 Million,"$388,560.00 ",,0.4,3.4,4.6,104.0,71143.0,388560.0,165505436.0,False,Small,0.1830939880584723,False,False
2577,Virtual Versions,VV, $-   ,-0.20%,-7.40%,-20.20%,-35.60%,"$518,772.00 ","97,907,053",1 Billion,"$387,923.00 ",,-0.2,-7.4,-20.2,-35.6,518772.0,387923.0,97907053.0,False,Small,1.337306630439546,True,False
2578,QuiverX,QRX, $-   ,-,-,-,-, - ,"91,098,595",100 Million,"$375,549.00 ",,,,,,,375549.0,91098595.0,False,Small,,False,False
2579,Pollen,PLN, $-   ,1.60%,-4.60%,-24.30%,51.70%,"$53,227.00 ","89,468,503",105 Million,"$385,836.00 ",,1.6,-4.6,-24.3,51.7,53227.0,385836.0,89468503.0,False,Small,0.1379523942815082,False,False
2580,UniX,UNIX,0.01,-0.70%,-5.80%,-43.40%,82.40%,"$11,802.00 ","35,055,990",1 Billion,"$385,642.00 ",0.01,-0.7,-5.8,-43.4,82.4,11802.0,385642.0,35055990.0,False,Small,0.030603513102825938,False,False
2581,Glitch Protocol,GLCH,0.01,-0.10%,-0.80%,-4.00%,10.00%,"$3,845.00 ","70,140,712",88.9 Million,"$385,663.00 ",0.01,-0.1,-0.8,-4.0,10.0,3845.0,385663.0,70140712.0,False,Small,0.009969844138535458,False,False
2582,Plata Network,PLATA, $-   ,0.50%,-11.40%,-28.90%,19.00%,"$2,614.00 ","314,159,265",314 Million,"$384,616.00 ",,0.5,-11.4,-28.9,19.0,2614.0,384616.0,314159265.0,False,Small,0.006796389125777399,False,False
2583,AIPad,AIPAD,0.10,-0.10%,3.10%,-1.60%,-8.10%,"$183,437.00 ","3,800,000",200 Million,"$381,110.00 ",0.1,-0.1,3.1,-1.6,-8.1,183437.0,381110.0,3800000.0,False,Small,0.4813229776180106,False,False
2584,Davis Cup Fan Token,DAVIS,0.70,1.50%,-1.70%,-12.10%,11.20%,"$12,924.00 ","546,124",10 Million,"$380,421.00 ",0.7,1.5,-1.7,-12.1,11.2,12924.0,380421.0,546124.0,False,Small,0.033972887932054226,False,False
2585,Universidad de Chile Fan Token,UCH,0.33,-0.40%,-2.40%,-5.70%,37.00%,"$8,661.00 ","1,162,424",5 Million,"$380,325.00 ",0.33,-0.4,-2.4,-5.7,37.0,8661.0,380325.0,1162424.0,False,Small,0.02277262867284559,False,False
2586,Potentiam,PTM,0.01,-2.90%,-1.00%,1.50%,-1.10%,"$32,167.00 ","37,025,953",100 Million,"$378,628.00 ",0.01,-2.9,-1.0,1.5,-1.1,32167.0,378628.0,37025953.0,False,Small,0.08495673854020305,False,False
2587,MetaBrands,MAGE,0.03,-,-,-,-, - ,"14,632,396",84.5 Million,"$378,549.00 ",0.03,,,,,,378549.0,14632396.0,False,Small,,False,False
2588,Alliance Fan Token,ALL,0.25,-0.20%,0.40%,-4.90%,17.80%,"$8,004.00 ","1,519,691",5 Million,"$377,457.00 ",0.25,-0.2,0.4,-4.9,17.8,8004.0,377457.0,1519691.0,False,Small,0.021205064417933697,False,False
2589,EOSForce,EOSC, $-   ,0.80%,-12.40%,52.70%,66.70%,"$209,882.00 ","279,199,873",1 Billion,"$376,090.00 ",,0.8,-12.4,52.7,66.7,209882.0,376090.0,279199873.0,False,Small,0.5580632295461193,True,False
2590,Standard Protocol,STND,0.01,-1.40%,-11.30%,-18.00%,22.80%,"$478,348.00 ","27,995,411",100 Million,"$375,799.00 ",0.01,-1.4,-11.3,-18.0,22.8,478348.0,375799.0,27995411.0,False,Small,1.2728825781867434,True,False
2591,MoonLana,MOLA, $-   ,-0.90%,26.20%,11.30%,351.70%,"$11,019.00 ","4,187,873,994",4.2 Billion,"$374,455.00 ",,-0.9,26.2,11.3,351.7,11019.0,374455.0,4187873994.0,False,Small,0.02942676690122979,False,False
2592,Aree Shards,AES, $-   ,0.20%,14.70%,-18.90%,-29.90%,$797.00 ,"271,142,175",961 Million,"$373,254.00 ",,0.2,14.7,-18.9,-29.9,797.0,373254.0,271142175.0,False,Small,0.0021352751745460194,False,False
2593,MIBR Fan Token,MIBR,0.26,1.40%,1.60%,7.30%,18.80%,"$12,519.00 ","1,451,797",10 Million,"$373,373.00 ",0.26,1.4,1.6,7.3,18.8,12519.0,373373.0,1451797.0,False,Small,0.03352947320775739,False,False
2594,Karbo,KRB,0.04,-,-,-,-, - ,"9,748,085",-,"$371,185.00 ",0.04,,,,,,371185.0,9748085.0,False,Small,,False,False
2595,Aviator,AVI, $-   ,-4.70%,-7.20%,-15.60%,-37.30%,"$3,865.00 ","6,849,264,530",9.3 Billion,"$371,259.00 ",,-4.7,-7.2,-15.6,-37.3,3865.0,371259.0,6849264530.0,False,Small,0.010410522034482665,False,False
2596,XTblock,XTT-B20, $-   ,-0.20%,1.50%,-1.20%,-12.20%,$31.13 ,"165,872,235",350 Million,"$368,898.00 ",,-0.2,1.5,-1.2,-12.2,31.13,368898.0,165872235.0,False,Small,8.438646997272959e-05,False,False
2597,Geyser,GYSR,0.04,-0.10%,-5.90%,-8.50%,27.10%,"$3,374.00 ","9,102,977",10 Million,"$368,612.00 ",0.04,-0.1,-5.9,-8.5,27.1,3374.0,368612.0,9102977.0,False,Small,0.009153255998176945,False,False
2598,Zasset zUSD,ZUSD,1.00,0.50%,-2.00%,-0.10%,0.30%,"$2,219.00 ","370,096",370 Thousand,"$368,561.00 ",1.0,0.5,-2.0,-0.1,0.3,2219.0,368561.0,370096.0,False,Small,0.006020712989165972,False,False
2599,WECOIN,WECO, $-   ,-2.30%,-10.50%,-22.90%,49.60%,"$31,246.00 ","6,035,570,566",9.98 Billion,"$367,882.00 ",,-2.3,-10.5,-22.9,49.6,31246.0,367882.0,6035570566.0,False,Small,0.08493484323777734,False,False
2600,Sekuya,SKUY, $-   ,0.30%,0.00%,-6.10%,12.80%,"$164,790.00 ","391,353,415,201",1 Trillion,"$367,484.00 ",,0.3,0.0,-6.1,12.8,164790.0,367484.0,391353415201.0,False,Small,0.4484276866475819,False,False
2601,Nitro League,NITRO, $-   ,0.50%,3.60%,-34.20%,30.90%,"$55,886.00 ","201,981,344",1 Billion,"$366,697.00 ",,0.5,3.6,-34.2,30.9,55886.0,366697.0,201981344.0,False,Small,0.15240375568930206,False,False
2602,Ixcoin,IXC,0.02,-,-,-,-, - ,"21,380,615",21 Million,"$366,352.00 ",0.02,,,,,,366352.0,21380615.0,False,Small,,False,False
2603,Trisolaris,TRI, $-   ,0.20%,-7.50%,13.90%,-13.80%,"$16,766.00 ","206,829,177",166 Million,"$365,382.00 ",,0.2,-7.5,13.9,-13.8,16766.0,365382.0,206829177.0,False,Small,0.04588622318559754,False,False
2604,Nation3,NATION,74.53,-0.10%,1.10%,13.50%,35.10%,$715.00 ,"4,890",42.1 Thousand,"$364,175.00 ",74.53,-0.1,1.1,13.5,35.1,715.0,364175.0,4890.0,False,Small,0.001963341799958811,False,False
2605,POLYSPORTS,PS1, $-   ,0.60%,1.20%,-15.90%,30.30%,$2.26 ,"790,283,499",961 Million,"$362,940.00 ",,0.6,1.2,-15.9,30.3,2.26,362940.0,790283499.0,False,Small,6.226924560533421e-06,False,False
2606,Superlauncher,LAUNCH,0.26,-,-,-,-, - ,"1,516,718",12 Million,"$390,107.00 ",0.26,,,,,,390107.0,1516718.0,False,Small,,False,False
2607,Derify Protocol,DRF,0.03,,1.00%,5.70%,12.70%,$69.89 ,"10,556,516",99 Million,"$361,373.00 ",0.03,,1.0,5.7,12.7,69.89,361373.0,10556516.0,False,Small,0.00019340127790399393,False,False
2608,Tycoon,TYC, $-   ,-0.10%,-0.50%,-4.10%,-9.60%,"$9,378.00 ","92,234,810",135 Million,"$361,907.00 ",,-0.1,-0.5,-4.1,-9.6,9378.0,361907.0,92234810.0,False,Small,0.025912734487036723,False,False
2609,Quark,QRK, $-   ,0.20%,-1.40%,1.00%,3.50%,$465.00 ,"290,619,579",300 Million,"$360,233.00 ",,0.2,-1.4,1.0,3.5,465.0,360233.0,290619579.0,False,Small,0.0012908312120211087,False,False
2610,BlackHat Coin,BLKC,0.03,-0.30%,0.40%,-1.30%,-14.40%,"$10,175.00 ","10,856,183",21 Million,"$359,865.00 ",0.03,-0.3,0.4,-1.3,-14.4,10175.0,359865.0,10856183.0,False,Small,0.028274491823322635,False,False
2611,Tabank,TAB,0.01,0.00%,0.00%,-0.10%,-0.10%,$37.70 ,"36,000,000",36 Million,"$359,543.00 ",0.01,0.0,0.0,-0.1,-0.1,37.7,359543.0,36000000.0,False,Small,0.00010485533023866409,False,False
2612,pBTC35A,PBTC35A,1.67,-0.90%,0.20%,0.80%,-3.80%,"$37,172.00 ","214,602",215 Thousand,"$359,190.00 ",1.67,-0.9,0.2,0.8,-3.8,37172.0,359190.0,214602.0,False,Small,0.10348840446560316,False,False
2613,Apollon Limassol Fan Token,APL,0.91,-0.40%,-0.30%,-0.50%,45.80%,"$13,849.00 ","394,010",1 Million,"$359,017.00 ",0.91,-0.4,-0.3,-0.5,45.8,13849.0,359017.0,394010.0,False,Small,0.038574775010654094,False,False
2614,Yellow Duckies,DUCKIES,0.01,-0.30%,-3.90%,-18.30%,-26.80%,$975.00 ,"51,867,427",150 Million,"$358,601.00 ",0.01,-0.3,-3.9,-18.3,-26.8,975.0,358601.0,51867427.0,False,Small,0.0027188992780276685,False,False
2615,Butterfly Protocol,BFLY,0.02,-0.50%,-0.20%,-2.10%,21.80%,"$32,264.00 ","18,878,852",100 Million,"$358,108.00 ",0.02,-0.5,-0.2,-2.1,21.8,32264.0,358108.0,18878852.0,False,Small,0.09009572531191708,False,False
2616,MyToken,MT, $-   ,-0.30%,-15.30%,8.10%,25.70%,"$114,870.00 ","1,895,712,979",4 Billion,"$357,516.00 ",,-0.3,-15.3,8.1,25.7,114870.0,357516.0,1895712979.0,False,Small,0.3213003054408754,False,False
2617,Cat,CAT, $-   ,0.90%,-5.20%,-25.30%,-7.50%,"$32,115.00 ","785,888,341,399,382",989 Trillion,"$357,502.00 ",,0.9,-5.2,-25.3,-7.5,32115.0,357502.0,785888341399382.0,False,Small,0.08983166527739705,False,False
2618,DragonKing,DRAGONKING, $-   ,-0.20%,-5.40%,-23.00%,-87.80%,"$2,159.00 ","13,270,000,000,000",13.3 Trillion,"$356,155.00 ",,-0.2,-5.4,-23.0,-87.8,2159.0,356155.0,13270000000000.0,False,Small,0.006061967401833472,False,False
2619,Lootex,LOOT,0.03,-0.20%,-2.20%,-0.60%,34.30%,"$266,058.00 ","13,001,001",100 Million,"$355,960.00 ",0.03,-0.2,-2.2,-0.6,34.3,266058.0,355960.0,13001001.0,False,Small,0.7474379143724014,True,False
2620,GG,GGTK,0.02,0.00%,1.10%,-4.60%,14.70%,$170.00 ,"15,800,000",46.8 Million,"$355,254.00 ",0.02,0.0,1.1,-4.6,14.7,170.0,355254.0,15800000.0,False,Small,0.00047853085398053225,False,False
2621,Napoleon X,NPX,0.02,-,-,-,-, - ,"25,330,000",29.8 Million,"$424,914.00 ",0.02,,,,,,424914.0,25330000.0,False,Small,,False,False
2622,Mithril,MITH, $-   ,-0.20%,1.00%,-3.60%,-5.60%,"$104,940.00 ","618,753,636",1 Billion,"$352,521.00 ",,-0.2,1.0,-3.6,-5.6,104940.0,352521.0,618753636.0,False,Small,0.29768439327018814,False,False
2623,PowerTrade Fuel,PTF,0.01,-1.00%,-8.60%,-24.40%,-27.30%,"$61,536.00 ","24,569,754",400 Million,"$352,471.00 ",0.01,-1.0,-8.6,-24.4,-27.3,61536.0,352471.0,24569754.0,False,Small,0.1745845757523314,False,False
2624,0.exchange,ZERO, $-   ,-,-,-,-, - ,"375,000,000",564 Million,"$350,902.00 ",,,,,,,350902.0,375000000.0,False,Small,,False,False
2625,Birake,BIR, $-   ,0.60%,-15.30%,-33.00%,-60.70%,$199.00 ,"238,077,223",238 Million,"$350,983.00 ",,0.6,-15.3,-33.0,-60.7,199.0,350983.0,238077223.0,False,Small,0.0005669790274742652,False,False
2626,Kampay,KAMPAY, $-   ,-0.50%,-9.20%,0.30%,-27.70%,$43.42 ,"327,403,182",1 Billion,"$349,942.00 ",,-0.5,-9.2,0.3,-27.7,43.42,349942.0,327403182.0,False,Small,0.00012407770430528488,False,False
2627,HTMLCOIN,HTML, $-   ,0.20%,-6.40%,-5.10%,-16.00%,"$1,382.00 ","54,100,197,152",82.5 Billion,"$348,914.00 ",,0.2,-6.4,-5.1,-16.0,1382.0,348914.0,54100197152.0,False,Small,0.003960861415707022,False,False
2628,DOGE-1,DOGE1,0.35,9.60%,7.10%,-2.20%,-64.70%,"$10,139.00 ","1,000,000",1 Million,"$348,862.00 ",0.35,9.6,7.1,-2.2,-64.7,10139.0,348862.0,1000000.0,False,Small,0.029063067917973296,False,False
2629,Nucleus Vision,NCASH, $-   ,0.00%,-0.10%,-0.20%,24.70%,$1.05 ,"2,901,432,138",10 Billion,"$347,872.00 ",,0.0,-0.1,-0.2,24.7,1.05,347872.0,2901432138.0,False,Small,3.018351577591758e-06,False,False
2630,Bologna FC Fan Token,BFC,0.53,3.40%,-5.90%,-6.50%,11.90%,"$12,113.00 ","652,427",5 Million,"$345,213.00 ",0.53,3.4,-5.9,-6.5,11.9,12113.0,345213.0,652427.0,False,Small,0.035088481604111085,False,False
2631,MTG Token,MTG, $-   ,-1.00%,5.40%,-9.10%,-2.20%,"$24,664.00 ","1,000,000,000",1 Billion,"$344,962.00 ",,-1.0,5.4,-9.1,-2.2,24664.0,344962.0,1000000000.0,False,Small,0.07149773018477397,False,False
2632,Oikos,OKS, $-   ,-,-,-,-, - ,"248,275,340",251 Million,"$345,326.00 ",,,,,,,345326.0,248275340.0,False,Small,,False,False
2633,BOB,BOB,1.00,0.00%,0.30%,0.10%,-0.10%,"$25,464.00 ","343,196",∞,"$342,753.00 ",1.0,0.0,0.3,0.1,-0.1,25464.0,342753.0,343196.0,False,Small,0.07429256636703399,False,False
2634,Blocknet,BLOCK,0.03,-1.60%,18.60%,-66.20%,-54.90%,$658.00 ,"10,236,202",-,"$342,506.00 ",0.03,-1.6,18.6,-66.2,-54.9,658.0,342506.0,10236202.0,False,Small,0.0019211342283054894,False,False
2635,Spellfire,SPELLFIRE, $-   ,-0.70%,-0.30%,7.10%,94.20%,"$131,740.00 ","345,707,168",640 Million,"$341,622.00 ",,-0.7,-0.3,7.1,94.2,131740.0,341622.0,345707168.0,False,Small,0.38563090199108957,False,False
2636,Zenfuse,ZEFU,0.01,-0.10%,5.20%,14.20%,-11.10%,$366.00 ,"62,296,827",200 Million,"$340,167.00 ",0.01,-0.1,5.2,14.2,-11.1,366.0,340167.0,62296827.0,False,Small,0.0010759421107867607,False,False
2637,Index Coop Large Cap Index,IC21,126.09,-,-,-,-, - ,"2,631",2.63 Thousand,"$331,807.00 ",126.09,,,,,,331807.0,2631.0,False,Small,,False,False
2638,Life Crypto,LIFE, $-   ,-1.20%,5.20%,-5.50%,1.70%,"$72,508.00 ","2,745,220,054",10 Billion,"$337,036.00 ",,-1.2,5.2,-5.5,1.7,72508.0,337036.0,2745220054.0,False,Small,0.21513428832528275,False,False
2639,Voltage Finance,VOLT, $-   ,0.50%,-6.20%,-7.40%,4.20%,"$101,488.00 ","2,983,698,616",7.98 Billion,"$334,844.00 ",,0.5,-6.2,-7.4,4.2,101488.0,334844.0,2983698616.0,False,Small,0.3030903943328834,False,False
2640,Snetwork,SNET, $-   ,-0.60%,5.60%,-13.10%,-3.40%,"$25,267.00 ","238,603,999",1 Billion,"$334,797.00 ",,-0.6,5.6,-13.1,-3.4,25267.0,334797.0,238603999.0,False,Small,0.075469612929626,False,False
2641,SaTT,SATT, $-   ,0.00%,0.00%,-20.80%,-33.00%,$1.89 ,"4,249,548,559",20 Billion,"$333,081.00 ",,0.0,0.0,-20.8,-33.0,1.89,333081.0,4249548559.0,False,Small,5.674295441649329e-06,False,False
2642,CATpay,CATPAY, $-   ,-0.10%,-10.30%,-9.00%,18.60%,"$4,977.00 ","22,052,416,344,706,500",100 Quadrillion,"$331,047.00 ",,-0.1,-10.3,-9.0,18.6,4977.0,331047.0,2.20524163447065e+16,False,Small,0.015034119022374467,False,False
2643,Swerve,SWRV,0.02,-0.50%,-4.20%,2.50%,25.90%,"$315,661.00 ","18,287,834",21.2 Million,"$330,439.00 ",0.02,-0.5,-4.2,2.5,25.9,315661.0,330439.0,18287834.0,False,Small,0.9552776760612397,True,False
2644,Rook,ROOK,0.43,-2.60%,2.70%,-0.50%,-8.10%,"$1,070.00 ","761,211",1.27 Million,"$327,796.00 ",0.43,-2.6,2.7,-0.5,-8.1,1070.0,327796.0,761211.0,False,Small,0.003264225310864074,False,False
2645,MBD Financials,MBD, $-   ,-0.80%,0.30%,78.30%,61.90%,"$195,634.00 ","13,786,022,153",40 Billion,"$326,314.00 ",,-0.8,0.3,78.3,61.9,195634.0,326314.0,13786022153.0,False,Small,0.5995268361149078,True,False
2646,Nyzo,NYZO,0.01,0.10%,3.40%,0.80%,5.50%,"$41,387.00 ","23,443,692",100 Million,"$323,749.00 ",0.01,0.1,3.4,0.8,5.5,41387.0,323749.0,23443692.0,False,Small,0.1278366882986511,False,False
2647,Celestial,CELT, $-   ,2.80%,6.20%,3.20%,20.50%,"$90,188.00 ","2,974,753,605",4.92 Billion,"$323,275.00 ",,2.8,6.2,3.2,20.5,90188.0,323275.0,2974753605.0,False,Small,0.27898229061944163,False,False
2648,Sarcophagus,SARCO,0.07,-0.10%,1.80%,-0.10%,21.50%,$277.00 ,"4,840,383",100 Million,"$322,676.00 ",0.07,-0.1,1.8,-0.1,21.5,277.0,322676.0,4840383.0,False,Small,0.0008584462432904834,False,False
2649,Privapp Network,BPRIVA,0.64,0.00%,3.10%,-8.40%,87.20%,"$75,773.00 ","500,100",2 Million,"$322,603.00 ",0.64,0.0,3.1,-8.4,87.2,75773.0,322603.0,500100.0,False,Small,0.23488002281441897,False,False
2650,Meter Stable,MTR,0.82,-0.80%,-9.90%,-6.50%,9.00%,"$181,010.00 ","391,721",392 Thousand,"$322,299.00 ",0.82,-0.8,-9.9,-6.5,9.0,181010.0,322299.0,391721.0,False,Small,0.5616213516020838,True,False
2651,CPChain,CPC, $-   ,-,-,-,-, - ,"406,769,989",1 Billion,"$317,768.00 ",,,,,,,317768.0,406769989.0,False,Small,,False,False
2652,Yel.Finance,YEL, $-   ,0.50%,-7.20%,-15.80%,10.80%,$697.00 ,"263,791,016",400 Million,"$321,499.00 ",,0.5,-7.2,-15.8,10.8,697.0,321499.0,263791016.0,False,Small,0.0021679694182563554,False,False
2653,Fodl Finance,FODL, $-   ,-11.20%,-16.00%,-43.60%,-64.80%,"$179,730.00 ","378,646,642",1 Billion,"$321,442.00 ",,-11.2,-16.0,-43.6,-64.8,179730.0,321442.0,378646642.0,False,Small,0.5591366405136852,True,False
2654,EVE,EVE,0.01,-0.10%,-1.00%,0.50%,11.20%,$76.74 ,"40,000,000",100 Million,"$320,792.00 ",0.01,-0.1,-1.0,0.5,11.2,76.74,320792.0,40000000.0,False,Small,0.00023922042943714305,False,False
2655,Sync Network,SYNC, $-   ,-3.70%,1.30%,1.80%,23.00%,"$24,292.00 ","120,407,668",160 Million,"$319,385.00 ",,-3.7,1.3,1.8,23.0,24292.0,319385.0,120407668.0,False,Small,0.07605867526652786,False,False
2656,LunaChow,LUCHOW, $-   ,0.50%,-2.00%,41.70%,16.50%,$7.55 ,"999,000,000,000",1 Trillion,"$319,047.00 ",,0.5,-2.0,41.7,16.5,7.55,319047.0,999000000000.0,False,Small,2.3664225020138098e-05,False,False
2657,Alcatraz,ALCZ,0.17,-0.10%,-8.70%,-22.70%,21.00%,"$3,619.00 ","1,824,027",1.82 Million,"$316,719.00 ",0.17,-0.1,-8.7,-22.7,21.0,3619.0,316719.0,1824027.0,False,Small,0.011426532667759118,False,False
2658,Raze Network,RAZE, $-   ,5.90%,-1.50%,2.00%,28.70%,"$64,095.00 ","67,280,910",120 Million,"$313,851.00 ",,5.9,-1.5,2.0,28.7,64095.0,313851.0,67280910.0,False,Small,0.20422111129166387,False,False
2659,MetaFabric,FABRIC, $-   ,-0.10%,0.90%,0.50%,4.50%,$162.00 ,"665,000,000",1 Billion,"$312,920.00 ",,-0.1,0.9,0.5,4.5,162.0,312920.0,665000000.0,False,Small,0.0005177042055477439,False,False
2660,Civfund Stone,0NE, $-   ,-,-,-,-, - ,"284,982,204,264,007",285 Trillion,"$312,451.00 ",,,,,,,312451.0,284982204264007.0,False,Small,,False,False
2661,Galaxy Fight Club,GCOIN,0.01,0.50%,-1.20%,44.20%,127.20%,"$40,394.00 ","30,611,374",150 Million,"$312,033.00 ",0.01,0.5,-1.2,44.2,127.2,40394.0,312033.0,30611374.0,False,Small,0.12945425644082517,False,False
2662,Lokr,LKR,0.01,0.70%,2.00%,-2.30%,10.10%,"$163,077.00 ","38,066,292",100 Million,"$311,933.00 ",0.01,0.7,2.0,-2.3,10.1,163077.0,311933.0,38066292.0,False,Small,0.5227949591739252,True,False
2663,Moonwell Apollo,MFAM, $-   ,1.30%,-14.60%,-7.20%,42.20%,"$2,624.00 ","466,273,347",1 Billion,"$311,690.00 ",,1.3,-14.6,-7.2,42.2,2624.0,311690.0,466273347.0,False,Small,0.00841862106580256,False,False
2664,Shirtum,SHI, $-   ,0.00%,-9.70%,-5.30%,237566.70%,"$38,257.00 ","195,775,815",749 Million,"$310,532.00 ",,0.0,-9.7,-5.3,237566.7,38257.0,310532.0,195775815.0,False,Small,0.12319825332010871,False,True
2665,HOLD,EARN, $-   ,1.50%,-0.10%,4.40%,,"$1,506.00 ","442,119,092",442 Million,"$309,500.00 ",,1.5,-0.1,4.4,,1506.0,309500.0,442119092.0,False,Small,0.004865912762520194,False,False
2666,Curecoin,CURE,0.01,0.20%,-1.40%,1.00%,54.50%,$0.05 ,"28,268,160",-,"$309,068.00 ",0.01,0.2,-1.4,1.0,54.5,0.05,309068.0,28268160.0,False,Small,1.6177669639043837e-07,False,False
2667,Base Protocol,BASE,0.65,1.10%,0.80%,-6.20%,-7.40%,"$27,818.00 ","480,680",702 Thousand,"$309,054.00 ",0.65,1.1,0.8,-6.2,-7.4,27818.0,309054.0,480680.0,False,Small,0.09001016003675733,False,False
2668,Sunny Aggregator,SUNNY, $-   ,-1.40%,-2.30%,-1.10%,51.90%,"$61,202.00 ","5,890,046,154",255 Million,"$308,727.00 ",,-1.4,-2.3,-1.1,51.9,61202.0,308727.0,5890046154.0,False,Small,0.19823986888092068,False,False
2669,YoloNolo,NOLO,0.07,,1.50%,-23.40%,-59.00%,$68.94 ,"4,118,568",4.44 Million,"$308,546.00 ",0.07,,1.5,-23.4,-59.0,68.94,308546.0,4118568.0,False,Small,0.0002234350793722816,False,False
2670,SolDoge,SDOGE, $-   ,9.20%,28.40%,-18.60%,202.50%,"$9,422.00 ","10,000,000,000",10 Billion,"$307,576.00 ",,9.2,28.4,-18.6,202.5,9422.0,307576.0,10000000000.0,False,Small,0.030633079303976903,False,False
2671,Pakcoin,PAK, $-   ,-0.90%,-6.70%,-7.60%,6.40%,"$5,638.00 ","79,667,760",182 Million,"$307,498.00 ",,-0.9,-6.7,-7.6,6.4,5638.0,307498.0,79667760.0,False,Small,0.01833507860213725,False,False
2672,Hunny Finance,HUNNY, $-   ,-0.50%,-16.90%,-17.20%,-8.40%,"$1,427.00 ","75,661,362",100 Million,"$307,150.00 ",,-0.5,-16.9,-17.2,-8.4,1427.0,307150.0,75661362.0,False,Small,0.00464593846654729,False,False
2673,Autobahn Network,TXL, $-   ,0.30%,-5.70%,37.50%,165.80%,$64.24 ,"127,121,647",600 Million,"$307,063.00 ",,0.3,-5.7,37.5,165.8,64.24,307063.0,127121647.0,False,Small,0.0002092078824215226,False,False
2674,Blitz Labs,BLITZ, $-   ,-,-,-,-, - ,"212,421,316",270 Million,"$305,162.00 ",,,,,,,305162.0,212421316.0,False,Small,,False,False
2675,inheritance Art,IAI,0.41,0.00%,-10.00%,9.90%,-7.90%,"$1,436.00 ","754,400",50 Million,"$306,378.00 ",0.41,0.0,-10.0,9.9,-7.9,1436.0,306378.0,754400.0,False,Small,0.004687020608529333,False,False
2676,Index Coop - ETH 2x Flexible Leverage Index (Polygon),ETH2X-FLI-P,4.38,0.50%,2.30%,3.70%,21.00%,$7.32 ,"69,871",69.9 Thousand,"$305,877.00 ",4.38,0.5,2.3,3.7,21.0,7.32,305877.0,69871.0,False,Small,2.3931188026559697e-05,False,False
2677,Patientory,PTOY, $-   ,49.00%,-31.20%,-25.10%,-14.20%,"$3,096.00 ","85,537,015",100 Million,"$304,888.00 ",,49.0,-31.2,-25.1,-14.2,3096.0,304888.0,85537015.0,False,Small,0.010154548555535147,False,False
2678,Fantom Maker,FAME, $-   ,0.60%,-0.70%,1.00%,5.30%,"$24,970.00 ","362,936,000",600 Million,"$301,075.00 ",,0.6,-0.7,1.0,5.3,24970.0,301075.0,362936000.0,False,Small,0.08293614547870132,False,False
2679,Starname,IOV, $-   ,-0.30%,-3.40%,-8.80%,18.80%,$133.00 ,"134,963,185",135 Million,"$300,186.00 ",,-0.3,-3.4,-8.8,18.8,133.0,300186.0,134963185.0,False,Small,0.00044305863697840673,False,False
2680,TradeFlow,TFLOW,0.06,-,-,-,-, - ,"5,413,265",250 Million,"$311,008.00 ",0.06,,,,,,311008.0,5413265.0,False,Small,,False,False
2681,Hundred Finance,HND,0.01,0.00%,-4.00%,-10.30%,25.10%,$10.83 ,"30,002,207",100 Million,"$299,779.00 ",0.01,0.0,-4.0,-10.3,25.1,10.83,299779.0,30002207.0,False,Small,3.6126613271776873e-05,False,False
2682,Cool Cats Milk,MILK, $-   ,0.90%,1.40%,-0.40%,28.60%,$254.00 ,"2,452,695,745",2.45 Billion,"$299,541.00 ",,0.9,1.4,-0.4,28.6,254.0,299541.0,2452695745.0,False,Small,0.0008479640516657152,False,False
2683,Plant vs Undead,PVU, $-   ,-0.20%,-0.70%,-9.60%,-24.40%,"$40,066.00 ","285,000,000",300 Million,"$299,034.00 ",,-0.2,-0.7,-9.6,-24.4,40066.0,299034.0,285000000.0,False,Small,0.13398476427429656,False,False
2684,BMX,BMX,0.49,-0.30%,2.30%,0.10%,-6.70%,"$3,661.00 ","607,503",10 Million,"$298,006.00 ",0.49,-0.3,2.3,0.1,-6.7,3661.0,298006.0,607503.0,False,Small,0.01228498755058623,False,False
2685,Composite,CMST,0.95,-1.30%,-0.50%,-1.70%,-6.70%,"$6,443.00 ","313,960",314 Thousand,"$297,633.00 ",0.95,-1.3,-0.5,-1.7,-6.7,6443.0,297633.0,313960.0,False,Small,0.02164746516683298,False,False
2686,Feathercoin,FTC, $-   ,2.80%,-16.70%,-55.90%,-47.30%,"$6,505.00 ","272,793,098",336 Million,"$296,248.00 ",,2.8,-16.7,-55.9,-47.3,6505.0,296248.0,272793098.0,False,Small,0.021957954146525883,False,False
2687,Jackpot,777, $-   ,10.60%,1.10%,-1.40%,-44.90%,$1.30 ,"415,723,042",417 Million,"$296,209.00 ",,10.6,1.1,-1.4,-44.9,1.3,296209.0,415723042.0,False,Small,4.388793048151812e-06,False,False
2688,Starfish Finance,SEAN, $-   ,0.00%,-0.30%,-0.70%,2.40%,"$133,973.00 ","126,055,941",1 Billion,"$295,249.00 ",,0.0,-0.3,-0.7,2.4,133973.0,295249.0,126055941.0,False,Small,0.45376275618207007,False,False
2689,RainbowToken,RAINBOWTOKEN, $-   ,0.00%,-10.00%,-49.60%,122.00%,$0.31 ,"738,615,559,436,826",1 Quadrillion,"$295,146.00 ",,0.0,-10.0,-49.6,122.0,0.31,295146.0,738615559436826.0,False,Small,1.050327634458878e-06,False,False
2690,Pad.Fi,PAD,0.01,-0.80%,-2.10%,-0.70%,8.20%,"$3,075.00 ","32,713,018",150 Million,"$294,519.00 ",0.01,-0.8,-2.1,-0.7,8.2,3075.0,294519.0,32713018.0,False,Small,0.010440752549071538,False,False
2691,Refereum,RFR, $-   ,1.50%,-1.40%,-8.70%,-4.80%,"$38,675.00 ","4,877,586,401",5 Billion,"$291,868.00 ",,1.5,-1.4,-8.7,-4.8,38675.0,291868.0,4877586401.0,False,Small,0.13250853125385448,False,False
2692,ritestream,RITE, $-   ,-2.50%,-11.60%,-13.80%,-23.70%,"$185,656.00 ","181,852,167",1 Billion,"$291,788.00 ",,-2.5,-11.6,-13.8,-23.7,185656.0,291788.0,181852167.0,False,Small,0.6362701687526561,True,False
2693,PhoenixDAO,PHNX,0.01,0.90%,-3.90%,5.90%,83.60%,"$24,831.00 ","51,897,139",110 Million,"$291,536.00 ",0.01,0.9,-3.9,5.9,83.6,24831.0,291536.0,51897139.0,False,Small,0.08517301465342188,False,False
2694,IG Gold,IGG, $-   ,1.00%,0.40%,-11.50%,-34.20%,$4.15 ,"15,071,055,903",48.1 Billion,"$291,448.00 ",,1.0,0.4,-11.5,-34.2,4.15,291448.0,15071055903.0,False,Small,1.4239246795311686e-05,False,False
2695,Shikoku,SHIK, $-   ,,-0.90%,-3.70%,11.60%,"$1,620.00 ","446,873,972,516,901",1 Quadrillion,"$290,478.00 ",,,-0.9,-3.7,11.6,1620.0,290478.0,446873972516901.0,False,Small,0.005577014438270712,False,False
2696,MoveZ,MOVEZ, $-   ,-0.30%,-0.10%,-5.00%,-2.70%,"$244,722.00 ","390,000,000",5 Billion,"$290,656.00 ",,-0.3,-0.1,-5.0,-2.7,244722.0,290656.0,390000000.0,False,Small,0.8419643840140922,True,False
2697,Scry.info,DDD, $-   ,0.20%,-0.30%,-8.00%,2.00%,"$42,992.00 ","440,057,074",1 Billion,"$290,349.00 ",,0.2,-0.3,-8.0,2.0,42992.0,290349.0,440057074.0,False,Small,0.14807008117816833,False,False
2698,HEROcoin,PLAY, $-   ,-0.10%,-0.10%,-2.20%,-5.50%,"$2,183.00 ","148,842,769",252 Million,"$289,724.00 ",,-0.1,-0.1,-2.2,-5.5,2183.0,289724.0,148842769.0,False,Small,0.007534757217213624,False,False
2699,DogeCash,DOGEC,0.02,0.10%,2.30%,67.10%,26.60%,$88.23 ,"18,833,689",21 Million,"$289,238.00 ",0.02,0.1,2.3,67.1,26.6,88.23,289238.0,18833689.0,False,Small,0.00030504290584224756,False,False
2700,Equilibria,XEQ, $-   ,0.30%,-28.40%,-6.40%,51.20%,"$1,330.00 ","60,881,608",84 Million,"$288,101.00 ",,0.3,-28.4,-6.4,51.2,1330.0,288101.0,60881608.0,False,Small,0.0046164365968878966,False,False
2701,Hedget,HGET,0.16,-0.50%,-1.30%,0.60%,-8.20%,"$119,455.00 ","1,751,448",1.75 Million,"$287,285.00 ",0.16,-0.5,-1.3,0.6,-8.2,119455.0,287285.0,1751448.0,False,Small,0.415806603198914,False,False
2702,Sector,SECT,0.03,0.50%,3.30%,-1.00%,17.20%,$145.00 ,"9,363,688",100 Million,"$287,292.00 ",0.03,0.5,3.3,-1.0,17.2,145.0,287292.0,9363688.0,False,Small,0.0005047129749523134,False,False
2703,ArbiSmart,RBIS,0.03,-4.70%,-0.60%,43.90%,52.50%,"$1,335.00 ","9,745,228",450 Million,"$287,270.00 ",0.03,-4.7,-0.6,43.9,52.5,1335.0,287270.0,9745228.0,False,Small,0.004647196017683712,False,False
2704,Change,CAG,0.01,-,-,-,-, - ,"19,673,648",79.2 Million,"$287,733.00 ",0.01,,,,,,287733.0,19673648.0,False,Small,,False,False
2705,Flooring Protocol μPotatoz,ΜPOTATOZ, $-   ,-0.10%,-1.30%,-11.80%,,"$23,154.00 ","90,000,000",90 Million,"$286,816.00 ",,-0.1,-1.3,-11.8,,23154.0,286816.0,90000000.0,False,Small,0.08072771393506638,False,False
2706,Coinary,CYT, $-   ,-3.50%,-15.10%,-26.50%,-16.20%,"$14,246.00 ","228,371,385",320 Million,"$286,551.00 ",,-3.5,-15.1,-26.5,-16.2,14246.0,286551.0,228371385.0,False,Small,0.04971540842642322,False,False
2707,Ekta,EKTA, $-   ,-0.20%,-22.20%,-3.20%,-10.50%,"$41,053.00 ","218,611,379",407 Million,"$286,337.00 ",,-0.2,-22.2,-3.2,-10.5,41053.0,286337.0,218611379.0,False,Small,0.14337301850616582,False,False
2708,Hotbit,HTB, $-   ,-,-,-,-, - ,"844,153,016",2.5 Billion,"$284,239.00 ",,,,,,,284239.0,844153016.0,False,Small,,False,False
2709,Lunes,LUNES, $-   ,-,-,-,-, - ,"150,728,537",151 Million,"$281,115.00 ",,,,,,,281115.0,150728537.0,False,Small,,False,False
2710,Katalyo,KTLYO,0.02,-,-,-,-, - ,"13,047,500",85 Million,"$283,257.00 ",0.02,,,,,,283257.0,13047500.0,False,Small,,False,False
2711,Falconswap,FSW,0.01,-,-,-,-, - ,"38,565,820",100 Million,"$283,849.00 ",0.01,,,,,,283849.0,38565820.0,False,Small,,False,False
2712,Investin,IVN,0.10,-0.80%,-11.00%,-16.60%,70.40%,"$1,766.00 ","2,930,000",9 Million,"$283,095.00 ",0.1,-0.8,-11.0,-16.6,70.4,1766.0,283095.0,2930000.0,False,Small,0.006238188593934898,False,False
2713,ARCS,ARX, $-   ,-2.30%,-16.50%,6.00%,28.70%,"$327,625.00 ","176,030,826",400 Million,"$282,769.00 ",,-2.3,-16.5,6.0,28.7,327625.0,282769.0,176030826.0,False,Small,1.1586312502431313,True,False
2714,WanSwap [OLD],WASP, $-   ,0.20%,-0.40%,-3.30%,23.30%,$812.00 ,"203,546,971",210 Million,"$281,551.00 ",,0.2,-0.4,-3.3,23.3,812.0,281551.0,203546971.0,False,Small,0.002884024563933355,False,False
2715,The Unfettered Souls,SOULS, $-   ,1.50%,49.60%,74.30%,83.20%,"$303,715.00 ","108,340,030",3 Billion,"$281,185.00 ",,1.5,49.6,74.3,83.2,303715.0,281185.0,108340030.0,False,Small,1.0801251844870814,True,False
2716,Wefi Finance,WEFI,0.09,-0.60%,-0.90%,-3.20%,9.90%,"$239,989.00 ","3,041,679",100 Million,"$279,767.00 ",0.09,-0.6,-0.9,-3.2,9.9,239989.0,279767.0,3041679.0,False,Small,0.8578173980490909,True,False
2717,TokenClub,TCT, $-   ,-1.20%,-4.40%,-6.80%,19.90%,"$34,978.00 ","578,815,946",1 Billion,"$277,889.00 ",,-1.2,-4.4,-6.8,19.9,34978.0,277889.0,578815946.0,False,Small,0.1258704014912429,False,False
2718,Robot,ROBOT,1.28,-,-,-,-, - ,"224,526",420 Thousand,"$287,482.00 ",1.28,,,,,,287482.0,224526.0,False,Small,,False,False
2719,SZAB,SZAB,18.23,-,-,-,-, - ,"21,000",21 Thousand,"$382,790.00 ",18.23,,,,,,382790.0,21000.0,False,Small,,False,False
2720,Ruff,RUFF, $-   ,0.00%,-3.80%,2.50%,367.20%,"$50,695.00 ","940,500,000",1.84 Billion,"$277,228.00 ",,0.0,-3.8,2.5,367.2,50695.0,277228.0,940500000.0,False,Small,0.18286392427893286,False,False
2721,DeFiato,DFIAT, $-   ,,-1.90%,0.70%,28.50%,$173.00 ,"119,637,500",250 Million,"$277,001.00 ",,,-1.9,0.7,28.5,173.0,277001.0,119637500.0,False,Small,0.0006245464817816542,False,False
2722,Sentre,SNTR, $-   ,-2.10%,0.80%,11.90%,59.80%,"$39,943.00 ","174,426,975",1 Billion,"$276,573.00 ",,-2.1,0.8,11.9,59.8,39943.0,276573.0,174426975.0,False,Small,0.14442118355732483,False,False
2723,Bridge Mutual,BMI, $-   ,0.50%,3.40%,4.80%,7.10%,"$36,081.00 ","64,697,071",160 Million,"$273,916.00 ",,0.5,3.4,4.8,7.1,36081.0,273916.0,64697071.0,False,Small,0.13172286394369076,False,False
2724,Falcon Project,FNT, $-   ,-,-,-,-, - ,"13,921,742,367",85 Billion,"$274,116.00 ",,,,,,,274116.0,13921742367.0,False,Small,,False,False
2725,Calvaria: DoE,RIA, $-   ,0.10%,2.90%,2.90%,4.40%,"$46,891.00 ","180,000,000",180 Million,"$271,746.00 ",,0.1,2.9,2.9,4.4,46891.0,271746.0,180000000.0,False,Small,0.17255451782178946,False,False
2726,BNSD Finance,BNSD, $-   ,1.10%,2.90%,12.10%,36.20%,"$23,491.00 ","187,087,652",220 Million,"$271,615.00 ",,1.1,2.9,12.1,36.2,23491.0,271615.0,187087652.0,False,Small,0.08648638698157318,False,False
2727,EXMO Coin,EXM,0.01,-0.40%,-1.80%,-0.30%,2.00%,"$9,755.00 ","34,085,093",769 Million,"$270,998.00 ",0.01,-0.4,-1.8,-0.3,2.0,9755.0,270998.0,34085093.0,False,Small,0.035996575620484285,False,False
2728,CoinsPaid,CPD, $-   ,-,-,-,-, - ,"92,808,889",800 Million,"$262,795.00 ",,,,,,,262795.0,92808889.0,False,Small,,False,False
2729,ENTER,ENTER,0.12,7.50%,-7.10%,-0.50%,-6.20%,"$1,596.00 ","2,250,000",10 Million,"$270,139.00 ",0.12,7.5,-7.1,-0.5,-6.2,1596.0,270139.0,2250000.0,False,Small,0.005908069549380134,False,False
2730,INTchain,INT, $-   ,-,-,-,-, - ,"854,093,271",934 Million,"$289,377.00 ",,,,,,,289377.0,854093271.0,False,Small,,False,False
2731,Cub Finance,CUB,0.01,-,-,-,-, - ,"27,623,072",31.7 Million,"$337,556.00 ",0.01,,,,,,337556.0,27623072.0,False,Small,,False,False
2732,ShredN,SHRED,0.55,0.30%,-1.50%,0.90%,18.30%,"$322,889.00 ","493,000",100 Million,"$269,264.00 ",0.55,0.3,-1.5,0.9,18.3,322889.0,269264.0,493000.0,False,Small,1.1991539901360746,True,False
2733,Goose Finance,EGG,0.01,-0.30%,-2.00%,-8.20%,0.90%,"$35,783.00 ","22,326,046",22.6 Million,"$267,841.00 ",0.01,-0.3,-2.0,-8.2,0.9,35783.0,267841.0,22326046.0,False,Small,0.13359791816786826,False,False
2734,Club Atletico Independiente Fan Token,CAI,0.28,-0.20%,2.60%,-4.20%,22.40%,"$4,937.00 ","956,634",5 Million,"$267,223.00 ",0.28,-0.2,2.6,-4.2,22.4,4937.0,267223.0,956634.0,False,Small,0.01847520610127122,False,False
2735,Swapr,SWPR,0.01,0.50%,4.70%,19.80%,2.10%,$120.00 ,"19,520,136",100 Million,"$267,002.00 ",0.01,0.5,4.7,19.8,2.1,120.0,267002.0,19520136.0,False,Small,0.0004494348356941146,False,False
2736,Unido,UDO, $-   ,0.00%,-3.50%,-11.80%,17.00%,"$64,111.00 ","77,155,315",115 Million,"$266,761.00 ",,0.0,-3.5,-11.8,17.0,64111.0,266761.0,77155315.0,False,Small,0.24033123282638766,False,False
2737,Axis DeFi,AXIS,0.04,-0.30%,-1.80%,-1.90%,66.80%,"$38,270.00 ","7,280,180",24 Million,"$265,600.00 ",0.04,-0.3,-1.8,-1.9,66.8,38270.0,265600.0,7280180.0,False,Small,0.14408885542168676,False,False
2738,BiblePay,BBP, $-   ,-0.10%,-6.20%,-5.20%,-12.10%,$96.08 ,"3,490,358,282",5.1 Billion,"$263,969.00 ",,-0.1,-6.2,-5.2,-12.1,96.08,263969.0,3490358282.0,False,Small,0.00036398213426576604,False,False
2739,OctoFi,OCTO,0.75,0.30%,-31.20%,-28.60%,-22.70%,"$466,134.00 ","352,866",800 Thousand,"$263,416.00 ",0.75,0.3,-31.2,-28.6,-22.7,466134.0,263416.0,352866.0,False,Small,1.7695736022109514,True,False
2740,Dexsport,DESU, $-   ,0.00%,-25.50%,11.10%,3.00%,"$1,738.00 ","59,258,630",1 Billion,"$263,463.00 ",,0.0,-25.5,11.1,3.0,1738.0,263463.0,59258630.0,False,Small,0.006596751726048819,False,False
2741,Dev Protocol,DEV,0.11,-,-,-,-, - ,"2,354,596",9.64 Million,"$255,908.00 ",0.11,,,,,,255908.0,2354596.0,False,Small,,False,False
2742,Shibaverse,VERSE, $-   ,-27.10%,-26.30%,-17.10%,-40.70%,$326.00 ,"807,000,000",998 Million,"$263,304.00 ",,-27.1,-26.3,-17.1,-40.7,326.0,263304.0,807000000.0,False,Small,0.0012381125998845441,False,False
2743,TribeOne,HAKA,0.01,-0.10%,-2.20%,-0.90%,106.70%,"$128,208.00 ","30,928,347",188 Million,"$262,599.00 ",0.01,-0.1,-2.2,-0.9,106.7,128208.0,262599.0,30928347.0,False,Small,0.4882272971336524,False,False
2744,Flooring Protocol μMoonBirds,ΜMOONBIRDS, $-   ,-0.10%,3.60%,0.70%,,"$47,331.00 ","66,000,000",66 Million,"$262,188.00 ",,-0.1,3.6,0.7,,47331.0,262188.0,66000000.0,False,Small,0.1805231360703007,False,False
2745,OmegaNetwork,OMN, $-   ,-0.20%,4.50%,-12.10%,-18.10%,"$221,359.00 ","61,779,063",965 Million,"$262,162.00 ",,-0.2,4.5,-12.1,-18.1,221359.0,262162.0,61779063.0,False,Small,0.8443595944492337,True,False
2746,KingdomStarter,KDG, $-   ,0.00%,-6.70%,1.20%,4.40%,"$359,396.00 ","625,500,929",951 Million,"$261,121.00 ",,0.0,-6.7,1.2,4.4,359396.0,261121.0,625500929.0,False,Small,1.3763580868639442,True,False
2747,Red,RED, $-   ,0.00%,-0.10%,7.70%,3.10%,"$43,639.00 ","130,000,009",200 Million,"$260,812.00 ",,0.0,-0.1,7.7,3.1,43639.0,260812.0,130000009.0,False,Small,0.16731975522598652,False,False
2748,VIBE,VIBE, $-   ,-,-,-,-, - ,"187,131,712",267 Million,"$254,470.00 ",,,,,,,254470.0,187131712.0,False,Small,,False,False
2749,Sekuritance,SKRT, $-   ,-0.10%,-0.10%,-1.90%,4.00%,"$14,348.00 ","416,297,249",818 Million,"$258,609.00 ",,-0.1,-0.1,-1.9,4.0,14348.0,258609.0,416297249.0,False,Small,0.055481441094470806,False,False
2750,Knit Finance,KFT, $-   ,-0.10%,-0.80%,2.50%,-17.90%,"$43,344.00 ","54,100,550",100 Million,"$258,456.00 ",,-0.1,-0.8,2.5,-17.9,43344.0,258456.0,54100550.0,False,Small,0.16770359364843532,False,False
2751,Swarm Network,SWM, $-   ,0.20%,-25.60%,-29.70%,-8.30%,$0.03 ,"78,654,618",100 Million,"$258,076.00 ",,0.2,-25.6,-29.7,-8.3,0.03,258076.0,78654618.0,False,Small,1.1624482710519382e-07,False,False
2752,Opacity,OPCT, $-   ,-,-,-,-, - ,"119,795,868",130 Million,"$255,013.00 ",,,,,,,255013.0,119795868.0,False,Small,,False,False
2753,DigiFund,DFUND, $-   ,-0.10%,2.10%,-59.80%,,"$3,225.00 ","100,000,000",100 Million,"$257,239.00 ",,-0.1,2.1,-59.8,,3225.0,257239.0,100000000.0,False,Small,0.012536979229432551,False,False
2754,Terracoin,TRC,0.01,-2.10%,-12.50%,-5.10%,-2.90%,$38.47 ,"22,935,396",42 Million,"$256,033.00 ",0.01,-2.1,-12.5,-5.1,-2.9,38.47,256033.0,22935396.0,False,Small,0.00015025406881144228,False,False
2755,Gunstar Metaverse,GSTS, $-   ,0.50%,2.50%,6.80%,13.70%,"$20,041.00 ","226,062,222",400 Million,"$255,868.00 ",,0.5,2.5,6.8,13.7,20041.0,255868.0,226062222.0,False,Small,0.07832554285803618,False,False
2756,Compendium,CMFI, $-   ,-1.90%,8.70%,16.00%,79.50%,"$14,469.00 ","118,687,666",500 Million,"$255,816.00 ",,-1.9,8.7,16.0,79.5,14469.0,255816.0,118687666.0,False,Small,0.056560183882165306,False,False
2757,Soul Swap,SOUL, $-   ,0.30%,-2.40%,-4.10%,37.80%,$532.00 ,"151,507,472",152 Million,"$255,374.00 ",,0.3,-2.4,-4.1,37.8,532.0,255374.0,151507472.0,False,Small,0.0020832191217586755,False,False
2758,UNCL,UNCL,2.52,-,-,-,-, - ,"98,867",98.9 Thousand,"$249,366.00 ",2.52,,,,,,249366.0,98867.0,False,Small,,False,False
2759,Swop,SWOP,0.07,0.00%,-3.30%,-15.00%,13.00%,"$35,464.00 ","3,428,125",1.09 Million,"$255,271.00 ",0.07,0.0,-3.3,-15.0,13.0,35464.0,255271.0,3428125.0,False,Small,0.1389268659581386,False,False
2760,Babylons,BABI, $-   ,0.10%,-13.30%,-12.50%,-10.40%,"$28,748.00 ","93,854,114",189 Million,"$254,733.00 ",,0.1,-13.3,-12.5,-10.4,28748.0,254733.0,93854114.0,False,Small,0.11285542116647627,False,False
2761,X8X,X8X, $-   ,-0.50%,-1.40%,-21.60%,-1.10%,$571.00 ,"77,585,627",85.2 Million,"$254,677.00 ",,-0.5,-1.4,-21.6,-1.1,571.0,254677.0,77585627.0,False,Small,0.00224205562339748,False,False
2762,MetaSoccer,MSU, $-   ,-0.80%,4.00%,5.80%,41.10%,"$28,205.00 ","102,956,415",352 Million,"$254,410.00 ",,-0.8,4.0,5.8,41.1,28205.0,254410.0,102956415.0,False,Small,0.11086435281632011,False,False
2763,Golden Doge,GDOGE, $-   ,-0.10%,-10.00%,-10.90%,5.30%,$37.58 ,"100,000,000,000,000,000",100 Quadrillion,"$254,555.00 ",,-0.1,-10.0,-10.9,5.3,37.58,254555.0,1e+17,False,Small,0.0001476301781540335,False,False
2764,Infinity Rocket,IRT, $-   ,1.60%,-5.70%,7.70%,30.00%,"$361,865.00 ","92,096,699",200 Million,"$253,544.00 ",,1.6,-5.7,7.7,30.0,361865.0,253544.0,92096699.0,False,Small,1.4272276212412836,True,False
2765,Digital Reserve Currency,DRC, $-   ,0.80%,7.20%,5.70%,22.50%,"$24,439.00 ","1,000,000,000",1 Billion,"$253,336.00 ",,0.8,7.2,5.7,22.5,24439.0,253336.0,1000000000.0,False,Small,0.09646872138188019,False,False
2766,SharedStake Governance v2,SGTV2,0.09,0.00%,-6.90%,1.20%,86.60%,"$4,846.00 ","2,715,631",8.89 Million,"$253,292.00 ",0.09,0.0,-6.9,1.2,86.6,4846.0,253292.0,2715631.0,False,Small,0.01913206891650743,False,False
2767,Revenant,GAMEFI,0.23,0.10%,-2.70%,-0.80%,15.20%,"$2,762.00 ","1,120,939",3 Million,"$252,493.00 ",0.23,0.1,-2.7,-0.8,15.2,2762.0,252493.0,1120939.0,False,Small,0.010938917118494373,False,False
2768,Bart Simpson Coin,BART, $-   ,-0.10%,-12.80%,10.60%,-61.80%,"$1,013.00 ","98,096,568,879,073,100",110 Quadrillion,"$252,416.00 ",,-0.1,-12.8,10.6,-61.8,1013.0,252416.0,9.80965688790731e+16,False,Small,0.004013216277890467,False,False
2769,Hiveterminal,HVN, $-   ,-0.10%,160.10%,38.70%,67.40%,"$9,629.00 ","359,644,765",500 Million,"$251,926.00 ",,-0.1,160.1,38.7,67.4,9629.0,251926.0,359644765.0,False,Small,0.03822154124623898,False,False
2770,HyperChainX,HYPER, $-   ,-0.50%,3.70%,15.80%,28.70%,"$28,901.00 ","651,669,079",966 Million,"$251,731.00 ",,-0.5,3.7,15.8,28.7,28901.0,251731.0,651669079.0,False,Small,0.11480906205433578,False,False
2771,Sint-Truidense Voetbalvereniging Fan Token,STV,0.85,-0.40%,-5.80%,-7.40%,19.50%,"$12,947.00 ","296,838",999 Thousand,"$251,677.00 ",0.85,-0.4,-5.8,-7.4,19.5,12947.0,251677.0,296838.0,False,Small,0.05144292088669207,False,False
2772,DeFiAI,DFAI, $-   ,-,-,-,-, - ,"1,962,965,250",2 Billion,"$310,996.00 ",,,,,,,310996.0,1962965250.0,False,Small,,False,False
2773,Centric Swap,CNS, $-   ,0.10%,-1.50%,-24.20%,48.90%,"$142,643.00 ","86,796,804,536",86.8 Billion,"$249,109.00 ",,0.1,-1.5,-24.2,48.9,142643.0,249109.0,86796804536.0,False,Small,0.5726127919906547,True,False
2774,PieDAO DOUGH v2,DOUGH,0.01,-,-,-,-, - ,"17,953,483",96.9 Million,"$251,766.00 ",0.01,,,,,,251766.0,17953483.0,False,Small,,False,False
2775,Valas Finance,VALAS, $-   ,-0.10%,-11.60%,-15.10%,-7.70%,$559.00 ,"2,122,927,373",3 Billion,"$246,519.00 ",,-0.1,-11.6,-15.1,-7.7,559.0,246519.0,2122927373.0,False,Small,0.0022675736961451248,False,False
2776,Croatian FF Fan Token,VATRENI,0.21,-1.10%,-9.40%,2.20%,-14.00%,"$16,009.00 ","1,151,193",30 Million,"$246,220.00 ",0.21,-1.1,-9.4,2.2,-14.0,16009.0,246220.0,1151193.0,False,Small,0.0650190886199334,False,False
2777,Formation FI,FORM, $-   ,-2.90%,-11.90%,8.00%,86.30%,"$255,924.00 ","163,798,780",1 Billion,"$245,897.00 ",,-2.9,-11.9,8.0,86.3,255924.0,245897.0,163798780.0,False,Small,1.0407772359971859,True,False
2778,Curio Governance,CGT,0.02,0.20%,-20.70%,2.00%,-29.40%,"$5,008.00 ","12,623,862",51 Million,"$244,947.00 ",0.02,0.2,-20.7,2.0,-29.4,5008.0,244947.0,12623862.0,False,Small,0.020445239174188702,False,False
2779,Genaro Network,GNX, $-   ,0.80%,-0.90%,6.40%,1.30%,"$32,916.00 ","304,181,981",675 Million,"$244,801.00 ",,0.8,-0.9,6.4,1.3,32916.0,244801.0,304181981.0,False,Small,0.13446023504805946,False,False
2780,Hypersign Identity,HID,0.01,0.20%,-2.70%,-6.20%,-24.00%,"$34,338.00 ","24,103,000",50 Million,"$243,698.00 ",0.01,0.2,-2.7,-6.2,-24.0,34338.0,243698.0,24103000.0,False,Small,0.14090390565371894,False,False
2781,Gas DAO,GAS, $-   ,1.50%,4.80%,-8.60%,57.20%,"$52,718.00 ","273,616,694,215",1 Trillion,"$243,105.00 ",,1.5,4.8,-8.6,57.2,52718.0,243105.0,273616694215.0,False,Small,0.21685280023035314,False,False
2782,Bitball,BTB, $-   ,0.00%,0.00%,1.10%,110.20%,$1.83 ,"639,999,999",1 Billion,"$242,953.00 ",,0.0,0.0,1.1,110.2,1.83,242953.0,639999999.0,False,Small,7.532321066214453e-06,False,False
2783,LSDx Finance,LSD, $-   ,1.40%,0.60%,5.50%,33.80%,"$29,626.00 ","54,027,883",500 Million,"$242,387.00 ",,1.4,0.6,5.5,33.8,29626.0,242387.0,54027883.0,False,Small,0.12222602697339378,False,False
2784,Bitlocus,BTL, $-   ,-1.20%,13.90%,23.10%,37.50%,"$20,845.00 ","448,500,000",500 Million,"$241,121.00 ",,-1.2,13.9,23.1,37.5,20845.0,241121.0,448500000.0,False,Small,0.08645037139029782,False,False
2785,Zodium,ZODI, $-   ,-0.20%,-8.50%,-1.30%,-23.40%,"$41,589.00 ","362,045,610",889 Million,"$240,133.00 ",,-0.2,-8.5,-1.3,-23.4,41589.0,240133.0,362045610.0,False,Small,0.173191523030987,False,False
2786,MakiSwap,MAKI, $-   ,0.90%,-4.40%,-4.70%,3.20%,"$2,966.00 ","450,406,886",450 Million,"$239,246.00 ",,0.9,-4.4,-4.7,3.2,2966.0,239246.0,450406886.0,False,Small,0.012397281459251147,False,False
2787,EDDASwap,EDDA,47.73,,-0.20%,-10.00%,-4.80%,$732.00 ,"5,000",5 Thousand,"$238,649.00 ",47.73,,-0.2,-10.0,-4.8,732.0,238649.0,5000.0,False,Small,0.003067266152382788,False,False
2788,RUBY,RUBY,0.02,0.10%,0.60%,11.40%,16.50%,$303.00 ,"12,947,466",200 Million,"$238,579.00 ",0.02,0.1,0.6,11.4,16.5,303.0,238579.0,12947466.0,False,Small,0.0012700195742290814,False,False
2789,AppCoins,APPC, $-   ,-,-,-,-, - ,"116,639,856",246 Million,"$238,888.00 ",,,,,,,238888.0,116639856.0,False,Small,,False,False
2790,DeHive,DHV,0.06,-0.30%,0.90%,-3.10%,9.30%,"$69,830.00 ","4,288,705",5.61 Million,"$236,987.00 ",0.06,-0.3,0.9,-3.1,9.3,69830.0,236987.0,4288705.0,False,Small,0.29465751285935515,False,False
2791,A2DAO,ATD,0.03,2.20%,6.50%,-1.50%,-6.70%,"$25,323.00 ","9,072,724",17.1 Million,"$235,923.00 ",0.03,2.2,6.5,-1.5,-6.7,25323.0,235923.0,9072724.0,False,Small,0.10733586805864626,False,False
2792,Flits,FLS, $-   ,0.30%,2.60%,11.40%,-37.80%,$133.00 ,"65,105,815",65.1 Million,"$235,951.00 ",,0.3,2.6,11.4,-37.8,133.0,235951.0,65105815.0,False,Small,0.0005636763565316528,False,False
2793,Duckereum,DUCKER, $-   ,-0.10%,2.60%,7.30%,-2.30%,"$1,545.00 ","100,000,000",100 Million,"$235,942.00 ",,-0.1,2.6,7.3,-2.3,1545.0,235942.0,100000000.0,False,Small,0.00654821947766824,False,False
2794,Brokoli,BRKL, $-   ,3.70%,3.80%,-2.30%,10.60%,"$28,779.00 ","53,472,622",125 Million,"$235,462.00 ",,3.7,3.8,-2.3,10.6,28779.0,235462.0,53472622.0,False,Small,0.12222354350171152,False,False
2795,carVertical,CV, $-   ,-,-,-,-, - ,"7,486,268,481",9.93 Billion,"$230,823.00 ",,,,,,,230823.0,7486268481.0,False,Small,,False,False
2796,0xMonero,0XMR,0.13,-0.10%,-17.30%,48.80%,-29.20%,$781.00 ,"1,865,250",1.87 Million,"$233,785.00 ",0.13,-0.1,-17.3,48.8,-29.2,781.0,233785.0,1865250.0,False,Small,0.003340676262377826,False,False
2797,Ftribe Fighters,F2C, $-   ,0.30%,-4.20%,-12.30%,-18.80%,"$26,064.00 ","603,455,000",1 Billion,"$232,638.00 ",,0.3,-4.2,-12.3,-18.8,26064.0,232638.0,603455000.0,False,Small,0.11203672658808965,False,False
2798,DarkCrypto Share,SKY,2.96,-0.20%,3.90%,-6.60%,152.90%,$167.00 ,"78,532",70.1 Thousand,"$231,781.00 ",2.96,-0.2,3.9,-6.6,152.9,167.0,231781.0,78532.0,False,Small,0.0007205077206500965,False,False
2799,Pepemon Pepeballs,PPBLZ,16.59,0.00%,2.00%,8.70%,26.10%,$468.00 ,"14,000",14 Thousand,"$232,218.00 ",16.59,0.0,2.0,8.7,26.1,468.0,232218.0,14000.0,False,Small,0.0020153476474691883,False,False
2800,Solarbeam,SOLAR,0.01,1.30%,-7.20%,4.20%,49.60%,"$7,936.00 ","16,872,697",2.5 Million,"$231,328.00 ",0.01,1.3,-7.2,4.2,49.6,7936.0,231328.0,16872697.0,False,Small,0.034306266426891684,False,False
2801,Varen,VRN,4.67,-,-,-,-, - ,"48,624",88.9 Thousand,"$227,030.00 ",4.67,,,,,,227030.0,48624.0,False,Small,,False,False
2802,Shih Tzu,SHIH, $-   ,,1.40%,-1.60%,33.10%,$217.00 ,"1,000,000,000,000,000",1 Quadrillion,"$230,429.00 ",,,1.4,-1.6,33.1,217.0,230429.0,1000000000000000.0,False,Small,0.0009417217450928486,False,False
2803,CaveWorld,CAVE,0.05,0.50%,-3.80%,13.50%,3.30%,$957.00 ,"4,629,479",100 Million,"$230,564.00 ",0.05,0.5,-3.8,13.5,3.3,957.0,230564.0,4629479.0,False,Small,0.004150691348172308,False,False
2804,AstridDAO,ATID, $-   ,0.20%,-0.20%,-10.90%,7.40%,$271.00 ,"338,013,119",1 Billion,"$229,357.00 ",,0.2,-0.2,-10.9,7.4,271.0,229357.0,338013119.0,False,Small,0.0011815641118431092,False,False
2805,DaTa eXchange DTX,DTX, $-   ,0.00%,0.00%,-64.10%,-60.00%,$12.05 ,"225,000,000",225 Million,"$229,267.00 ",,0.0,0.0,-64.1,-60.0,12.05,229267.0,225000000.0,False,Small,5.255880698050745e-05,False,False
2806,MoonEdge,MOONED, $-   ,0.10%,0.10%,0.70%,-3.60%,$38.83 ,"116,890,295",200 Million,"$228,766.00 ",,0.1,0.1,0.7,-3.6,38.83,228766.0,116890295.0,False,Small,0.00016973676158170357,False,False
2807,Covesting,COV,0.01,-,-,-,-, - ,"18,725,534",18.7 Million,"$224,600.00 ",0.01,,,,,,224600.0,18725534.0,False,Small,,False,False
2808,OST,OST, $-   ,0.20%,2.70%,-5.60%,-2.00%,"$36,643.00 ","691,519,032",800 Million,"$228,529.00 ",,0.2,2.7,-5.6,-2.0,36643.0,228529.0,691519032.0,False,Small,0.1603428886487054,False,False
2809,Lifty,LQT,0.01,-,-,-,-, - ,"40,307,500",50 Million,"$225,776.00 ",0.01,,,,,,225776.0,40307500.0,False,Small,,False,False
2810,Alpha Radar Bot,ARBOT, $-   ,-0.10%,2.30%,8.40%,-12.90%,$348.00 ,"92,589,710",100 Million,"$227,576.00 ",,-0.1,2.3,8.4,-12.9,348.0,227576.0,92589710.0,False,Small,0.0015291594895771082,False,False
2811,CATO,CATO, $-   ,9.00%,-18.30%,-33.70%,72.60%,$987.00 ,"172,000,000",300 Million,"$227,362.00 ",,9.0,-18.3,-33.7,72.6,987.0,227362.0,172000000.0,False,Small,0.004341094817955507,False,False
2812,Dogira,DOGIRA, $-   ,0.50%,-6.00%,-30.30%,-6.60%,$66.18 ,"736,879,845",996 Million,"$226,973.00 ",,0.5,-6.0,-30.3,-6.6,66.18,226973.0,736879845.0,False,Small,0.0002915765311292533,False,False
2813,Parachute,PAR, $-   ,0.30%,-16.40%,-29.70%,132.50%,"$75,732.00 ","620,935,071",1 Billion,"$226,215.00 ",,0.3,-16.4,-29.7,132.5,75732.0,226215.0,620935071.0,False,Small,0.33477886081824815,False,False
2814,PADAWAN,PADAWAN,0.02,1.00%,-26.20%,-61.20%,,"$39,881.00 ","9,979,490",9.98 Million,"$223,405.00 ",0.02,1.0,-26.2,-61.2,,39881.0,223405.0,9979490.0,False,Small,0.1785143573330946,False,False
2815,Crodex,CRX,2.23,-0.30%,0.70%,-18.90%,57.10%,$801.00 ,"100,000",100 Thousand,"$223,220.00 ",2.23,-0.3,0.7,-18.9,57.1,801.0,223220.0,100000.0,False,Small,0.003588388137263686,False,False
2816,Kawakami,KAWA, $-   ,-0.10%,-0.20%,-9.40%,4.60%,$403.00 ,"988,566,548,288",1 Trillion,"$223,129.00 ",,-0.1,-0.2,-9.4,4.6,403.0,223129.0,988566548288.0,False,Small,0.001806130086183329,False,False
2817,The HUSL,HUSL,0.01,-0.30%,-5.20%,-8.80%,52.60%,"$5,544.00 ","15,844,562",70 Million,"$223,023.00 ",0.01,-0.3,-5.2,-8.8,52.6,5544.0,223023.0,15844562.0,False,Small,0.024858422673894622,False,False
2818,MediShares,MDS, $-   ,-0.80%,2.00%,4.10%,20.50%,"$41,042.00 ","1,142,499,750",2 Billion,"$221,618.00 ",,-0.8,2.0,4.1,20.5,41042.0,221618.0,1142499750.0,False,Small,0.1851925385122147,False,False
2819,InsightX,INX, $-   ,-0.10%,7.90%,22.70%,,"$1,210.00 ","200,000,000",250 Million,"$221,255.00 ",,-0.1,7.9,22.7,,1210.0,221255.0,200000000.0,False,Small,0.005468802964904748,False,False
2820,Benzene,BZN,0.22,0.10%,3.10%,15.30%,116.50%,$219.00 ,"1,009,597",99.5 Million,"$220,609.00 ",0.22,0.1,3.1,15.3,116.5,219.0,220609.0,1009597.0,False,Small,0.0009927065532231232,False,False
2821,Shakita Inu,SHAK, $-   ,,-0.80%,-1.50%,-1.00%,$234.00 ,"6,516,395,374",8 Billion,"$219,504.00 ",,,-0.8,-1.5,-1.0,234.0,219504.0,6516395374.0,False,Small,0.001066039798819156,False,False
2822,ADreward,AD, $-   ,-0.60%,-7.20%,2.80%,-73.70%,"$25,746.00 ","8,583,333,333",10 Billion,"$219,907.00 ",,-0.6,-7.2,2.8,-73.7,25746.0,219907.0,8583333333.0,False,Small,0.1170767642685317,False,False
2823,HitChain,HIT, $-   ,0.60%,-4.90%,4.60%,-12.40%,"$27,331.00 ","61,440,000,000",102 Billion,"$219,670.00 ",,0.6,-4.9,4.6,-12.4,27331.0,219670.0,61440000000.0,False,Small,0.12441844585059407,False,False
2824,GAX Liquidity Token Reward,GLTR, $-   ,0.10%,-4.00%,-12.80%,-17.50%,$657.00 ,"70,842,923,996",1 Trillion,"$219,631.00 ",,0.1,-4.0,-12.8,-17.5,657.0,219631.0,70842923996.0,False,Small,0.0029913809981286796,False,False
2825,Cook,COOK, $-   ,1.00%,7.00%,25.80%,83.00%,"$58,769.00 ","1,973,233,859",10 Billion,"$219,394.00 ",,1.0,7.0,25.8,83.0,58769.0,219394.0,1973233859.0,False,Small,0.26786967738406703,False,False
2826,EverETH,EVERETH, $-   ,-0.10%,9.60%,3.60%,8.50%,$13.55 ,"378,155,807,202,982",493 Trillion,"$219,107.00 ",,-0.1,9.6,3.6,8.5,13.55,219107.0,378155807202982.0,False,Small,6.184193111128353e-05,False,False
2827,WePower,WPR, $-   ,0.00%,-0.10%,-0.10%,49.00%, $-   ,"608,821,561",745 Million,"$218,987.00 ",,0.0,-0.1,-0.1,49.0,,218987.0,608821561.0,False,Small,,False,False
2828,Bottos,BTO, $-   ,0.00%,2.10%,8.00%,0.20%,"$27,435.00 ","545,990,153",1 Billion,"$218,958.00 ",,0.0,2.1,8.0,0.2,27435.0,218958.0,545990153.0,False,Small,0.12529800235661634,False,False
2829,Einsteinium,EMC2, $-   ,29.40%,12.60%,-83.60%,-82.70%,"$4,575.00 ","223,587,853",245 Million,"$218,662.00 ",,29.4,12.6,-83.6,-82.7,4575.0,218662.0,223587853.0,False,Small,0.020922702618653446,False,False
2830,Kassandra,KACY,0.08,-0.10%,-5.90%,21.50%,55.70%,$456.00 ,"2,711,324",9.6 Million,"$218,036.00 ",0.08,-0.1,-5.9,21.5,55.7,456.0,218036.0,2711324.0,False,Small,0.002091397750830138,False,False
2831,Travel Care,TRAVEL, $-   ,-0.50%,-10.40%,-6.60%,69.20%,"$1,890.00 ","204,641,391",205 Million,"$218,034.00 ",,-0.5,-10.4,-6.6,69.2,1890.0,218034.0,204641391.0,False,Small,0.008668372822587303,False,False
2832,Filda,FILDA, $-   ,0.10%,0.60%,-1.20%,-3.10%,"$2,685.00 ","193,510,841",500 Million,"$216,710.00 ",,0.1,0.6,-1.2,-3.1,2685.0,216710.0,193510841.0,False,Small,0.01238982972636242,False,False
2833,Wojak 2.69,WOJAK2.69, $-   ,-0.10%,3.60%,4.00%,8.30%,$211.00 ,"6,297,590,014",6.3 Billion,"$216,042.00 ",,-0.1,3.6,4.0,8.3,211.0,216042.0,6297590014.0,False,Small,0.0009766619453624758,False,False
2834,Iron Bank,IB,1.13,0.60%,0.90%,-0.80%,14.20%,$160.00 ,"189,844",7.31 Million,"$214,889.00 ",1.13,0.6,0.9,-0.8,14.2,160.0,214889.0,189844.0,False,Small,0.0007445704526522996,False,False
2835,Tokenplace,TOK, $-   ,0.00%,0.00%,31.00%,42.50%,"$28,491.00 ","121,416,311",250 Million,"$214,544.00 ",,0.0,0.0,31.0,42.5,28491.0,214544.0,121416311.0,False,Small,0.13279793422328287,False,False
2836,Smoothy,SMTY, $-   ,-0.40%,-4.10%,5.80%,-38.50%,"$59,841.00 ","91,458,333",100 Million,"$214,392.00 ",,-0.4,-4.1,5.8,-38.5,59841.0,214392.0,91458333.0,False,Small,0.27911955669987687,False,False
2837,Emerald Crypto,EMD,0.01,-,-,-,-, - ,"20,052,002",32 Million,"$219,309.00 ",0.01,,,,,,219309.0,20052002.0,False,Small,,False,False
2838,Herity Network,HER, $-   ,-0.10%,-9.90%,-13.90%,0.70%,$18.84 ,"47,398,959",95 Million,"$213,276.00 ",,-0.1,-9.9,-13.9,0.7,18.84,213276.0,47398959.0,False,Small,8.833624036459798e-05,False,False
2839,Enecuum,ENQ, $-   ,-5.00%,-2.50%,53.80%,-66.70%,$316.00 ,"276,788,946",350 Million,"$212,857.00 ",,-5.0,-2.5,53.8,-66.7,316.0,212857.0,276788946.0,False,Small,0.001484564754741446,False,False
2840,TTcoin,TC, $-   ,2.00%,1.90%,-11.90%,-50.00%,"$2,590.00 ","2,268,464,523",6 Billion,"$211,885.00 ",,2.0,1.9,-11.9,-50.0,2590.0,211885.0,2268464523.0,False,Small,0.01222361186492673,False,False
2841,Synthswap,SYNTH,4.73,0.60%,0.60%,-9.30%,-37.50%,"$1,075.00 ","44,699",87.2 Thousand,"$211,548.00 ",4.73,0.6,0.6,-9.3,-37.5,1075.0,211548.0,44699.0,False,Small,0.005081589048348365,False,False
2842,Carbon,CRBN,0.01,0.00%,5.20%,1.50%,-35.90%,"$36,757.00 ","32,649,664",50 Million,"$211,528.00 ",0.01,0.0,5.2,1.5,-35.9,36757.0,211528.0,32649664.0,False,Small,0.17376895730116107,False,False
2843,KingdomX,KT, $-   ,0.10%,-0.60%,0.60%,11.90%,"$155,987.00 ","155,408,353",1 Billion,"$211,388.00 ",,0.1,-0.6,0.6,11.9,155987.0,211388.0,155408353.0,False,Small,0.7379179518231876,True,False
2844,Poseidon,PSDN,0.87,-0.10%,6.30%,13.50%,38.90%,"$1,525.00 ","243,144",1 Million,"$211,162.00 ",0.87,-0.1,6.3,13.5,38.9,1525.0,211162.0,243144.0,False,Small,0.0072219433420785935,False,False
2845,Museum of Crypto Art,MOCA,0.08,0.50%,1.00%,0.40%,13.60%,"$1,030.00 ","2,619,365",10 Million,"$209,941.00 ",0.08,0.5,1.0,0.4,13.6,1030.0,209941.0,2619365.0,False,Small,0.004906140296559509,False,False
2846,Autonio,NIOX, $-   ,0.50%,0.50%,4.90%,16.00%,"$19,776.00 ","169,840,152",330 Million,"$209,743.00 ",,0.5,0.5,4.9,16.0,19776.0,209743.0,169840152.0,False,Small,0.09428681767687122,False,False
2847,Flooring Protocol μ0N1Force,Μ0N1, $-   ,-0.10%,1.40%,-2.50%,,"$1,508.00 ","139,000,000",139 Million,"$209,548.00 ",,-0.1,1.4,-2.5,,1508.0,209548.0,139000000.0,False,Small,0.0071964418653482735,False,False
2848,CyberFi,CFI,0.13,-0.30%,-4.30%,-3.50%,20.80%,"$389,105.00 ","1,627,650",2.4 Million,"$207,907.00 ",0.13,-0.3,-4.3,-3.5,20.8,389105.0,207907.0,1627650.0,False,Small,1.8715339069872587,True,False
2849,SolChicks,CHICKS, $-   ,0.40%,-3.80%,-9.00%,128.00%,$772.00 ,"2,058,998,084",10 Billion,"$207,868.00 ",,0.4,-3.8,-9.0,128.0,772.0,207868.0,2058998084.0,False,Small,0.003713895356668655,False,False
2850,Etho Protocol,ETHO, $-   ,-15.30%,-20.10%,-5.20%,269.30%,"$42,960.00 ","57,640,086",∞,"$207,404.00 ",,-15.3,-20.1,-5.2,269.3,42960.0,207404.0,57640086.0,False,Small,0.20713197431100655,False,False
2851,DIGG,DIGG,820.87,,-6.40%,-29.60%,-49.30%,$719.00 ,252,. M,"$207,201.00 ",820.87,,-6.4,-29.6,-49.3,719.0,207201.0,252.0,False,Small,0.0034700604726811165,False,False
2852,MicroPets [OLD],PETS, $-   ,-,-,-,-, - ,"8,781,766,181,957",10 Trillion,"$259,039.00 ",,,,,,,259039.0,8781766181957.0,False,Small,,False,False
2853,Chad Coin,CHAD, $-   ,-0.10%,-0.10%,3.50%,-8.60%,"$54,603.00 ","235,000,000,000",235 Billion,"$206,554.00 ",,-0.1,-0.1,3.5,-8.6,54603.0,206554.0,235000000000.0,False,Small,0.26435217909118197,False,False
2854,ADAX,ADAX, $-   ,1.60%,-14.50%,10.80%,79.10%,"$4,647.00 ","52,410,000",100 Million,"$206,487.00 ",,1.6,-14.5,10.8,79.1,4647.0,206487.0,52410000.0,False,Small,0.022505048743988725,False,False
2855,Bent Finance,BENT,0.03,-,-,-,-, - ,"7,050,863",50 Million,"$200,590.00 ",0.03,,,,,,200590.0,7050863.0,False,Small,,False,False
2856,Novara Calcio Fan Token,NOV,0.48,-0.90%,0.20%,11.90%,44.70%,"$10,318.00 ","425,135",1 Million,"$205,504.00 ",0.48,-0.9,0.2,11.9,44.7,10318.0,205504.0,425135.0,False,Small,0.05020826845219558,False,False
2857,Elpis Battle,EBA, $-   ,-,-,-,-, - ,"83,789,121",485 Million,"$217,262.00 ",,,,,,,217262.0,83789121.0,False,Small,,False,False
2858,Pacoca,PACOCA, $-   ,-0.40%,-6.60%,-0.80%,49.00%,"$2,101.00 ","413,390,890",179 Million,"$204,762.00 ",,-0.4,-6.6,-0.8,49.0,2101.0,204762.0,413390890.0,False,Small,0.010260692902003302,False,False
2859,Wizardia,WZRD, $-   ,1.30%,-2.00%,29.20%,46.80%,"$59,448.00 ","105,126,241",300 Million,"$203,488.00 ",,1.3,-2.0,29.2,46.8,59448.0,203488.0,105126241.0,False,Small,0.2921449913508413,False,False
2860,AGA,AGA,0.04,-,-,-,-, - ,"4,500,000",4.5 Million,"$199,976.00 ",0.04,,,,,,199976.0,4500000.0,False,Small,,False,False
2861,Tender.fi,TND,0.20,0.40%,-1.90%,-10.70%,-4.80%,$374.00 ,"1,031,402",10 Million,"$202,598.00 ",0.2,0.4,-1.9,-10.7,-4.8,374.0,202598.0,1031402.0,False,Small,0.0018460201976327505,False,False
2862,Sirin Labs,SRN, $-   ,1.00%,-75.00%,-74.00%,-68.90%,"$13,411.00 ","532,779,059",572 Million,"$201,405.00 ",,1.0,-75.0,-74.0,-68.9,13411.0,201405.0,532779059.0,False,Small,0.06658722474615823,False,False
2863,Sheesha Finance (ERC20),SHEESHA,4.06,-0.50%,-1.00%,-7.40%,-6.50%,$315.00 ,"49,460",100 Thousand,"$201,160.00 ",4.06,-0.5,-1.0,-7.4,-6.5,315.0,201160.0,49460.0,False,Small,0.00156591767747067,False,False
2864,Skrumble Network,SKM, $-   ,-0.30%,0.50%,6.10%,10.50%,"$20,520.00 ","1,053,679,600",1.5 Billion,"$201,092.00 ",,-0.3,0.5,6.1,10.5,20520.0,201092.0,1053679600.0,False,Small,0.10204284606050962,False,False
2865,OB,OBT,0.03,-,-,-,-, - ,"7,403,469",9.97 Million,"$247,012.00 ",0.03,,,,,,247012.0,7403469.0,False,Small,,False,False
2866,Lead,LEAD, $-   ,-,-,-,-, - ,"454,310,846",964 Million,"$196,525.00 ",,,,,,,196525.0,454310846.0,False,Small,,False,False
2867,Velocimeter FLOW,FLOW, $-   ,0.60%,4.70%,15.30%,2.00%,$201.00 ,"271,563,958",∞,"$200,386.00 ",,0.6,4.7,15.3,2.0,201.0,200386.0,271563958.0,False,Small,0.001003064086313415,False,False
2868,Xillion,XIL, $-   ,0.00%,-3.10%,-0.80%,-1.40%,"$17,776.00 ","138,184,791",250 Million,"$199,948.00 ",,0.0,-3.1,-0.8,-1.4,17776.0,199948.0,138184791.0,False,Small,0.08890311480985057,False,False
2869,Flooring Protocol μOtherdeed,ΜOTHR, $-   ,-0.10%,7.30%,0.30%,,"$47,707.00 ","160,000,000",160 Million,"$199,720.00 ",,-0.1,7.3,0.3,,47707.0,199720.0,160000000.0,False,Small,0.2388694171840577,False,False
2870,FRANCE REV FINANCE,FRF, $-   ,0.00%,-0.40%,-0.30%,805.20%,"$6,373.00 ","6,532,800,814,062",7.23 Trillion,"$199,213.00 ",,0.0,-0.4,-0.3,805.2,6373.0,199213.0,6532800814062.0,False,Small,0.031990884129047804,False,False
2871,HairyPlotterFTX,FTX, $-   ,-0.80%,26.70%,12.40%,117.20%,"$42,060.00 ","6,958,101,844",9.13 Billion,"$199,440.00 ",,-0.8,26.7,12.4,117.2,42060.0,199440.0,6958101844.0,False,Small,0.21089049338146812,False,False
2872,Flashstake,FLASH, $-   ,-0.10%,-41.20%,-24.80%,-49.80%,"$2,460.00 ","85,326,440",150 Million,"$199,430.00 ",,-0.1,-41.2,-24.8,-49.8,2460.0,199430.0,85326440.0,False,Small,0.01233515519229805,False,False
2873,Blockzero Labs,XIO,0.01,-0.10%,-19.90%,27.60%,-14.20%,"$7,539.00 ","37,392,410",100 Million,"$199,095.00 ",0.01,-0.1,-19.9,27.6,-14.2,7539.0,199095.0,37392410.0,False,Small,0.037866345212084686,False,False
2874,Libra Credit,LBA, $-   ,-0.50%,2.20%,-3.80%,7.00%,"$34,722.00 ","675,000,000",1 Billion,"$198,966.00 ",,-0.5,2.2,-3.8,7.0,34722.0,198966.0,675000000.0,False,Small,0.17451222821989687,False,False
2875,disBalancer,DDOS,0.03,0.30%,5.00%,4.00%,13.50%,"$26,394.00 ","6,758,469",7.46 Million,"$198,784.00 ",0.03,0.3,5.0,4.0,13.5,26394.0,198784.0,6758469.0,False,Small,0.13277728589826143,False,False
2876,Rito,RITO, $-   ,0.30%,-1.50%,1.00%,18.40%,$140.00 ,"1,814,884,353",2.03 Billion,"$198,495.00 ",,0.3,-1.5,1.0,18.4,140.0,198495.0,1814884353.0,False,Small,0.0007053074384745208,False,False
2877,UTU Coin,UTU, $-   ,-0.10%,3.40%,-35.60%,-39.20%,$647.00 ,"224,534,944",998 Million,"$198,368.00 ",,-0.1,3.4,-35.6,-39.2,647.0,198368.0,224534944.0,False,Small,0.0032616147765768674,False,False
2878,AstroSwap,ASTRO, $-   ,-0.80%,-5.30%,-11.30%,25.80%,"$37,746.00 ","428,462,821",10 Billion,"$198,355.00 ",,-0.8,-5.3,-11.3,25.8,37746.0,198355.0,428462821.0,False,Small,0.1902951778377152,False,False
2879,Skull,SKULL,0.02,-,-,-,-, - ,"9,595,366",10 Million,"$212,269.00 ",0.02,,,,,,212269.0,9595366.0,False,Small,,False,False
2880,Flooring Protocol μDoodle,ΜDOODLE, $-   ,-0.10%,1.30%,-15.50%,,"$30,829.00 ","54,000,000",54 Million,"$197,539.00 ",,-0.1,1.3,-15.5,,30829.0,197539.0,54000000.0,False,Small,0.15606538455697355,False,False
2881,Iridium,IRD,0.01,-,-,-,-, - ,"24,132,203",25 Million,"$193,553.00 ",0.01,,,,,,193553.0,24132203.0,False,Small,,False,False
2882,Convertible JPY Token,CJPY,0.01,,1.70%,-1.30%,-3.40%,"$1,551.00 ","31,720,566",31.7 Million,"$196,547.00 ",0.01,,1.7,-1.3,-3.4,1551.0,196547.0,31720566.0,False,Small,0.007891242298279802,False,False
2883,Phoenix Blockchain,PHX,0.03,0.30%,13.60%,22.90%,55.70%,"$19,929.00 ","6,582,728",6.58 Million,"$196,084.00 ",0.03,0.3,13.6,22.9,55.7,19929.0,196084.0,6582728.0,False,Small,0.10163501356561473,False,False
2884,Bull Coin,BULL, $-   ,0.10%,-9.70%,-9.50%,4.80%,$6.89 ,"500,000,000,000,000",500 Trillion,"$195,615.00 ",,0.1,-9.7,-9.5,4.8,6.89,195615.0,500000000000000.0,False,Small,3.522224778263426e-05,False,False
2885,ZeusAiTrading,ZAT, $-   ,-0.10%,16.90%,16.30%,-72.20%,"$5,259.00 ","433,012,654",1 Billion,"$195,553.00 ",,-0.1,16.9,16.3,-72.2,5259.0,195553.0,433012654.0,False,Small,0.026892965078520913,False,False
2886,Statera,STA, $-   ,-,-,-,-, - ,"78,564,117",78.6 Million,"$191,063.00 ",,,,,,,191063.0,78564117.0,False,Small,,False,False
2887,Lightcoin,LHC, $-   ,-1.10%,5.90%,12.20%,-14.00%,$323.00 ,"73,431,344",73.4 Million,"$195,427.00 ",,-1.1,5.9,12.2,-14.0,323.0,195427.0,73431344.0,False,Small,0.0016527910677644338,False,False
2888,X,X, $-   ,-0.10%,9.20%,7.60%,11.50%,$100.00 ,"3,260,973,494",10 Billion,"$195,349.00 ",,-0.1,9.2,7.6,11.5,100.0,195349.0,3260973494.0,False,Small,0.0005119043353178158,False,False
2889,Nafter,NAFT, $-   ,-0.80%,-12.50%,-3.20%,-1.40%,"$27,823.00 ","441,199,429",1 Billion,"$194,977.00 ",,-0.8,-12.5,-3.2,-1.4,27823.0,194977.0,441199429.0,False,Small,0.14269888243228687,False,False
2890,Ultrain,UGAS, $-   ,4.10%,7.70%,15.50%,-25.90%,"$77,196.00 ","282,240,118",1 Billion,"$194,654.00 ",,4.1,7.7,15.5,-25.9,77196.0,194654.0,282240118.0,False,Small,0.3965805994225652,False,False
2891,Bitnet,BTN,0.21,-7.60%,3.90%,45.00%,39.90%,"$17,064.00 ","923,724",-,"$194,528.00 ",0.21,-7.6,3.9,45.0,39.9,17064.0,194528.0,923724.0,False,Small,0.08772001974008883,False,False
2892,TurtleCoin,TRTL, $-   ,-,-,-,-, - ,"138,370,112,934",138 Billion,"$190,280.00 ",,,,,,,190280.0,138370112934.0,False,Small,,False,False
2893,Gaj Finance,GAJ, $-   ,0.10%,0.40%,-9.10%,11.80%,$44.35 ,"2,094,398,844,238",1.94 Million,"$144,086.00 ",,0.1,0.4,-9.1,11.8,44.35,144086.0,2094398844238.0,False,Small,0.0003078022847466097,False,False
2894,Mist,MIST, $-   ,-1.60%,-19.00%,10.10%,130.00%,"$115,416.00 ","56,357,088",1 Billion,"$191,968.00 ",,-1.6,-19.0,10.1,130.0,115416.0,191968.0,56357088.0,False,Small,0.6012252042007001,True,False
2895,TasteNFT,TASTE, $-   ,-0.50%,-9.30%,-7.30%,6.20%,$17.83 ,"606,376,071,292,937",1 Quadrillion,"$191,930.00 ",,-0.5,-9.3,-7.3,6.2,17.83,191930.0,606376071292937.0,False,Small,9.289845256082946e-05,False,False
2896,Youcoin,YOU, $-   ,0.50%,1.80%,0.60%,-24.20%,$17.88 ,"1,000,000,000",1 Billion,"$191,868.00 ",,0.5,1.8,0.6,-24.2,17.88,191868.0,1000000000.0,False,Small,9.318906748389517e-05,False,False
2897,DOS Network,DOS, $-   ,-0.70%,1.80%,20.10%,19.60%,"$269,191.00 ","132,036,278",1 Billion,"$191,742.00 ",,-0.7,1.8,20.1,19.6,269191.0,191742.0,132036278.0,False,Small,1.40392297983749,True,False
2898,Don-key,DON, $-   ,-0.10%,-3.20%,-1.10%,-23.50%,"$1,625.00 ","66,294,797",100 Million,"$190,713.00 ",,-0.1,-3.2,-1.1,-23.5,1625.0,190713.0,66294797.0,False,Small,0.008520656693565724,False,False
2899,Meta Doge,METADOGE, $-   ,-,-,-,-, - ,"1,000,000,000,000,000",1 Quadrillion,"$186,017.00 ",,,,,,,186017.0,1000000000000000.0,False,Small,,False,False
2900,FIRA,FIRA,0.01,0.30%,3.80%,-14.40%,25.20%,$778.00 ,"24,074,794",100 Million,"$190,519.00 ",0.01,0.3,3.8,-14.4,25.2,778.0,190519.0,24074794.0,False,Small,0.004083582214897202,False,False
2901,EasyFi V2,EZ,0.03,-1.90%,-16.60%,-17.90%,-27.10%,"$41,068.00 ","7,239,622",10 Million,"$190,638.00 ",0.03,-1.9,-16.6,-17.9,-27.1,41068.0,190638.0,7239622.0,False,Small,0.21542399731428152,False,False
2902,Polylauncher,ANGEL, $-   ,0.60%,2.30%,-12.20%,10.80%,$344.00 ,"84,005,576",200 Million,"$190,372.00 ",,0.6,2.3,-12.2,10.8,344.0,190372.0,84005576.0,False,Small,0.001806988422667199,False,False
2903,N286,N286,0.01,-,-,-,-, - ,"21,000,000",21 Million,"$260,303.00 ",0.01,,,,,,260303.0,21000000.0,False,Small,,False,False
2904,Swingby,SWINGBY, $-   ,-0.20%,-45.70%,-42.00%,-35.20%,"$1,739.00 ","450,258,441",1 Billion,"$189,025.00 ",,-0.2,-45.7,-42.0,-35.2,1739.0,189025.0,450258441.0,False,Small,0.009199841290834546,False,False
2905,Bao Finance V2,BAO, $-   ,-,-,-,-, - ,"430,963,845",1.29 Billion,"$183,775.00 ",,,,,,,183775.0,430963845.0,False,Small,,False,False
2906,Bitspawn,SPWN, $-   ,0.10%,-34.10%,456.10%,1138.80%,$178.00 ,"718,641,159",2 Billion,"$187,644.00 ",,0.1,-34.1,456.1,1138.8,178.0,187644.0,718641159.0,False,Small,0.0009486048048432137,False,True
2907,Number 1,NR1,0.01,0.00%,-1.10%,-0.60%,-11.20%,"$17,819.00 ","26,000,000",86 Million,"$187,366.00 ",0.01,0.0,-1.1,-0.6,-11.2,17819.0,187366.0,26000000.0,False,Small,0.09510263334863316,False,False
2908,Grape Protocol,GRAPE, $-   ,0.30%,-6.60%,-63.40%,2.50%,$836.00 ,"184,643,908",72.5 Million,"$186,493.00 ",,0.3,-6.6,-63.4,2.5,836.0,186493.0,184643908.0,False,Small,0.004482741979591727,False,False
2909,Floyx,FLOYX, $-   ,0.60%,3.50%,-4.10%,26.80%,"$104,781.00 ","3,829,760,213",50 Billion,"$186,320.00 ",,0.6,3.5,-4.1,26.8,104781.0,186320.0,3829760213.0,False,Small,0.5623711893516531,True,False
2910,Vera,VERA, $-   ,0.50%,-2.80%,3.80%,89.90%,"$85,098.00 ","210,749,900",1 Billion,"$185,126.00 ",,0.5,-2.8,3.8,89.9,85098.0,185126.0,210749900.0,False,Small,0.4596761124855504,False,False
2911,Sable,SABLE,0.01,-2.70%,-9.60%,-24.80%,-21.10%,"$7,550.00 ","18,425,595",100 Million,"$183,679.00 ",0.01,-2.7,-9.6,-24.8,-21.1,7550.0,183679.0,18425595.0,False,Small,0.04110431785887336,False,False
2912,ATROMG8,AG8, $-   ,,-3.00%,-19.90%,-38.70%,$841.00 ,"42,000,000",84 Million,"$182,573.00 ",,,-3.0,-19.9,-38.7,841.0,182573.0,42000000.0,False,Small,0.0046063766274312195,False,False
2913,Ink,INK, $-   ,-0.20%,-0.80%,-0.30%,15.90%,"$38,615.00 ","463,910,527",-,"$183,256.00 ",,-0.2,-0.8,-0.3,15.9,38615.0,183256.0,463910527.0,False,Small,0.21071615663334353,False,False
2914,Exactly Token,EXA,1.04,-1.50%,-2.60%,14.80%,-16.30%,"$1,818.00 ","176,866",10 Million,"$183,168.00 ",1.04,-1.5,-2.6,14.8,-16.3,1818.0,183168.0,176866.0,False,Small,0.009925314465408805,False,False
2915,PinkMoon,PINKM, $-   ,-0.10%,-9.20%,-5.60%,5.80%,$2.54 ,"384,421,381,546,450",1 Quadrillion,"$183,176.00 ",,-0.1,-9.2,-5.6,5.8,2.54,183176.0,384421381546450.0,False,Small,1.386644538585841e-05,False,False
2916,Bogged Finance,BOG,0.01,-0.10%,-4.20%,-8.30%,-17.00%,$28.27 ,"13,959,927",15 Million,"$182,871.00 ",0.01,-0.1,-4.2,-8.3,-17.0,28.27,182871.0,13959927.0,False,Small,0.00015458984748812003,False,False
2917,Ecoin Finance,ECOIN, $-   ,-0.10%,-4.00%,-16.90%,-11.50%,$7.85 ,"262,661,922",352 Million,"$182,310.00 ",,-0.1,-4.0,-16.9,-11.5,7.85,182310.0,262661922.0,False,Small,4.3058526685316216e-05,False,False
2918,ContentBox,BOX, $-   ,0.00%,-0.80%,-3.60%,4.70%,"$101,580.00 ","928,531,445",3 Billion,"$182,103.00 ",,0.0,-0.8,-3.6,4.7,101580.0,182103.0,928531445.0,False,Small,0.5578161809525378,True,False
2919,Moola Market,MOO, $-   ,0.50%,-2.60%,-11.60%,13.00%,$17.45 ,"73,766,232",100 Million,"$181,366.00 ",,0.5,-2.6,-11.6,13.0,17.45,181366.0,73766232.0,False,Small,9.621428492661248e-05,False,False
2920,Golden Ball,GLB, $-   ,-,-,-,-, - ,"60,000,000,000",60 Billion,"$227,008.00 ",,,,,,,227008.0,60000000000.0,False,Small,,False,False
2921,Flooring Protocol μBoredApeKennelClub,ΜBAKC, $-   ,0.30%,1.90%,-6.70%,,"$3,106.00 ","58,000,000",58 Million,"$180,170.00 ",,0.3,1.9,-6.7,,3106.0,180170.0,58000000.0,False,Small,0.01723927401898207,False,False
2922,ArQmA,ARQ,0.01,0.50%,-2.30%,-1.70%,83.70%,$0.98 ,"24,506,442",50 Million,"$180,026.00 ",0.01,0.5,-2.3,-1.7,83.7,0.98,180026.0,24506442.0,False,Small,5.4436581382689165e-06,False,False
2923,X-CASH,XCASH, $-   ,-,-,-,-, - ,"62,820,639,076",100 Billion,"$173,706.00 ",,,,,,,173706.0,62820639076.0,False,Small,,False,False
2924,UniFarm,UFARM, $-   ,9.00%,-15.00%,-10.80%,-1.00%,$568.00 ,"335,198,389",989 Million,"$178,663.00 ",,9.0,-15.0,-10.8,-1.0,568.0,178663.0,335198389.0,False,Small,0.003179169721766678,False,False
2925,Apes Go Bananas,AGB, $-   ,1.70%,8.30%,-6.60%,18.10%,"$514,233.00 ","819,200,000,000,000",819 Trillion,"$178,459.00 ",,1.7,8.3,-6.6,18.1,514233.0,178459.0,819200000000000.0,False,Small,2.881519004365148,True,False
2926,Medicalchain,MTN, $-   ,0.10%,-4.90%,3.10%,0.50%,"$42,041.00 ","231,528,336",500 Million,"$177,800.00 ",,0.1,-4.9,3.1,0.5,42041.0,177800.0,231528336.0,False,Small,0.23645106861642295,False,False
2927,Bitcoin Scrypt,BTCS,0.01,-,-,-,-, - ,"19,608,215",21 Million,"$178,714.00 ",0.01,,,,,,178714.0,19608215.0,False,Small,,False,False
2928,El Dorado Exchange (Arb),EDE,0.03,0.50%,1.90%,0.10%,20.60%,$94.80 ,"5,993,476",15.2 Million,"$177,419.00 ",0.03,0.5,1.9,0.1,20.6,94.8,177419.0,5993476.0,False,Small,0.0005343283413839554,False,False
2929,Hero Blaze: Three Kingdoms,MUDOL2,0.01,-2.50%,-3.80%,-9.00%,12.40%,"$114,345.00 ","16,108,721",314 Million,"$177,447.00 ",0.01,-2.5,-3.8,-9.0,12.4,114345.0,177447.0,16108721.0,False,Small,0.644389592385332,True,False
2930,Creaticles,CRE8, $-   ,-0.70%,5.40%,-7.90%,-19.80%,"$25,640.00 ","133,583,367",1 Billion,"$175,897.00 ",,-0.7,5.4,-7.9,-19.8,25640.0,175897.0,133583367.0,False,Small,0.1457671250788814,False,False
2931,Froggy,FROGGY, $-   ,3.10%,-25.80%,-15.60%,-55.40%,"$19,282.00 ","166,264,836,005",420 Billion,"$175,885.00 ",,3.1,-25.8,-15.6,-55.4,19282.0,175885.0,166264836005.0,False,Small,0.109628450407937,False,False
2932,Sheesha Finance (BEP20),SHEESHA,3.50,-0.10%,-10.00%,-10.40%,3.40%,"$2,053.00 ","50,207",100 Thousand,"$175,485.00 ",3.5,-0.1,-10.0,-10.4,3.4,2053.0,175485.0,50207.0,False,Small,0.011699005613015357,False,False
2933,Etherland,ELAND, $-   ,-0.40%,-5.40%,-7.40%,1.90%,"$2,653.00 ","37,437,250",41 Million,"$175,460.00 ",,-0.4,-5.4,-7.4,1.9,2653.0,175460.0,37437250.0,False,Small,0.01512025532884988,False,False
2934,SONM,SNM, $-   ,6.60%,11.80%,46.00%,57.70%,"$71,292.00 ","44,400,000",44.4 Million,"$175,157.00 ",,6.6,11.8,46.0,57.7,71292.0,175157.0,44400000.0,False,Small,0.407017704116878,False,False
2935,Peanut,NUX, $-   ,0.40%,5.50%,-0.30%,35.60%,"$91,749.00 ","50,000,000",50 Million,"$174,992.00 ",,0.4,5.5,-0.3,35.6,91749.0,174992.0,50000000.0,False,Small,0.5243039681814026,True,False
2936,Ubiq,UBQ, $-   ,1.10%,-6.80%,-57.90%,-67.10%,$800.00 ,"48,011,578",-,"$174,380.00 ",,1.1,-6.8,-57.9,-67.1,800.0,174380.0,48011578.0,False,Small,0.004587682073632297,False,False
2937,eosDAC,EOSDAC, $-   ,-0.20%,-1.00%,-4.70%,26.50%,"$33,140.00 ","961,919,102",1.2 Billion,"$174,286.00 ",,-0.2,-1.0,-4.7,26.5,33140.0,174286.0,961919102.0,False,Small,0.19014722926683728,False,False
2938,Gitcoin Staked ETH Index,GTCETH,"2,024.24",-,-,-,-, - ,84,. M,"$169,650.00 ",2024.24,,,,,,169650.0,84.0,False,Small,,False,False
2939,Electrify.Asia,ELEC, $-   ,0.10%,0.80%,-11.30%,14.70%,"$34,933.00 ","534,360,134",750 Million,"$172,948.00 ",,0.1,0.8,-11.3,14.7,34933.0,172948.0,534360134.0,False,Small,0.20198556791636793,False,False
2940,Fantom Velocimeter,FVM,0.09,0.20%,-1.40%,-19.60%,-25.80%,$984.00 ,"1,879,272",10.9 Million,"$172,703.00 ",0.09,0.2,-1.4,-19.6,-25.8,984.0,172703.0,1879272.0,False,Small,0.005697642774010874,False,False
2941,UpStable,USTX,0.02,-0.70%,-0.20%,-1.10%,-3.30%,"$1,634.00 ","11,019,856",26.6 Million,"$172,189.00 ",0.02,-0.7,-0.2,-1.1,-3.3,1634.0,172189.0,11019856.0,False,Small,0.009489572504631538,False,False
2942,Curve Inu,CRVY, $-   ,-0.10%,3.20%,-40.00%,-58.70%,$398.00 ,"42,126,616,000",50 Billion,"$172,157.00 ",,-0.1,3.2,-40.0,-58.7,398.0,172157.0,42126616000.0,False,Small,0.0023118432593504765,False,False
2943,Kaizen.Finance,KZEN, $-   ,0.00%,-2.90%,-5.50%,7.00%,"$98,244.00 ","132,173,699",1 Billion,"$171,674.00 ",,0.0,-2.9,-5.5,7.0,98244.0,171674.0,132173699.0,False,Small,0.5722706991157659,True,False
2944,MoveCash,MCA,0.01,-,-,-,-, - ,"27,643,524",100 Million,"$233,139.00 ",0.01,,,,,,233139.0,27643524.0,False,Small,,False,False
2945,Racing Club Fan Token,RACING,0.33,1.10%,8.20%,0.80%,36.20%,"$9,497.00 ","526,943",5 Million,"$171,294.00 ",0.33,1.1,8.2,0.8,36.2,9497.0,171294.0,526943.0,False,Small,0.05544268917767114,False,False
2946,Catex,CATT, $-   ,0.00%,1.70%,36.70%,123.50%,$36.59 ,"901,834,617",1.9 Billion,"$170,948.00 ",,0.0,1.7,36.7,123.5,36.59,170948.0,901834617.0,False,Small,0.00021404169689028245,False,False
2947,OTCBTC,OTB, $-   ,-,-,-,-, - ,"71,612,735",199 Million,"$182,755.00 ",,,,,,,182755.0,71612735.0,False,Small,,False,False
2948,Silva,SILVA, $-   ,-7.00%,-11.70%,-9.30%,4.00%,"$5,217.00 ","2,000,000,000,000,000",2 Quadrillion,"$170,197.00 ",,-7.0,-11.7,-9.3,4.0,5217.0,170197.0,2000000000000000.0,False,Small,0.030652714207653482,False,False
2949,Spherium,SPHRI,0.01,-0.30%,2.50%,-0.50%,-4.80%,"$28,895.00 ","21,689,602",12.9 Million,"$169,598.00 ",0.01,-0.3,2.5,-0.5,-4.8,28895.0,169598.0,21689602.0,False,Small,0.17037347138527578,False,False
2950,MoonStarter,MNST, $-   ,-7.70%,-7.70%,-4.20%,-1.40%,$0.77 ,"120,922,816",200 Million,"$169,120.00 ",,-7.7,-7.7,-4.2,-1.4,0.77,169120.0,120922816.0,False,Small,4.552980132450332e-06,False,False
2951,Marginswap,MFI,0.02,1.00%,-9.60%,-8.60%,33.30%,$220.00 ,"7,052,148",10 Million,"$168,219.00 ",0.02,1.0,-9.6,-8.6,33.3,220.0,168219.0,7052148.0,False,Small,0.0013078189740754612,False,False
2952,Rabbit Wallet,RAB, $-   ,2.70%,1.40%,5.20%,19.50%,"$956,056.00 ","64,000,000",64 Million,"$167,557.00 ",,2.7,1.4,5.2,19.5,956056.0,167557.0,64000000.0,False,Small,5.705855320875881,True,False
2953,SAIL,SAIL,0.01,-0.20%,-6.10%,-23.40%,19.60%,$337.00 ,"21,000,000",21 Million,"$167,115.00 ",0.01,-0.2,-6.1,-23.4,19.6,337.0,167115.0,21000000.0,False,Small,0.0020165754121413398,False,False
2954,SwiftCash,SWIFT, $-   ,-,-,-,-, - ,"244,569,481",5 Billion,"$162,089.00 ",,,,,,,162089.0,244569481.0,False,Small,,False,False
2955,Potcoin,POT, $-   ,0.20%,432.80%,-5.70%,-90.00%,"$1,481.00 ","228,385,205",420 Million,"$166,525.00 ",,0.2,432.8,-5.7,-90.0,1481.0,166525.0,228385205.0,False,Small,0.008893559525596758,False,False
2956,Bezoge Earth,BEZOGE, $-   ,-,-,-,-, - ,"40,903,680,500,095,500",100 Quadrillion,"$162,779.00 ",,,,,,,162779.0,4.09036805000955e+16,False,Small,,False,False
2957,MrWeb Finance,AMA, $-   ,-15.70%,-11.70%,55.60%,287.30%,"$6,215,999.00 ","72,089,737",100 Million,"$165,596.00 ",,-15.7,-11.7,55.6,287.3,6215999.0,165596.0,72089737.0,False,Small,37.53713253943332,True,False
2958,Pawtocol,UPI, $-   ,0.30%,-4.40%,-17.50%,8.10%,"$78,975.00 ","248,423,577",1 Billion,"$165,380.00 ",,0.3,-4.4,-17.5,8.1,78975.0,165380.0,248423577.0,False,Small,0.47753658241625346,False,False
2959,Flooring Protocol μBeanz,ΜBEANZ, $-   ,-0.10%,1.50%,-3.50%,,"$5,173.00 ","266,000,000",266 Million,"$164,970.00 ",,-0.1,1.5,-3.5,,5173.0,164970.0,266000000.0,False,Small,0.031357216463599444,False,False
2960,Earniverse,EIV, $-   ,-,-,-,-, - ,"7,911,203,311",7.91 Billion,"$163,048.00 ",,,,,,,163048.0,7911203311.0,False,Small,,False,False
2961,Mojito,MOJO, $-   ,-0.20%,-9.60%,-16.50%,-21.20%,"$20,516.00 ","150,000,000",1 Billion,"$164,578.00 ",,-0.2,-9.6,-16.5,-21.2,20516.0,164578.0,150000000.0,False,Small,0.12465821677259414,False,False
2962,Evedo,EVED,0.01,0.30%,-5.10%,-2.40%,1.00%,"$81,617.00 ","15,018,222",17.8 Million,"$164,256.00 ",0.01,0.3,-5.1,-2.4,1.0,81617.0,164256.0,15018222.0,False,Small,0.49688900253263196,False,False
2963,Ares Protocol,ARES, $-   ,0.00%,-0.30%,-6.80%,12.50%,"$40,554.00 ","261,043,916",1 Billion,"$163,210.00 ",,0.0,-0.3,-6.8,12.5,40554.0,163210.0,261043916.0,False,Small,0.2484774217266099,False,False
2964,BITT,BITT,0.02,,4.90%,6.00%,24.00%,$49.74 ,"9,699,610",42 Million,"$163,713.00 ",0.02,,4.9,6.0,24.0,49.74,163713.0,9699610.0,False,Small,0.0003038243755841015,False,False
2965,NASDEX,NSDX,0.14,1.60%,4.90%,24.30%,25.90%,"$133,300.00 ","1,136,429",100 Million,"$162,679.00 ",0.14,1.6,4.9,24.3,25.9,133300.0,162679.0,1136429.0,False,Small,0.8194050860897841,True,False
2966,SureRemit,RMT, $-   ,0.20%,-1.50%,-3.60%,-14.50%,$57.89 ,"746,896,620",747 Million,"$162,624.00 ",,0.2,-1.5,-3.6,-14.5,57.89,162624.0,746896620.0,False,Small,0.0003559745179063361,False,False
2967,Lucha,LUCHA,0.02,0.20%,0.30%,-4.40%,17.80%,"$6,004.00 ","8,151,848",8.15 Million,"$162,490.00 ",0.02,0.2,0.3,-4.4,17.8,6004.0,162490.0,8151848.0,False,Small,0.036949966151763186,False,False
2968,Dora Factory [OLD],DORA,0.03,0.70%,4.40%,8.80%,74.90%,"$43,565.00 ","5,130,580",10 Million,"$162,218.00 ",0.03,0.7,4.4,8.8,74.9,43565.0,162218.0,5130580.0,False,Small,0.2685583597381302,False,False
2969,Cryptopolis,CPO, $-   ,-0.60%,-5.60%,-0.10%,138.90%,"$4,370.00 ","71,651,545",738 Million,"$161,758.00 ",,-0.6,-5.6,-0.1,138.9,4370.0,161758.0,71651545.0,False,Small,0.027015665376673798,False,False
2970,SHIBONK,SBONK,1.52,0.80%,4.10%,-6.10%,123.20%,"$2,395.00 ","106,051",350 Thousand,"$161,700.00 ",1.52,0.8,4.1,-6.1,123.2,2395.0,161700.0,106051.0,False,Small,0.014811379097093383,False,False
2971,Metarun,MRUN, $-   ,0.30%,-8.00%,48.90%,256.90%,"$1,435.00 ","352,480,898",906 Million,"$161,640.00 ",,0.3,-8.0,48.9,256.9,1435.0,161640.0,352480898.0,False,Small,0.008877753031427864,False,False
2972,Etherparty,FUEL, $-   ,0.10%,4.90%,0.80%,9.20%,"$27,920.00 ","989,920,558",1 Billion,"$159,574.00 ",,0.1,4.9,0.8,9.2,27920.0,159574.0,989920558.0,False,Small,0.17496584656648326,False,False
2973,Smart MFG,MFG, $-   ,-,-,-,-, - ,"382,125,328",868 Million,"$158,966.00 ",,,,,,,158966.0,382125328.0,False,Small,,False,False
2974,CoinFi,COFI, $-   ,-0.10%,-8.30%,8.50%,10.20%,"$27,768.00 ","222,013,565",300 Million,"$158,585.00 ",,-0.1,-8.3,8.5,10.2,27768.0,158585.0,222013565.0,False,Small,0.1750985276034934,False,False
2975,Zeusshield,ZSC, $-   ,0.00%,-5.10%,2.50%,18.70%,"$28,589.00 ","1,960,019,216",5.64 Billion,"$158,526.00 ",,0.0,-5.1,2.5,18.7,28589.0,158526.0,1960019216.0,False,Small,0.1803426567250798,False,False
2976,PolkaWar,PWAR, $-   ,0.40%,-1.40%,5.20%,25.40%,"$45,066.00 ","71,595,848",88.8 Million,"$158,482.00 ",,0.4,-1.4,5.2,25.4,45066.0,158482.0,71595848.0,False,Small,0.284360369000896,False,False
2977,Alpaca City,ALPA,0.01,0.10%,0.10%,-13.00%,13.70%,"$40,485.00 ","10,922,261",22.5 Million,"$158,463.00 ",0.01,0.1,0.1,-13.0,13.7,40485.0,158463.0,10922261.0,False,Small,0.2554855076579391,False,False
2978,Graviocoin,GIO,0.01,0.00%,-1.40%,-2.70%,18.30%,$32.22 ,"16,090,782",17.3 Million,"$158,378.00 ",0.01,0.0,-1.4,-2.7,18.3,32.22,158378.0,16090782.0,False,Small,0.00020343734609604868,False,False
2979,Aerarium Fi,AERA,1.51,0.10%,-1.10%,-10.40%,7.70%,$620.00 ,"105,349",1 Million,"$158,285.00 ",1.51,0.1,-1.1,-10.4,7.7,620.0,158285.0,105349.0,False,Small,0.003916985184951195,False,False
2980,STAKE,STAKE,0.09,0.10%,-0.30%,-8.90%,-52.40%,$36.21 ,"1,848,182",8.75 Million,"$157,163.00 ",0.09,0.1,-0.3,-8.9,-52.4,36.21,157163.0,1848182.0,False,Small,0.00023039773992606402,False,False
2981,POSTHUMAN,PHMN,12.82,-0.60%,-3.50%,-12.40%,142.80%,$397.00 ,"12,187",66.1 Thousand,"$156,186.00 ",12.82,-0.6,-3.5,-12.4,142.8,397.0,156186.0,12187.0,False,Small,0.0025418411381301783,False,False
2982,MobiFi,MOFI, $-   ,0.10%,-25.30%,-20.60%,-10.00%,"$35,700.00 ","87,280,579",143 Million,"$156,105.00 ",,0.1,-25.3,-20.6,-10.0,35700.0,156105.0,87280579.0,False,Small,0.2286922263860863,False,False
2983,Governor DAO,GDAO,0.05,0.10%,1.10%,-6.70%,-4.60%,"$36,441.00 ","2,962,391",3 Million,"$155,807.00 ",0.05,0.1,1.1,-6.7,-4.6,36441.0,155807.0,2962391.0,False,Small,0.23388551220420134,False,False
2984,CoTrader,COT, $-   ,-0.80%,-1.60%,-10.80%,31.10%,$114.00 ,"18,886,520,618",20 Billion,"$155,775.00 ",,-0.8,-1.6,-10.8,31.1,114.0,155775.0,18886520618.0,False,Small,0.0007318247472315841,False,False
2985,CropperFinance,CRP, $-   ,-2.70%,-5.70%,-13.40%,57.70%,"$38,955.00 ","70,000,000",500 Million,"$154,845.00 ",,-2.7,-5.7,-13.4,57.7,38955.0,154845.0,70000000.0,False,Small,0.25157415479996126,False,False
2986,Signata,SATA,0.01,-0.10%,-18.50%,-17.80%,-16.90%,"$1,299.00 ","19,704,226",100 Million,"$154,580.00 ",0.01,-0.1,-18.5,-17.8,-16.9,1299.0,154580.0,19704226.0,False,Small,0.008403415707077241,False,False
2987,Tanks,TANKS, $-   ,-,-,-,-, - ,"700,000,000",1 Billion,"$184,103.00 ",,,,,,,184103.0,700000000.0,False,Small,,False,False
2988,True PNL,PNL,0.01,0.10%,-1.20%,0.40%,-11.20%,"$39,119.00 ","10,886,324",29.5 Million,"$152,532.00 ",0.01,0.1,-1.2,0.4,-11.2,39119.0,152532.0,10886324.0,False,Small,0.2564642173445572,False,False
2989,Scream,SCREAM,0.35,0.10%,-5.10%,-15.70%,27.60%,$995.00 ,"435,341",2 Million,"$151,371.00 ",0.35,0.1,-5.1,-15.7,27.6,995.0,151371.0,435341.0,False,Small,0.006573253793659288,False,False
2990,Crolon Mars,CLMRS, $-   ,-1.10%,1.60%,-51.90%,13.20%,$219.00 ,"610,494,317",1 Billion,"$150,820.00 ",,-1.1,1.6,-51.9,13.2,219.0,150820.0,610494317.0,False,Small,0.0014520620607346507,False,False
2991,BlockCDN,BCDN, $-   ,0.30%,0.40%,-0.10%,3.70%,"$39,087.00 ","346,445,343",1 Billion,"$150,831.00 ",,0.3,0.4,-0.1,3.7,39087.0,150831.0,346445343.0,False,Small,0.2591443403544364,False,False
2992,UniPower,POWER,0.15,-,-,-,-, - ,"990,250",1 Million,"$147,184.00 ",0.15,,,,,,147184.0,990250.0,False,Small,,False,False
2993,Rangers Fan Token,RFT,0.01,1.40%,-33.30%,-0.80%,6.40%,"$55,273.00 ","18,772,654",50 Million,"$149,372.00 ",0.01,1.4,-33.3,-0.8,6.4,55273.0,149372.0,18772654.0,False,Small,0.3700358835658624,False,False
2994,Seigniorage Shares,SHARE,0.01,0.30%,0.10%,6.00%,8.70%,"$35,571.00 ","19,403,625",21 Million,"$149,181.00 ",0.01,0.3,0.1,6.0,8.7,35571.0,149181.0,19403625.0,False,Small,0.23844189273432945,False,False
2995,Trivians,TRIVIA, $-   ,9.60%,28.20%,47.30%,32.10%,"$1,305.00 ","170,481,684",1 Billion,"$149,040.00 ",,9.6,28.2,47.3,32.1,1305.0,149040.0,170481684.0,False,Small,0.008756038647342996,False,False
2996,Defi Warrior,FIWA, $-   ,-0.10%,0.10%,0.60%,2.30%,"$48,302.00 ","2,270,639,660",10 Billion,"$148,945.00 ",,-0.1,0.1,0.6,2.3,48302.0,148945.0,2270639660.0,False,Small,0.3242942025579912,False,False
2997,GoWithMi,GMAT, $-   ,0.00%,0.80%,1.30%,-3.10%,"$39,469.00 ","2,510,060,000",14.9 Billion,"$148,867.00 ",,0.0,0.8,1.3,-3.1,39469.0,148867.0,2510060000.0,False,Small,0.2651292764682569,False,False
2998,Moonscape,MSCP, $-   ,0.90%,-15.00%,-6.00%,-8.80%,$57.42 ,"901,634,176",1.11 Billion,"$148,361.00 ",,0.9,-15.0,-6.0,-8.8,57.42,148361.0,901634176.0,False,Small,0.00038702893617594924,False,False
2999,HashCoin,HSC, $-   ,2.20%,4.50%,-3.20%,14.60%,"$39,860.00 ","37,414,999,962",50 Billion,"$148,046.00 ",,2.2,4.5,-3.2,14.6,39860.0,148046.0,37414999962.0,False,Small,0.2692406414222607,False,False
3000,UNION Protocol Governance,UNN, $-   ,0.50%,2.70%,-4.10%,12.90%,"$37,063.00 ","615,060,533",1 Billion,"$147,634.00 ",,0.5,2.7,-4.1,12.9,37063.0,147634.0,615060533.0,False,Small,0.2510465069022041,False,False
3001,Helmet Insure,HELMET, $-   ,-0.10%,-10.30%,-8.00%,6.50%,$228.00 ,"42,464,929",100 Million,"$147,614.00 ",,-0.1,-10.3,-8.0,6.5,228.0,147614.0,42464929.0,False,Small,0.001544568943325159,False,False
3002,FintruX,FTX, $-   ,-0.80%,-2.60%,-7.50%,10.10%,$111.00 ,"83,351,199",100 Million,"$147,574.00 ",,-0.8,-2.6,-7.5,10.1,111.0,147574.0,83351199.0,False,Small,0.0007521650155176386,False,False
3003,Metaverse VR,MEVR, $-   ,-1.20%,1.40%,1.30%,5.20%,"$88,682.00 ","33,779,566",50 Million,"$147,463.00 ",,-1.2,1.4,1.3,5.2,88682.0,147463.0,33779566.0,False,Small,0.6013847541417169,True,False
3004,Radar,RADAR, $-   ,-,-,-,-, - ,"48,941,069",85 Million,"$146,788.00 ",,,,,,,146788.0,48941069.0,False,Small,,False,False
3005,ACoconut,AC,0.07,-0.20%,-3.40%,-6.20%,1.80%,"$2,588.00 ","2,015,895",6.3 Million,"$146,455.00 ",0.07,-0.2,-3.4,-6.2,1.8,2588.0,146455.0,2015895.0,False,Small,0.017670956949233554,False,False
3006,GeoDB,GEO, $-   ,-0.10%,0.90%,0.00%,21.80%,$19.79 ,"146,520,342",350 Million,"$146,350.00 ",,-0.1,0.9,0.0,21.8,19.79,146350.0,146520342.0,False,Small,0.00013522377861291423,False,False
3007,FusionBot,FUSION,0.14,-,-,-,-, - ,"1,000,000",1 Million,"$144,143.00 ",0.14,,,,,,144143.0,1000000.0,False,Small,,False,False
3008,YF Link,YFL,3.09,0.00%,-50.70%,-67.00%,-60.40%,$68.40 ,"47,173",52 Thousand,"$145,853.00 ",3.09,0.0,-50.7,-67.0,-60.4,68.4,145853.0,47173.0,False,Small,0.00046896532810432426,False,False
3009,Golff,GOF,0.01,2.00%,1.10%,-4.70%,-4.50%,"$38,496.00 ","11,940,719",11.9 Million,"$145,066.00 ",0.01,2.0,1.1,-4.7,-4.5,38496.0,145066.0,11940719.0,False,Small,0.2653688665848648,False,False
3010,Creo Engine,CREO, $-   ,-0.60%,4.40%,33.10%,77.20%,"$123,603.00 ","100,341,852",998 Million,"$145,011.00 ",,-0.6,4.4,33.1,77.2,123603.0,145011.0,100341852.0,False,Small,0.852369820220535,True,False
3011,Flooring Protocol μCloneX,ΜCLONEX, $-   ,-0.80%,-2.50%,2.40%,,"$34,045.00 ","53,000,000",53 Million,"$144,962.00 ",,-0.8,-2.5,2.4,,34045.0,144962.0,53000000.0,False,Small,0.23485465156385812,False,False
3012,Ebox,EBOX, $-   ,-0.10%,-10.10%,-1.40%,47.30%,$86.09 ,"29,867,203",65 Million,"$144,625.00 ",,-0.1,-10.1,-1.4,47.3,86.09,144625.0,29867203.0,False,Small,0.0005952636127917028,False,False
3013,TokenBot,TKB, $-   ,-2.60%,7.70%,-3.00%,-4.40%,"$57,071.00 ","589,850,482",1 Billion,"$144,389.00 ",,-2.6,7.7,-3.0,-4.4,57071.0,144389.0,589850482.0,False,Small,0.39525864158627044,False,False
3014,Krida Fans,KRIDA,0.01,0.70%,0.30%,-2.10%,-2.50%,"$151,792.00 ","19,275,721",100 Million,"$143,441.00 ",0.01,0.7,0.3,-2.1,-2.5,151792.0,143441.0,19275721.0,False,Small,1.0582190587070641,True,False
3015,Froyo Games,FROYO, $-   ,0.40%,-19.70%,-46.70%,-40.00%,"$4,539.00 ","560,589,343",1 Billion,"$143,333.00 ",,0.4,-19.7,-46.7,-40.0,4539.0,143333.0,560589343.0,False,Small,0.031667515505850015,False,False
3016,Warena,RENA, $-   ,0.10%,-3.80%,2.60%,97.90%,"$26,137.00 ","94,993,156",100 Million,"$142,907.00 ",,0.1,-3.8,2.6,97.9,26137.0,142907.0,94993156.0,False,Small,0.18289516958581456,False,False
3017,MetaRuffy (MR),MR, $-   ,-0.10%,7.60%,29.80%,37.90%,"$51,495.00 ","181,879,739,442",226 Billion,"$141,795.00 ",,-0.1,7.6,29.8,37.9,51495.0,141795.0,181879739442.0,False,Small,0.3631651327620861,False,False
3018,FoxGirl,FOXGIRL, $-   ,-,-,-,-, - ,"100,000,000,000,000",100 Trillion,"$177,642.00 ",,,,,,,177642.0,100000000000000.0,False,Small,,False,False
3019,Unity Network,UNT,0.02,-,-,-,-, - ,"8,013,086",9.98 Million,"$141,584.00 ",0.02,,,,,,141584.0,8013086.0,False,Small,,False,False
3020,NicCageWaluigiElmo42069Inu,SHIB, $-   ,-0.10%,1.90%,-16.50%,-12.30%,$37.36 ,"959,328,053",986 Million,"$140,404.00 ",,-0.1,1.9,-16.5,-12.3,37.36,140404.0,959328053.0,False,Small,0.0002660892852055497,False,False
3021,Stox,STX, $-   ,-0.30%,0.30%,-0.20%,-12.90%,"$39,780.00 ","51,504,586",54.9 Million,"$139,913.00 ",,-0.3,0.3,-0.2,-12.9,39780.0,139913.0,51504586.0,False,Small,0.2843195414293168,False,False
3022,SuperRareBears RARE,RARE,0.01,-0.30%,-0.60%,-5.40%,-3.60%,$784.00 ,"15,139,861",48.7 Million,"$139,865.00 ",0.01,-0.3,-0.6,-5.4,-3.6,784.0,139865.0,15139861.0,False,Small,0.005605405212168877,False,False
3023,Phoenix Finance,PHX, $-   ,-0.50%,13.80%,32.20%,39.90%,"$106,116.00 ","64,671,530",176 Million,"$139,513.00 ",,-0.5,13.8,32.2,39.9,106116.0,139513.0,64671530.0,False,Small,0.7606172901450045,True,False
3024,Linked Finance World,LFW,0.01,0.50%,-1.00%,-2.90%,-3.90%,"$67,879.00 ","16,486,408",200 Million,"$139,501.00 ",0.01,0.5,-1.0,-2.9,-3.9,67879.0,139501.0,16486408.0,False,Small,0.4865843255603903,False,False
3025,Wistaverse,WISTA, $-   ,0.00%,-1.60%,3.60%,11.50%,"$96,905.00 ","27,708,333",42 Million,"$137,676.00 ",,0.0,-1.6,3.6,11.5,96905.0,137676.0,27708333.0,False,Small,0.7038626921177257,True,False
3026,NFTify,N1,0.01,-,-,-,-, - ,"20,362,031",200 Million,"$137,250.00 ",0.01,,,,,,137250.0,20362031.0,False,Small,,False,False
3027,Peruvian National Football Team Fan Token,FPFT,0.01,0.10%,-2.50%,-3.50%,-6.00%,"$110,944.00 ","22,907,299",97.9 Million,"$136,696.00 ",0.01,0.1,-2.5,-3.5,-6.0,110944.0,136696.0,22907299.0,False,Small,0.8116111663838006,True,False
3028,Orne,ORNE,0.01,2.00%,4.40%,6.60%,13.00%,$67.79 ,"26,389,467",100 Million,"$136,670.00 ",0.01,2.0,4.4,6.6,13.0,67.79,136670.0,26389467.0,False,Small,0.0004960122923831126,False,False
3029,DinoSwap,DINO, $-   ,0.50%,1.10%,-19.80%,-45.60%,$224.00 ,"155,456,392",175 Million,"$136,666.00 ",,0.5,1.1,-19.8,-45.6,224.0,136666.0,155456392.0,False,Small,0.0016390323855238317,False,False
3030,Merge,MERGE, $-   ,-0.60%,-2.80%,-4.50%,15.20%,$0.15 ,"84,432,003",100 Million,"$135,804.00 ",,-0.6,-2.8,-4.5,15.2,0.15,135804.0,84432003.0,False,Small,1.104533003446143e-06,False,False
3031,Dogey-Inu,DINU, $-   ,-0.10%,9.90%,-3.30%,6.70%,$362.00 ,"404,712,290,556,319",1 Quadrillion,"$135,491.00 ",,-0.1,9.9,-3.3,6.7,362.0,135491.0,404712290556319.0,False,Small,0.0026717641762183464,False,False
3032,Crypto Fight Club,FIGHT, $-   ,-,-,-,-, - ,"612,945,027",1.01 Billion,"$142,590.00 ",,,,,,,142590.0,612945027.0,False,Small,,False,False
3033,NFT Stars,NFTS,0.10,-0.10%,-9.60%,-11.70%,27.10%,$31.48 ,"1,374,249",20 Million,"$134,388.00 ",0.1,-0.1,-9.6,-11.7,27.1,31.48,134388.0,1374249.0,False,Small,0.00023424710539631514,False,False
3034,Kangal,KANGAL, $-   ,,-6.90%,-7.00%,14.80%,$6.88 ,"100,000,000,000",100 Billion,"$133,095.00 ",,,-6.9,-7.0,14.8,6.88,133095.0,100000000000.0,False,Small,5.1692400165295464e-05,False,False
3035,Zuki Moba,ZUKI, $-   ,-,-,-,-, - ,"233,323,300",1 Billion,"$139,295.00 ",,,,,,,139295.0,233323300.0,False,Small,,False,False
3036,Delphy,DPY, $-   ,0.00%,2.60%,0.50%,3.80%,"$30,108.00 ","60,903,968",100 Million,"$132,450.00 ",,0.0,2.6,0.5,3.8,30108.0,132450.0,60903968.0,False,Small,0.22731596828992073,False,False
3037,FrenBot,MEF,0.01,-,-,-,-, - ,"9,971,952",9.97 Million,"$128,714.00 ",0.01,,,,,,128714.0,9971952.0,False,Small,,False,False
3038,Hummingbot,HBOT, $-   ,0.00%,0.70%,-24.80%,8.50%,$138.00 ,"59,487,369",1 Billion,"$132,179.00 ",,0.0,0.7,-24.8,8.5,138.0,132179.0,59487369.0,False,Small,0.001044038765613297,False,False
3039,AlgoBlocks,ALGOBLK, $-   ,-,-,-,-, - ,"86,571,275",188 Million,"$129,658.00 ",,,,,,,129658.0,86571275.0,False,Small,,False,False
3040,Game Fantasy,GFT,0.05,2.60%,-4.30%,-8.10%,7.00%,$426.00 ,"2,406,327",726 Thousand,"$131,658.00 ",0.05,2.6,-4.3,-8.1,7.0,426.0,131658.0,2406327.0,False,Small,0.0032356560178644672,False,False
3041,Impossible Finance,IF,0.01,0.10%,-9.60%,-54.50%,-49.50%,$442.00 ,"10,074,005",10.1 Million,"$131,703.00 ",0.01,0.1,-9.6,-54.5,-49.5,442.0,131703.0,10074005.0,False,Small,0.0033560359293258314,False,False
3042,TEN,TENFI, $-   ,0.00%,-7.10%,-12.70%,14.70%,$314.00 ,"51,987,762",142 Million,"$131,618.00 ",,0.0,-7.1,-12.7,14.7,314.0,131618.0,51987762.0,False,Small,0.0023856919266361746,False,False
3043,Defi For You,DFY, $-   ,-0.20%,-14.30%,-8.80%,0.50%,"$37,745.00 ","601,416,468",846 Million,"$131,596.00 ",,-0.2,-14.3,-8.8,0.5,37745.0,131596.0,601416468.0,False,Small,0.2868248275023557,False,False
3044,Vault Hill City,VHC, $-   ,0.00%,-3.30%,4.00%,49.10%,$131.00 ,"97,736,608",340 Million,"$130,852.00 ",,0.0,-3.3,4.0,49.1,131.0,130852.0,97736608.0,False,Small,0.0010011310488185125,False,False
3045,TosDis,DIS,1.75,2.30%,-4.90%,-11.50%,-0.90%,"$29,499.00 ","74,998",99.9 Thousand,"$130,708.00 ",1.75,2.3,-4.9,-11.5,-0.9,29499.0,130708.0,74998.0,False,Small,0.22568626250879822,False,False
3046,FansTime,FTI, $-   ,0.50%,-3.20%,-0.70%,-2.80%,"$90,414.00 ","6,350,000,000",10 Billion,"$130,271.00 ",,0.5,-3.2,-0.7,-2.8,90414.0,130271.0,6350000000.0,False,Small,0.6940454897866755,True,False
3047,BombCrypto,BCOIN, $-   ,-,-,-,-, - ,"74,089,573",100 Million,"$129,784.00 ",,,,,,,129784.0,74089573.0,False,Small,,False,False
3048,Inuko Finance,INUKO,0.02,0.10%,0.50%,1.00%,-0.20%,$61.67 ,"7,610,313",10 Million,"$129,656.00 ",0.02,0.1,0.5,1.0,-0.2,61.67,129656.0,7610313.0,False,Small,0.0004756432405750602,False,False
3049,Polkarare,PRARE, $-   ,-1.90%,-0.10%,1.60%,14.70%,"$35,167.00 ","49,048,817",100 Million,"$129,518.00 ",,-1.9,-0.1,1.6,14.7,35167.0,129518.0,49048817.0,False,Small,0.2715221050355935,False,False
3050,WolfSafePoorPeople,WSPP, $-   ,-0.30%,20.40%,21.60%,46.50%,"$3,803.00 ","13,542,390,331,799,800",50 Quadrillion,"$129,258.00 ",,-0.3,20.4,21.6,46.5,3803.0,129258.0,1.35423903317998e+16,False,Small,0.02942177660183509,False,False
3051,Catbonk,CABO, $-   ,-,-,-,-, - ,"337,523,528,042,182",1 Quadrillion,"$159,998.00 ",,,,,,,159998.0,337523528042182.0,False,Small,,False,False
3052,SoMee.Social,SOMEE, $-   ,-,-,-,-, - ,"110,472,493",111 Million,"$125,843.00 ",,,,,,,125843.0,110472493.0,False,Small,,False,False
3053,Chain of Legends,CLEG, $-   ,0.10%,-6.60%,-9.60%,13.30%,"$4,930.00 ","66,508,656",763 Million,"$128,787.00 ",,0.1,-6.6,-9.6,13.3,4930.0,128787.0,66508656.0,False,Small,0.03828026120648823,False,False
3054,AppleSwap AI,AP, $-   ,-,-,-,-, - ,"96,500,000",96.5 Million,"$159,728.00 ",,,,,,,159728.0,96500000.0,False,Small,,False,False
3055,Asian Fintech,AFIN, $-   ,-0.10%,58.10%,-21.90%,164.00%,$0.62 ,"83,120,000",500 Million,"$127,248.00 ",,-0.1,58.1,-21.9,164.0,0.62,127248.0,83120000.0,False,Small,4.872375204325412e-06,False,False
3056,BitTube,TUBE, $-   ,0.40%,-1.70%,1.00%,-40.80%,$472.00 ,"348,711,135",34.1 Million,"$127,129.00 ",,0.4,-1.7,1.0,-40.8,472.0,127129.0,348711135.0,False,Small,0.0037127642001431615,False,False
3057,Flooring Protocol μCoolCats,ΜCOOL, $-   ,-0.10%,1.80%,5.20%,,"$11,356.00 ","71,000,000",71 Million,"$126,834.00 ",,-0.1,1.8,5.2,,11356.0,126834.0,71000000.0,False,Small,0.08953435198763739,False,False
3058,Ethermon,EMON, $-   ,-0.20%,1.20%,-6.40%,0.10%,"$28,793.00 ","147,026,673",400 Million,"$126,677.00 ",,-0.2,1.2,-6.4,0.1,28793.0,126677.0,147026673.0,False,Small,0.2272946154392668,False,False
3059,Türkiye Basketbol Federasyonu Fan Token,TBFT,0.01,0.30%,9.10%,7.20%,25.50%,"$10,027.00 ","9,792,022",10 Million,"$126,556.00 ",0.01,0.3,9.1,7.2,25.5,10027.0,126556.0,9792022.0,False,Small,0.07922974809570467,False,False
3060,Flooring Protocol μMeebits,Μ⚇, $-   ,-0.10%,-1.50%,-12.60%,,"$18,721.00 ","52,000,000",52 Million,"$126,186.00 ",,-0.1,-1.5,-12.6,,18721.0,126186.0,52000000.0,False,Small,0.14836035693341576,False,False
3061,WagyuSwap,WAG, $-   ,0.10%,-2.00%,47.40%,174.50%,"$45,916.00 ","46,778,527",500 Million,"$125,990.00 ",,0.1,-2.0,47.4,174.5,45916.0,125990.0,46778527.0,False,Small,0.3644416223509802,False,False
3062,PlayNity,PLY, $-   ,0.20%,-0.20%,5.00%,2.10%,$28.40 ,"81,987,783",106 Million,"$125,950.00 ",,0.2,-0.2,5.0,2.1,28.4,125950.0,81987783.0,False,Small,0.00022548630408892416,False,False
3063,HXAcoin,HXA, $-   ,-1.80%,-1.30%,-8.50%,-58.10%,"$24,625.00 ","293,284,486",44.8 Billion,"$125,424.00 ",,-1.8,-1.3,-8.5,-58.1,24625.0,125424.0,293284486.0,False,Small,0.19633403495343793,False,False
3064,Solberg,SLB,0.01,0.20%,-0.10%,-5.30%,27.90%,"$1,105.00 ","9,361,004",100 Million,"$124,941.00 ",0.01,0.2,-0.1,-5.3,27.9,1105.0,124941.0,9361004.0,False,Small,0.008844174450340562,False,False
3065,Pineapple Owl,PINEOWL, $-   ,-1.30%,-23.20%,-56.60%,-61.90%,"$18,192.00 ","1,000,000,000",1 Billion,"$124,853.00 ",,-1.3,-23.2,-56.6,-61.9,18192.0,124853.0,1000000000.0,False,Small,0.14570735184577063,False,False
3066,FarmerDoge,CROP, $-   ,-0.10%,8.80%,438.60%,480.80%,$195.00 ,"10,000,000,000",10 Billion,"$124,762.00 ",,-0.1,8.8,438.6,480.8,195.0,124762.0,10000000000.0,False,Small,0.0015629759061252626,False,False
3067,Cryptonovae,YAE, $-   ,-,-,-,-, - ,"81,312,702",100 Million,"$124,586.00 ",,,,,,,124586.0,81312702.0,False,Small,,False,False
3068,Element Black,ELT, $-   ,-1.10%,-6.40%,0.00%,25.10%,"$84,824.00 ","1,384,760,130",4 Billion,"$124,087.00 ",,-1.1,-6.4,0.0,25.1,84824.0,124087.0,1384760130.0,False,Small,0.6835849041398374,True,False
3069,GrabCoinClub,GC, $-   ,-0.30%,-15.40%,-8.80%,-66.10%,"$29,880.00 ","662,803,366",6 Billion,"$124,123.00 ",,-0.3,-15.4,-8.8,-66.1,29880.0,124123.0,662803366.0,False,Small,0.24072895434367522,False,False
3070,Luna Inu,LINU, $-   ,-0.10%,4.70%,-3.20%,5.50%,"$27,646.00 ","749,167,374,404,513",1 Quadrillion,"$123,849.00 ",,-0.1,4.7,-3.2,5.5,27646.0,123849.0,749167374404513.0,False,Small,0.2232234414488611,False,False
3071,Energyfi,EFT, $-   ,-,-,-,-, - ,"127,769,220",150 Million,"$155,091.00 ",,,,,,,155091.0,127769220.0,False,Small,,False,False
3072,Qbao,QBT, $-   ,-1.60%,-1.40%,-5.60%,0.40%,"$39,486.00 ","67,444,595",100 Million,"$123,076.00 ",,-1.6,-1.4,-5.6,0.4,39486.0,123076.0,67444595.0,False,Small,0.3208261561961715,False,False
3073,AnchorSwap,ANCHOR, $-   ,-,-,-,-, - ,"207,685,407",249 Million,"$122,677.00 ",,,,,,,122677.0,207685407.0,False,Small,,False,False
3074,Flooring Protocol μNakamigos,ΜNKMGS, $-   ,-0.20%,1.90%,-7.80%,,"$11,678.00 ","383,000,000",383 Million,"$122,769.00 ",,-0.2,1.9,-7.8,,11678.0,122769.0,383000000.0,False,Small,0.09512173268496119,False,False
3075,DigitalNote,XDN, $-   ,-3.60%,12.60%,-41.20%,-45.00%,"$3,486.00 ","8,161,837,298",7 Billion,"$121,950.00 ",,-3.6,12.6,-41.2,-45.0,3486.0,121950.0,8161837298.0,False,Small,0.02858548585485855,False,False
3076,Berry Data,BRY,0.02,-0.30%,-9.40%,-4.20%,8.40%,"$33,075.00 ","6,412,985",10 Million,"$121,929.00 ",0.02,-0.3,-9.4,-4.2,8.4,33075.0,121929.0,6412985.0,False,Small,0.2712644243781217,False,False
3077,Masari,MSR,0.01,-4.70%,-6.60%,-16.60%,12.50%,$178.00 ,"17,570,546",18.5 Million,"$121,708.00 ",0.01,-4.7,-6.6,-16.6,12.5,178.0,121708.0,17570546.0,False,Small,0.0014625168435928617,False,False
3078,Soy Finance,SOY, $-   ,0.60%,2.60%,7.00%,-1.20%,$900.00 ,"134,224,906",212 Million,"$121,697.00 ",,0.6,2.6,7.0,-1.2,900.0,121697.0,134224906.0,False,Small,0.0073954164852050586,False,False
3079,Heavenland HTO,HTO, $-   ,0.40%,-1.30%,11.00%,35.80%,"$4,373.00 ","53,742,284",500 Million,"$121,493.00 ",,0.4,-1.3,11.0,35.8,4373.0,121493.0,53742284.0,False,Small,0.035993843266690265,False,False
3080,Datamine FLUX,FLUX,0.05,0.30%,2.10%,12.00%,33.40%,$154.00 ,"2,248,247",2.25 Million,"$121,350.00 ",0.05,0.3,2.1,12.0,33.4,154.0,121350.0,2248247.0,False,Small,0.00126905644829007,False,False
3081,CryptoTanks,TANK, $-   ,0.20%,-4.50%,-9.30%,-12.30%,"$9,181.00 ","86,175,000",100 Million,"$121,325.00 ",,0.2,-4.5,-9.3,-12.3,9181.0,121325.0,86175000.0,False,Small,0.07567277972388213,False,False
3082,Relevant,REL,0.01,-,-,-,-, - ,"8,940,460",17.3 Million,"$120,690.00 ",0.01,,,,,,120690.0,8940460.0,False,Small,,False,False
3083,Hamsters,HAMS,0.01,0.30%,2.90%,5.30%,25.00%,"$1,200.00 ","10,000,000",10 Million,"$120,014.00 ",0.01,0.3,2.9,5.3,25.0,1200.0,120014.0,10000000.0,False,Small,0.009998833469428566,False,False
3084,Artem,ARTEM, $-   ,0.00%,-3.10%,-4.80%,28.90%,"$25,990.00 ","75,478,000",1 Billion,"$119,948.00 ",,0.0,-3.1,-4.8,28.9,25990.0,119948.0,75478000.0,False,Small,0.21667722679827925,False,False
3085,Blox SDK,BLOX,0.03,0.50%,-5.60%,-39.50%,83.40%,$29.09 ,"3,999,439",5 Million,"$119,740.00 ",0.03,0.5,-5.6,-39.5,83.4,29.09,119740.0,3999439.0,False,Small,0.00024294304326039754,False,False
3086,Lunyr,LUN,0.04,-,-,-,-, - ,"2,703,356",2.7 Million,"$118,976.00 ",0.04,,,,,,118976.0,2703356.0,False,Small,,False,False
3087,Jigstack,STAK, $-   ,-0.80%,10.90%,-35.60%,-37.10%,$357.00 ,"1,759,068,860",3 Billion,"$118,780.00 ",,-0.8,10.9,-35.6,-37.1,357.0,118780.0,1759068860.0,False,Small,0.0030055564909917494,False,False
3088,EnterDAO,ENTR, $-   ,-,-,-,-, - ,"30,631,933",100 Million,"$115,713.00 ",,,,,,,115713.0,30631933.0,False,Small,,False,False
3089,Dragon Crypto Argenti,DCAR, $-   ,-0.30%,-0.70%,3.30%,-12.40%,$365.00 ,"31,433,842",15.6 Million,"$117,620.00 ",,-0.3,-0.7,3.3,-12.4,365.0,117620.0,31433842.0,False,Small,0.0031032137391600067,False,False
3090,BoltBot,BOLT,0.12,-0.10%,-2.00%,-17.80%,-50.90%,"$1,629.00 ","1,000,000",1 Million,"$117,217.00 ",0.12,-0.1,-2.0,-17.8,-50.9,1629.0,117217.0,1000000.0,False,Small,0.01389730158594743,False,False
3091,NoLimitCoin,NLC, $-   ,-0.10%,-9.20%,4.40%,-36.80%,$199.00 ,"446,186,195",-,"$116,854.00 ",,-0.1,-9.2,4.4,-36.8,199.0,116854.0,446186195.0,False,Small,0.0017029797867424308,False,False
3092,FINXFLO,FXF, $-   ,-0.20%,-2.50%,0.40%,11.20%,"$36,364.00 ","96,000,000",150 Million,"$116,521.00 ",,-0.2,-2.5,0.4,11.2,36364.0,116521.0,96000000.0,False,Small,0.312081084096429,False,False
3093,AstroTools,ASTRO,0.04,-,-,-,-, - ,"2,640,303",5 Million,"$116,814.00 ",0.04,,,,,,116814.0,2640303.0,False,Small,,False,False
3094,Flooring Protocol μMfers,ΜMFER, $-   ,-,-,-,-, - ,"87,000,000",87 Million,"$115,033.00 ",,,,,,,115033.0,87000000.0,False,Small,,False,False
3095,Internxt,INXT,0.10,2.50%,-10.60%,-38.10%,-52.10%,"$320,645.00 ","1,119,295",1.12 Million,"$115,838.00 ",0.1,2.5,-10.6,-38.1,-52.1,320645.0,115838.0,1119295.0,False,Small,2.7680467549508796,True,False
3096,Vader Protocol,VADER, $-   ,1.20%,-2.90%,-9.40%,21.20%,"$35,732.00 ","6,105,564,245",25 Billion,"$115,774.00 ",,1.2,-2.9,-9.4,21.2,35732.0,115774.0,6105564245.0,False,Small,0.30863579041926514,False,False
3097,Structure Finance,STF,0.01,-3.50%,4.10%,34.80%,49.50%,"$18,863,357.00 ","21,718,781",100 Million,"$115,452.00 ",0.01,-3.5,4.1,34.8,49.5,18863357.0,115452.0,21718781.0,False,Small,163.38700931989052,True,False
3098,Indexed Finance,NDX,0.03,0.70%,236.50%,197.60%,509.70%,"$20,888.00 ","3,446,070",10 Million,"$114,415.00 ",0.03,0.7,236.5,197.6,509.7,20888.0,114415.0,3446070.0,False,Small,0.1825634750688284,False,False
3099,EternalFlow,EFT, $-   ,-,-,-,-, - ,"381,900,076,516,682",398 Trillion,"$143,174.00 ",,,,,,,143174.0,381900076516682.0,False,Small,,False,False
3100,Ternio,TERN, $-   ,0.30%,-7.40%,-4.80%,-24.60%,$59.81 ,"432,891,691",1 Billion,"$114,266.00 ",,0.3,-7.4,-4.8,-24.6,59.81,114266.0,432891691.0,False,Small,0.0005234277912939982,False,False
3101,Basis Cash,BAC, $-   ,0.00%,4.50%,15.20%,6.30%,"$33,273.00 ","54,575,250",54.6 Million,"$114,271.00 ",,0.0,4.5,15.2,6.3,33273.0,114271.0,54575250.0,False,Small,0.2911762389407636,False,False
3102,DOGECOLA,DOGECOLA, $-   ,-1.50%,-2.40%,11.20%,40.80%,"$52,369.00 ","100,000,000",100 Million,"$114,234.00 ",,-1.5,-2.4,11.2,40.8,52369.0,114234.0,100000000.0,False,Small,0.45843619237705063,False,False
3103,Royale,ROYA, $-   ,0.00%,36.90%,15.60%,15.90%,$136.00 ,"40,465,274",72 Million,"$114,079.00 ",,0.0,36.9,15.6,15.9,136.0,114079.0,40465274.0,False,Small,0.0011921563127306515,False,False
3104,CatoCoin,CATO, $-   ,3.10%,1.40%,1.10%,21.90%,$46.40 ,"82,253,535",144 Million,"$113,951.00 ",,3.1,1.4,1.1,21.9,46.4,113951.0,82253535.0,False,Small,0.0004071925652254039,False,False
3105,Safeswap SSGTX,SSGTX, $-   ,-0.50%,-0.40%,-3.00%,2.10%,$5.85 ,"366,153,821",47.3 Million,"$113,728.00 ",,-0.5,-0.4,-3.0,2.1,5.85,113728.0,366153821.0,False,Small,5.143851997749015e-05,False,False
3106,Hermes DAO,HMX, $-   ,-11.60%,-2.80%,-1.40%,34.10%,$350.00 ,"62,357,187",100 Million,"$113,108.00 ",,-11.6,-2.8,-1.4,34.1,350.0,113108.0,62357187.0,False,Small,0.003094387664886657,False,False
3107,Orion Money,ORION, $-   ,-9.50%,17.30%,-1.20%,6.00%,"$40,014.00 ","95,025,405",1 Billion,"$112,747.00 ",,-9.5,17.3,-1.2,6.0,40014.0,112747.0,95025405.0,False,Small,0.3549007955865788,False,False
3108,CNNS,CNNS, $-   ,-1.40%,2.00%,2.20%,0.70%,"$39,610.00 ","1,759,209,000",10 Billion,"$112,585.00 ",,-1.4,2.0,2.2,0.7,39610.0,112585.0,1759209000.0,False,Small,0.35182306701603233,False,False
3109,Channels,CAN, $-   ,2.20%,-0.30%,2.00%,32.60%,"$27,093.00 ","746,062,615",1 Billion,"$112,252.00 ",,2.2,-0.3,2.0,32.6,27093.0,112252.0,746062615.0,False,Small,0.241358728574992,False,False
3110,Baked,BAKED, $-   ,1.60%,5.20%,5.00%,8.30%,"$44,763.00 ","69,803,472",300 Million,"$112,304.00 ",,1.6,5.2,5.0,8.3,44763.0,112304.0,69803472.0,False,Small,0.3985877617894287,False,False
3111,MAXX Finance,MAXX, $-   ,-,-,-,-, - ,"31,706,559,561",99.5 Billion,"$109,936.00 ",,,,,,,109936.0,31706559561.0,False,Small,,False,False
3112,GOLCOIN,GOLC,0.09,-0.40%,18.40%,24.70%,80.00%,"$64,525.00 ","1,187,223",67.4 Million,"$111,505.00 ",0.09,-0.4,18.4,24.7,80.0,64525.0,111505.0,1187223.0,False,Small,0.5786736020806242,True,False
3113,Golden Inu,GOLDEN, $-   ,-0.10%,-9.00%,1.60%,-34.00%,$102.00 ,"37,655,794,714,842,100",50.6 Quadrillion,"$111,199.00 ",,-0.1,-9.0,1.6,-34.0,102.0,111199.0,3.76557947148421e+16,False,Small,0.0009172744359211863,False,False
3114,Cryptomeda,TECH, $-   ,0.80%,-5.00%,18.00%,8.10%,$841.00 ,"281,337,609",998 Million,"$110,573.00 ",,0.8,-5.0,18.0,8.1,841.0,110573.0,281337609.0,False,Small,0.0076058350591916655,False,False
3115,My Master War,MAT, $-   ,0.30%,-2.20%,6.50%,28.20%,"$36,692.00 ","29,567,268",100 Million,"$110,511.00 ",,0.3,-2.2,6.5,28.2,36692.0,110511.0,29567268.0,False,Small,0.3320212467537168,False,False
3116,Kollect,KOL, $-   ,-0.20%,-1.90%,4.70%,82.90%,"$26,490.00 ","414,725,395",1 Billion,"$110,301.00 ",,-0.2,-1.9,4.7,82.9,26490.0,110301.0,414725395.0,False,Small,0.24016101395272935,False,False
3117,Polinate,POLI, $-   ,-0.50%,0.60%,6.00%,6.90%,"$27,134.00 ","232,709,253",500 Million,"$110,163.00 ",,-0.5,0.6,6.0,6.9,27134.0,110163.0,232709253.0,False,Small,0.24630774397937602,False,False
3118,Float Protocol,BANK,0.82,0.80%,-1.40%,-2.20%,26.80%,"$62,444.00 ","134,313",306 Thousand,"$109,940.00 ",0.82,0.8,-1.4,-2.2,26.8,62444.0,109940.0,134313.0,False,Small,0.5679825359286884,True,False
3119,GOGOcoin,GOGO,0.01,-,-,-,-, - ,"18,469,097",100 Million,"$108,389.00 ",0.01,,,,,,108389.0,18469097.0,False,Small,,False,False
3120,0x_nodes,BIOS,0.02,-,-,-,-, - ,"5,182,641",10 Million,"$108,053.00 ",0.02,,,,,,108053.0,5182641.0,False,Small,,False,False
3121,PRivaCY Coin,PRCY,0.01,-0.10%,-2.10%,37.30%,50.10%,"$31,738.00 ","14,781,722",60.9 Million,"$108,905.00 ",0.01,-0.1,-2.1,37.3,50.1,31738.0,108905.0,14781722.0,False,Small,0.29142830907671824,False,False
3122,KuSwap,KUS,0.01,0.70%,2.50%,18.70%,42.00%,$297.00 ,"12,835,778",5.32 Million,"$108,804.00 ",0.01,0.7,2.5,18.7,42.0,297.0,108804.0,12835778.0,False,Small,0.002729679055917062,False,False
3123,Wrapped Virgin Gen-0 CryptoKittties,WVG0,90.58,-,-,-,-, - ,"1,187",1.19 Thousand,"$107,522.00 ",90.58,,,,,,107522.0,1187.0,False,Small,,False,False
3124,Osean,OSEAN, $-   ,-,-,-,-, - ,"683,169,000",980 Million,"$135,424.00 ",,,,,,,135424.0,683169000.0,False,Small,,False,False
3125,Drunk Robots,METAL, $-   ,0.40%,1.20%,1.90%,4.30%,"$26,541.00 ","222,331,652",2.75 Billion,"$107,928.00 ",,0.4,1.2,1.9,4.3,26541.0,107928.0,222331652.0,False,Small,0.24591394262841895,False,False
3126,Nsure Network,NSURE, $-   ,5.30%,-8.80%,-7.50%,3.20%,"$478,709.00 ","23,727,236",58 Million,"$106,730.00 ",,5.3,-8.8,-7.5,3.2,478709.0,106730.0,23727236.0,False,Small,4.485233767450576,True,False
3127,Value DeFi,VALUE,0.02,0.00%,-0.50%,5.10%,6.90%,"$22,194.00 ","4,906,557",4.91 Million,"$106,671.00 ",0.02,0.0,-0.5,5.1,6.9,22194.0,106671.0,4906557.0,False,Small,0.20806029755041203,False,False
3128,Zeedex,ZDEX,0.02,0.00%,-0.10%,-65.50%,-82.70%,$2.87 ,"6,580,650",10 Million,"$106,471.00 ",0.02,0.0,-0.1,-65.5,-82.7,2.87,106471.0,6580650.0,False,Small,2.6955696856421e-05,False,False
3129,SWAPZ.app,SWAPZ, $-   ,0.30%,-5.90%,0.10%,31.30%,$355.00 ,"187,513,406",289 Million,"$106,395.00 ",,0.3,-5.9,0.1,31.3,355.0,106395.0,187513406.0,False,Small,0.003336622961605339,False,False
3130,Chronicum,CHRO, $-   ,,-6.20%,12.70%,127.20%,$53.26 ,"124,308,093",300 Million,"$104,848.00 ",,,-6.2,12.7,127.2,53.26,104848.0,124308093.0,False,Small,0.0005079734472760568,False,False
3131,Zero,ZER,0.01,-,-,-,-, - ,"13,103,989",17 Million,"$105,101.00 ",0.01,,,,,,105101.0,13103989.0,False,Small,,False,False
3132,DeVault,DVT, $-   ,0.20%,-1.50%,26.20%,18.40%,$29.82 ,"577,362,096",2 Billion,"$105,244.00 ",,0.2,-1.5,26.2,18.4,29.82,105244.0,577362096.0,False,Small,0.0002833415681654061,False,False
3133,NuriFootBall,NRFB, $-   ,1.20%,-23.80%,-17.60%,14.30%,"$213,567.00 ","122,574,100",1 Billion,"$104,966.00 ",,1.2,-23.8,-17.6,14.3,213567.0,104966.0,122574100.0,False,Small,2.034630261227445,True,False
3134,Zeepin,ZPT, $-   ,0.90%,-4.90%,0.90%,14.40%,"$46,979.00 ","500,000,000",1 Billion,"$104,871.00 ",,0.9,-4.9,0.9,14.4,46979.0,104871.0,500000000.0,False,Small,0.4479694100370932,False,False
3135,CryptoTask,CTASK,0.08,-,-,-,-, - ,"1,308,146",15.4 Million,"$104,715.00 ",0.08,,,,,,104715.0,1308146.0,False,Small,,False,False
3136,MotoGP Fan Token,MGPT, $-   ,1.90%,7.40%,20.20%,0.80%,"$25,442.00 ","21,535,975",21.5 Million,"$104,207.00 ",,1.9,7.4,20.2,0.8,25442.0,104207.0,21535975.0,False,Small,0.24414866563666549,False,False
3137,TERA,TERA, $-   ,0.00%,-21.90%,-42.90%,171.10%, $-   ,"739,057,567",1 Billion,"$104,101.00 ",,0.0,-21.9,-42.9,171.1,,104101.0,739057567.0,False,Small,,False,False
3138,X42 Protocol,X42, $-   ,0.20%,8.60%,1.00%,1.90%,$409.00 ,"21,910,304",42 Million,"$103,842.00 ",,0.2,8.6,1.0,1.9,409.0,103842.0,21910304.0,False,Small,0.003938676065561141,False,False
3139,Sator,SAO, $-   ,1.20%,26.20%,41.70%,48.50%,"$657,158.00 ","55,005,195",500 Million,"$103,341.00 ",,1.2,26.2,41.7,48.5,657158.0,103341.0,55005195.0,False,Small,6.359121742580389,True,False
3140,SportsIcon,$ICONS,0.01,-0.10%,-2.80%,-6.60%,0.00%,"$39,300.00 ","7,878,540",30 Million,"$103,222.00 ",0.01,-0.1,-2.8,-6.6,0.0,39300.0,103222.0,7878540.0,False,Small,0.3807327895216136,False,False
3141,ART CAN DIE,DIE,0.04,0.00%,0.00%,-1.40%,-1.00%,"$23,449.00 ","2,749,641",21 Million,"$102,952.00 ",0.04,0.0,0.0,-1.4,-1.0,23449.0,102952.0,2749641.0,False,Small,0.22776633771077784,False,False
3142,UrDEX Finance,URD,0.01,0.10%,-0.60%,-3.80%,-50.40%,$7.70 ,"19,838,225",100 Million,"$102,528.00 ",0.01,0.1,-0.6,-3.8,-50.4,7.7,102528.0,19838225.0,False,Small,7.51014357053683e-05,False,False
3143,Gapcoin,GAP,0.01,-,-,-,-, - ,"17,634,537",-,"$102,864.00 ",0.01,,,,,,102864.0,17634537.0,False,Small,,False,False
3144,Blocksport,BSPT, $-   ,-0.40%,0.00%,-5.20%,-2.40%,"$231,900.00 ","93,603,393",1 Billion,"$102,478.00 ",,-0.4,0.0,-5.2,-2.4,231900.0,102478.0,93603393.0,False,Small,2.262924725306895,True,False
3145,Oh! Finance,OH, $-   ,-,-,-,-, - ,"40,866,616",100 Million,"$101,284.00 ",,,,,,,101284.0,40866616.0,False,Small,,False,False
3146,OolongSwap,OLO, $-   ,-,-,-,-, - ,"2,740,247,015",3.82 Billion,"$100,226.00 ",,,,,,,100226.0,2740247015.0,False,Small,,False,False
3147,Hashgard,GARD, $-   ,0.10%,-2.90%,16.80%,21.40%,"$33,016.00 ","10,000,000,000",10 Billion,"$101,923.00 ",,0.1,-2.9,16.8,21.4,33016.0,101923.0,10000000000.0,False,Small,0.3239308105138193,False,False
3148,Dynamix,DYNA, $-   ,-,-,-,-, - ,"528,866,594,042,176",1 Quadrillion,"$126,177.00 ",,,,,,,126177.0,528866594042176.0,False,Small,,False,False
3149,IHT Real Estate Protocol,IHT, $-   ,-0.30%,-0.40%,-7.10%,0.90%,"$36,310.00 ","994,999,999",1 Billion,"$100,949.00 ",,-0.3,-0.4,-7.1,0.9,36310.0,100949.0,994999999.0,False,Small,0.3596865744088599,False,False
3150,Cronosphere,SPHERE,0.13,-,-,-,-, - ,"778,491",778 Thousand,"$100,593.00 ",0.13,,,,,,100593.0,778491.0,False,Small,,False,False
3151,The Corgi of PolkaBridge,CORGIB, $-   ,15.20%,4.50%,21.10%,61.10%,"$4,547.00 ","30,660,065,868,717",54 Trillion,"$100,648.00 ",,15.2,4.5,21.1,61.1,4547.0,100648.0,30660065868717.0,False,Small,0.04517725141085764,False,False
3152,Spaceswap MILK2,MILK2, $-   ,-0.20%,7.20%,-44.40%,-5.00%,"$2,508.00 ","22,582,180",22.6 Million,"$100,327.00 ",,-0.2,7.2,-44.4,-5.0,2508.0,100327.0,22582180.0,False,Small,0.024998255703848414,False,False
3153,Argon,ARGON, $-   ,0.50%,-7.00%,-10.50%,-5.30%,"$67,741.00 ","68,396,812",100 Million,"$100,080.00 ",,0.5,-7.0,-10.5,-5.3,67741.0,100080.0,68396812.0,False,Small,0.6768685051958433,True,False
3154,Yield Protocol,YIELD, $-   ,0.20%,-4.70%,-7.20%,-8.10%,"$62,076.00 ","71,448,816",141 Million,"$99,632.87 ",,0.2,-4.7,-7.2,-8.1,62076.0,99632.87,71448816.0,False,Small,0.6230473938972149,True,False
3155,DarkCrypto,DARK, $-   ,-0.30%,1.30%,-7.40%,119.00%,$33.03 ,"53,035,053",54 Million,"$99,441.05 ",,-0.3,1.3,-7.4,119.0,33.03,99441.05,53035053.0,False,Small,0.00033215658925564445,False,False
3156,Dream,DREAM, $-   ,-,-,-,-, - ,"890,000,000",1 Billion,"$96,755.21 ",,,,,,,96755.21,890000000.0,False,Small,,False,False
3157,Finance Vote,FVT, $-   ,-,-,-,-, - ,"204,714,181",990 Million,"$99,111.49 ",,,,,,,99111.49,204714181.0,False,Small,,False,False
3158,Milky,MILKY, $-   ,-,-,-,-, - ,"2,065,673,874",2.07 Billion,"$99,021.98 ",,,,,,,99021.98,2065673874.0,False,Small,,False,False
3159,Snowswap,SNOW,0.28,1.00%,-3.60%,-19.20%,25.90%,"$39,306.00 ","349,664",500 Thousand,"$99,060.15 ",0.28,1.0,-3.6,-19.2,25.9,39306.0,99060.15,349664.0,False,Small,0.3967892235172267,False,False
3160,Penguin Finance,PEFI,0.01,-0.20%,-4.70%,2.30%,65.40%,$156.00 ,"19,158,098",19.2 Million,"$99,028.70 ",0.01,-0.2,-4.7,2.3,65.4,156.0,99028.7,19158098.0,False,Small,0.0015753008976185693,False,False
3161,Vulture Peak,VPK,0.03,0.70%,6.80%,46.00%,48.40%,"$3,105.00 ","3,835,937",30 Million,"$99,003.18 ",0.03,0.7,6.8,46.0,48.4,3105.0,99003.18,3835937.0,False,Small,0.03136262895797893,False,False
3162,Lucretius,LUC, $-   ,2.30%,-15.70%,3.90%,-1.30%,"$10,814.00 ","526,528,430",604 Million,"$98,759.85 ",,2.3,-15.7,3.9,-1.3,10814.0,98759.85,526528430.0,False,Small,0.10949793868662214,False,False
3163,Pine,PINE,0.01,-1.30%,2.20%,0.60%,26.80%,"$32,800.00 ","13,480,860",198 Million,"$98,693.30 ",0.01,-1.3,2.2,0.6,26.8,32800.0,98693.3,13480860.0,False,Small,0.33234272235298645,False,False
3164,ZENZO,ZNZ, $-   ,0.30%,-9.50%,0.90%,79.20%,$45.60 ,"22,573,357",83 Million,"$98,593.21 ",,0.3,-9.5,0.9,79.2,45.6,98593.21,22573357.0,False,Small,0.00046250649512273714,False,False
3165,Trava Capital,TOD,0.31,,0.20%,-0.20%,-1.30%,$144.00 ,"317,876",318 Thousand,"$97,423.51 ",0.31,,0.2,-0.2,-1.3,144.0,97423.51,317876.0,False,Small,0.0014780826517131235,False,False
3166,Lunarium,XLN, $-   ,-4.50%,35.80%,238.40%,139.60%,"$2,801.00 ","51,157,606",51.2 Million,"$97,115.16 ",,-4.5,35.8,238.4,139.6,2801.0,97115.16,51157606.0,False,Small,0.02884204690596195,False,False
3167,Lien,LIEN,0.27,-0.10%,-0.50%,-5.30%,-4.70%,"$39,559.00 ","354,874",1 Million,"$96,119.32 ",0.27,-0.1,-0.5,-5.3,-4.7,39559.0,96119.32,354874.0,False,Small,0.4115613801678996,False,False
3168,Snook,SNK, $-   ,1.30%,1.00%,-5.50%,-44.60%,"$24,730.00 ","26,027,079",38.5 Million,"$95,710.08 ",,1.3,1.0,-5.5,-44.6,24730.0,95710.08,26027079.0,False,Small,0.2583844878198827,False,False
3169,Demeter,DEO,0.02,-12.30%,-1.80%,-23.20%,30.20%,$875.00 ,"3,503,620",3.5 Million,"$95,571.63 ",0.02,-12.3,-1.8,-23.2,30.2,875.0,95571.63,3503620.0,False,Small,0.009155436608123142,False,False
3170,Metacourt,BLS, $-   ,-0.20%,-7.50%,-4.50%,14.30%,"$2,541.00 ","254,629,060",950 Million,"$95,419.11 ",,-0.2,-7.5,-4.5,14.3,2541.0,95419.11,254629060.0,False,Small,0.026629885774453355,False,False
3171,Crown,CRW, $-   ,0.10%,99.60%,-31.60%,-18.40%,$569.00 ,"32,232,626",42 Million,"$95,400.21 ",,0.1,99.6,-31.6,-18.4,569.0,95400.21,32232626.0,False,Small,0.005964347457935365,False,False
3172,Base Velocimeter,BVM,0.05,0.10%,0.90%,-19.30%,-34.80%,$288.00 ,"1,915,322",8.84 Million,"$95,191.36 ",0.05,0.1,0.9,-19.3,-34.8,288.0,95191.36,1915322.0,False,Small,0.0030254846658352187,False,False
3173,Huckleberry,FINN, $-   ,1.90%,-10.30%,4.40%,23.40%,$765.00 ,"52,799,601",100 Million,"$95,118.80 ",,1.9,-10.3,4.4,23.4,765.0,95118.8,52799601.0,False,Small,0.008042574128353176,False,False
3174,Seba,SEBA, $-   ,-,-,-,-, - ,"195,000,000",250 Million,"$118,690.00 ",,,,,,,118690.0,195000000.0,False,Small,,False,False
3175,Yieldwatch,WATCH,0.01,0.00%,-8.00%,-7.40%,1.00%,$370.00 ,"9,800,000",20 Million,"$94,619.20 ",0.01,0.0,-8.0,-7.4,1.0,370.0,94619.2,9800000.0,False,Small,0.003910411417555845,False,False
3176,Unitrade,TRADE, $-   ,-0.10%,3.50%,17.00%,25.50%,$60.20 ,"35,782,805",50 Million,"$94,495.75 ",,-0.1,3.5,17.0,25.5,60.2,94495.75,35782805.0,False,Small,0.0006370656881394138,False,False
3177,ArGoApp,ARGO,0.01,-,-,-,-, - ,"17,615,769",65.5 Million,"$94,224.61 ",0.01,,,,,,94224.61,17615769.0,False,Small,,False,False
3178,Flooring Protocol μLilPudgys,ΜLP, $-   ,-0.10%,1.80%,7.40%,,"$9,962.00 ","114,000,000",114 Million,"$93,517.02 ",,-0.1,1.8,7.4,,9962.0,93517.02,114000000.0,False,Small,0.1065260633839701,False,False
3179,Shack,SHACK, $-   ,0.50%,2.80%,-0.70%,22.70%,$218.00 ,"1,020,000,002",1.02 Billion,"$93,468.40 ",,0.5,2.8,-0.7,22.7,218.0,93468.4,1020000002.0,False,Small,0.0023323390579062016,False,False
3180,TrustDAO,TRUST, $-   ,-,-,-,-, - ,"24,887,137",58.4 Million,"$98,917.37 ",,,,,,,98917.37,24887137.0,False,Small,,False,False
3181,Okcash,OK, $-   ,0.90%,-33.70%,-60.10%,-37.30%,"$1,085.00 ","88,063,695",105 Million,"$93,082.96 ",,0.9,-33.7,-60.1,-37.3,1085.0,93082.96,88063695.0,False,Small,0.011656268773575743,False,False
3182,ShopNext Loyalty Token,NEXT,0.01,-0.90%,2.70%,1.10%,-4.90%,"$17,693.00 ","17,787,936",100 Million,"$92,523.90 ",0.01,-0.9,2.7,1.1,-4.9,17693.0,92523.9,17787936.0,False,Small,0.19122626694291964,False,False
3183,Peachfolio,PCHF, $-   ,-0.10%,-10.50%,-9.40%,9.90%,$522.00 ,"502,772,565",950 Million,"$92,237.18 ",,-0.1,-10.5,-9.4,9.9,522.0,92237.18,502772565.0,False,Small,0.005659323062565443,False,False
3184,Hamster Groomers,GROOMER, $-   ,-,-,-,-, - ,"227,153,546,286,146",536 Trillion,"$125,763.00 ",,,,,,,125763.0,227153546286146.0,False,Small,,False,False
3185,reflect.finance,RFI,0.01,-,-,-,-, - ,"9,394,692",10 Million,"$90,352.09 ",0.01,,,,,,90352.09,9394692.0,False,Small,,False,False
3186,NDB,NDB, $-   ,-0.10%,0.10%,-0.10%,-0.10%,"$1,082.00 ","18,439,999",1 Trillion,"$91,714.65 ",,-0.1,0.1,-0.1,-0.1,1082.0,91714.65,18439999.0,False,Small,0.01179746092908821,False,False
3187,Bitindi Chain,BNI, $-   ,-2.50%,-29.50%,-24.50%,-36.90%,"$56,545.00 ","35,000,000",50 Million,"$90,907.42 ",,-2.5,-29.5,-24.5,-36.9,56545.0,90907.42,35000000.0,False,Small,0.622006432478229,True,False
3188,Trinity Network Credit,TNC, $-   ,-0.20%,-0.10%,-2.60%,30.80%,"$48,828.00 ","485,996,565",1 Billion,"$90,807.26 ",,-0.2,-0.1,-2.6,30.8,48828.0,90807.26,485996565.0,False,Small,0.5377103108275704,True,False
3189,Omni Consumer Protocol,OCP,0.01,0.10%,-1.30%,-1.90%,-0.70%,"$1,504.00 ","11,901,825",100 Million,"$90,655.89 ",0.01,0.1,-1.3,-1.9,-0.7,1504.0,90655.89,11901825.0,False,Small,0.016590207211026223,False,False
3190,Dapp.com,DAPPT, $-   ,-1.50%,-8.60%,11.90%,34.00%,"$26,248.00 ","1,454,825,315",5 Billion,"$90,544.50 ",,-1.5,-8.6,11.9,34.0,26248.0,90544.5,1454825315.0,False,Small,0.2898906062764718,False,False
3191,RaceX,RACEX, $-   ,-,-,-,-, - ,"742,058,500",1 Billion,"$90,423.46 ",,,,,,,90423.46,742058500.0,False,Small,,False,False
3192,INSF,INSF,12.40,-,-,-,-, - ,"10,000",10 Thousand,"$123,954.00 ",12.4,,,,,,123954.0,10000.0,False,Small,,False,False
3193,Index Coop - MATIC 2x Flexible Leverage Index,MATIC2X-FLI-P,6.46,0.60%,-3.70%,-20.10%,34.50%,$326.00 ,"13,886",13.9 Thousand,"$89,753.06 ",6.46,0.6,-3.7,-20.1,34.5,326.0,89753.06,13886.0,False,Small,0.0036321881393236066,False,False
3194,COR Token,COR, $-   ,-,-,-,-, - ,"191,142,650",500 Million,"$90,452.22 ",,,,,,,90452.22,191142650.0,False,Small,,False,False
3195,Virtual Ride Token,VRT,0.01,0.20%,-0.50%,1.10%,0.30%,"$86,331.00 ","16,890,410",327 Million,"$89,242.50 ",0.01,0.2,-0.5,1.1,0.3,86331.0,89242.5,16890410.0,False,Small,0.9673754096982939,True,False
3196,Microtick,TICK,0.22,-,-,-,-, - ,"402,096",1.39 Million,"$87,053.71 ",0.22,,,,,,87053.71,402096.0,False,Small,,False,False
3197,Cryptostone,CPS, $-   ,0.00%,-3.30%,-4.30%,17.30%,$2.64 ,"9,476,512,850",29 Billion,"$89,045.40 ",,0.0,-3.3,-4.3,17.3,2.64,89045.4,9476512850.0,False,Small,2.9647797640304835e-05,False,False
3198,Meme Inu,MEME, $-   ,-,-,-,-, - ,"769,038,459",769 Million,"$86,773.09 ",,,,,,,86773.09,769038459.0,False,Small,,False,False
3199,Statik,STATIK,1.25,0.00%,0.00%,0.00%,0.00%, $-   ,"107,285",107 Thousand,"$134,534.00 ",1.25,0.0,0.0,0.0,0.0,,134534.0,107285.0,False,Small,,False,False
3200,DackieSwap,DACKIE, $-   ,0.50%,-32.90%,14.50%,-40.80%,"$5,054.00 ","102,713,767",955 Million,"$88,900.13 ",,0.5,-32.9,14.5,-40.8,5054.0,88900.13,102713767.0,False,Small,0.05685031056759984,False,False
3201,OnX Finance,ONX,0.01,0.60%,-2.10%,-2.90%,-3.70%,"$40,434.00 ","9,883,242",9.91 Million,"$88,471.21 ",0.01,0.6,-2.1,-2.9,-3.7,40434.0,88471.21,9883242.0,False,Small,0.45703003270781534,False,False
3202,Dark Matter,DMT,8.70,-,-,-,-, - ,"10,000",10 Thousand,"$86,953.54 ",8.7,,,,,,86953.54,10000.0,False,Small,,False,False
3203,President Ron DeSantis,RON, $-   ,-1.10%,108.10%,109.30%,66.70%,"$9,912.00 ","982,200,000",1 Billion,"$87,923.01 ",,-1.1,108.1,109.3,66.7,9912.0,87923.01,982200000.0,False,Small,0.11273499394527099,False,False
3204,Alpha Impact,FOLO, $-   ,0.90%,3.70%,3.20%,23.90%,$259.00 ,"60,860,717",424 Million,"$87,720.69 ",,0.9,3.7,3.2,23.9,259.0,87720.69,60860717.0,False,Small,0.002952553154791646,False,False
3205,One Cash,ONC,0.06,0.00%,-4.70%,0.30%,1.00%,"$37,253.00 ","1,531,947",1.53 Million,"$87,244.97 ",0.06,0.0,-4.7,0.3,1.0,37253.0,87244.97,1531947.0,False,Small,0.4269930977109626,False,False
3206,Ref,REF,0.09,-0.70%,-1.60%,-9.90%,32.40%,$245.00 ,"1,005,000",50 Million,"$86,757.67 ",0.09,-0.7,-1.6,-9.9,32.4,245.0,86757.67,1005000.0,False,Small,0.0028239578126060785,False,False
3207,Y Coin,YCO,0.01,-,-,-,-, - ,"14,098,141",15 Million,"$85,721.50 ",0.01,,,,,,85721.5,14098141.0,False,Small,,False,False
3208,Sportium,SPRT, $-   ,-0.10%,0.10%,-2.50%,4.00%,"$197,218.00 ","202,336,830",1 Billion,"$85,554.68 ",,-0.1,0.1,-2.5,4.0,197218.0,85554.68,202336830.0,False,Small,2.3051690451065916,True,False
3209,TOR,TOR,0.01,-0.20%,-81.40%,-54.50%,-99.50%,"$42,453.00 ","17,070,482",17.1 Million,"$85,506.70 ",0.01,-0.2,-81.4,-54.5,-99.5,42453.0,85506.7,17070482.0,False,Small,0.49648740975853356,False,False
3210,CrossSwap,CSWAP,0.01,-,-,-,-, - ,"20,000,000",20 Million,"$105,421.00 ",0.01,,,,,,105421.0,20000000.0,False,Small,,False,False
3211,Freicoin,FRC, $-   ,-,-,-,-, - ,"114,195,686",100 Million,"$83,264.51 ",,,,,,,83264.51,114195686.0,False,Small,,False,False
3212,Tesla TSL,TSL, $-   ,3.50%,6.20%,7.90%,11.20%,"$26,616.00 ","582,261,000",1 Billion,"$83,969.68 ",,3.5,6.2,7.9,11.2,26616.0,83969.68,582261000.0,False,Small,0.3169715544944318,False,False
3213,Karma DAO,KARMA,0.01,-0.10%,-2.80%,-13.90%,-7.70%,$754.00 ,"5,620,563",10 Million,"$83,299.73 ",0.01,-0.1,-2.8,-13.9,-7.7,754.0,83299.73,5620563.0,False,Small,0.009051649987340895,False,False
3214,BitWhite,BTW, $-   ,0.60%,6.80%,4.10%,22.60%,"$33,182.00 ","64,189,329",-,"$83,226.85 ",,0.6,6.8,4.1,22.6,33182.0,83226.85,64189329.0,False,Small,0.39869345049103744,False,False
3215,Meta BSC,META, $-   ,-,-,-,-, - ,"1,000,000,000,000",1 Trillion,"$104,055.00 ",,,,,,,104055.0,1000000000000.0,False,Small,,False,False
3216,Flooring Protocol μSappySeals,ΜSAPS, $-   ,,13.10%,13.20%,,"$25,526.00 ","102,000,000",102 Million,"$82,856.48 ",,,13.1,13.2,,25526.0,82856.48,102000000.0,False,Small,0.3080748783921306,False,False
3217,Strawberry Elephant,صباح الفر,0.09,-,-,-,-, - ,"936,083",936 Thousand,"$82,012.46 ",0.09,,,,,,82012.46,936083.0,False,Small,,False,False
3218,dFund,DFND, $-   ,0.40%,0.40%,10.80%,5.60%,"$50,410.00 ","335,202,470",1 Billion,"$81,872.42 ",,0.4,0.4,10.8,5.6,50410.0,81872.42,335202470.0,False,Small,0.6157140585315544,True,False
3219,Aluna,ALN, $-   ,-0.40%,1.80%,24.00%,47.60%,"$60,165.00 ","35,459,664",99.8 Million,"$81,663.14 ",,-0.4,1.8,24.0,47.6,60165.0,81663.14,35459664.0,False,Small,0.7367461011173462,True,False
3220,The ChampCoin,TCC, $-   ,-,-,-,-, - ,"172,359,835",516 Million,"$79,879.18 ",,,,,,,79879.18,172359835.0,False,Small,,False,False
3221,Dawn Protocol,DAWN, $-   ,0.30%,-40.80%,-69.70%,-74.20%,$81.86 ,"74,464,266",76.6 Million,"$81,442.19 ",,0.3,-40.8,-69.7,-74.2,81.86,81442.19,74464266.0,False,Small,0.00100513014200625,False,False
3222,MUSK Gold,MUSK, $-   ,-,-,-,-, - ,"34,521,000",690 Million,"$81,265.81 ",,,,,,,81265.81,34521000.0,False,Small,,False,False
3223,StrongHands Finance,ISHND,0.01,-,-,-,-, - ,"14,511,415",99.3 Million,"$80,832.20 ",0.01,,,,,,80832.2,14511415.0,False,Small,,False,False
3224,Covenants,UNIFI,0.06,-,-,-,-, - ,"1,410,618",1.41 Million,"$78,120.27 ",0.06,,,,,,78120.27,1410618.0,False,Small,,False,False
3225,Snowball,SNOB,0.01,,-11.70%,-36.30%,103.70%,$383.00 ,"5,492,417",17.8 Million,"$80,147.55 ",0.01,,-11.7,-36.3,103.7,383.0,80147.55,5492417.0,False,Small,0.004778686310436189,False,False
3226,Aavegotchi KEK,KEK, $-   ,0.70%,-3.40%,-11.40%,-8.40%,$231.00 ,"18,546,431",2.05 Billion,"$80,164.83 ",,0.7,-3.4,-11.4,-8.4,231.0,80164.83,18546431.0,False,Small,0.0028815628998402417,False,False
3227,Centaur,CNTR, $-   ,0.60%,2.60%,-16.00%,24.00%,$195.00 ,"1,822,579,696",6 Billion,"$80,030.43 ",,0.6,2.6,-16.0,24.0,195.0,80030.43,1822579696.0,False,Small,0.002436573188473435,False,False
3228,ODEM,ODE, $-   ,0.00%,-0.10%,253.80%,49.60%,$3.06 ,"221,946,101",397 Million,"$79,831.87 ",,0.0,-0.1,253.8,49.6,3.06,79831.87,221946101.0,False,Small,3.8330556455711235e-05,False,False
3229,Playcent,PCNT, $-   ,0.10%,-1.70%,3.10%,18.10%,"$39,492.00 ","27,341,255",60 Million,"$79,611.89 ",,0.1,-1.7,3.1,18.1,39492.0,79611.89,27341255.0,False,Small,0.49605655637618956,False,False
3230,MetaGods,MGOD,0.01,0.20%,-9.50%,-35.90%,558.60%,"$23,618.00 ","14,130,466",500 Million,"$79,438.36 ",0.01,0.2,-9.5,-35.9,558.6,23618.0,79438.36,14130466.0,False,Small,0.2973122808678326,False,False
3231,PumaPay,PMA, $-   ,0.10%,-3.20%,-81.50%,-77.40%,$564.00 ,"26,476,422,231",78 Billion,"$79,357.94 ",,0.1,-3.2,-81.5,-77.4,564.0,79357.94,26476422231.0,False,Small,0.007107039320829144,False,False
3232,Keysians Network,KEN,0.14,-2.60%,-1.10%,-8.60%,-0.80%,"$221,906.00 ","556,500",10 Million,"$79,331.76 ",0.14,-2.6,-1.1,-8.6,-0.8,221906.0,79331.76,556500.0,False,Small,2.7971899274641077,True,False
3233,Primas,PST, $-   ,-0.10%,0.80%,-1.10%,-0.70%,"$39,219.00 ","51,199,999",100 Million,"$79,328.59 ",,-0.1,0.8,-1.1,-0.7,39219.0,79328.59,51199999.0,False,Small,0.4943867021965221,False,False
3234,Pepe Le Pew Coin,$PLPC, $-   ,0.00%,1.80%,-1.80%,10.80%,$27.64 ,"114,278,134,379,398",161 Trillion,"$79,328.13 ",,0.0,1.8,-1.8,10.8,27.64,79328.13,114278134379398.0,False,Small,0.00034842621400504463,False,False
3235,FantomStarter,FS, $-   ,0.50%,7.50%,-11.20%,-11.20%,$189.00 ,"67,000,000",1 Billion,"$78,625.87 ",,0.5,7.5,-11.2,-11.2,189.0,78625.87,67000000.0,False,Small,0.002403788981921599,False,False
3236,Silver Stonks,SSTX, $-   ,-,-,-,-, - ,"747,566,991,914",2.3 Trillion,"$77,146.74 ",,,,,,,77146.74,747566991914.0,False,Small,,False,False
3237,iDypius,IDYP, $-   ,0.20%,-14.40%,-14.60%,49.30%,"$71,916.00 ","121,515,549",300 Million,"$78,322.07 ",,0.2,-14.4,-14.6,49.3,71916.0,78322.07,121515549.0,False,Small,0.918208622422773,True,False
3238,FYDcoin,FYD, $-   ,0.20%,-0.10%,-34.70%,-50.50%,$62.79 ,"595,546,908",625 Million,"$78,213.99 ",,0.2,-0.1,-34.7,-50.5,62.79,78213.99,595546908.0,False,Small,0.0008027975557825396,False,False
3239,Mochi Market,MOMA, $-   ,1.10%,-4.60%,-5.30%,-3.80%,"$22,875.00 ","36,973,277",100 Million,"$78,147.22 ",,1.1,-4.6,-5.3,-3.8,22875.0,78147.22,36973277.0,False,Small,0.292716746673778,False,False
3240,JPEG (Ordinals),JPEG,0.01,-,-,-,-, - ,"21,000,000",21 Million,"$107,183.00 ",0.01,,,,,,107183.0,21000000.0,False,Small,,False,False
3241,Auxilium,AUX, $-   ,8.40%,9.90%,9.00%,20.70%,"$10,672.00 ","141,900,578",300 Million,"$77,647.03 ",,8.4,9.9,9.0,20.7,10672.0,77647.03,141900578.0,False,Small,0.13744247526273703,False,False
3242,MemeDAO,MEMD, $-   ,0.50%,0.00%,3.80%,9.40%,"$4,438.00 ","420,690,000,000,000",421 Trillion,"$77,308.72 ",,0.5,0.0,3.8,9.4,4438.0,77308.72,420690000000000.0,False,Small,0.057406202042926076,False,False
3243,OpenAlexa Protocol,OAP,0.01,0.00%,-0.60%,-0.60%,-0.20%,$0.04 ,"13,570,688",10 Million,"$77,238.43 ",0.01,0.0,-0.6,-0.6,-0.2,0.04,77238.43,13570688.0,False,Small,5.178769169699592e-07,False,False
3244,Comb Finance,COMB,0.74,0.40%,-3.70%,-10.20%,23.20%,$143.00 ,"106,332",297 Thousand,"$77,031.26 ",0.74,0.4,-3.7,-10.2,23.2,143.0,77031.26,106332.0,False,Small,0.0018563892113409545,False,False
3245,KnoxFS,KFX,0.10,-0.60%,159.80%,-12.80%,217.90%,$0.10 ,"786,268",5 Million,"$77,366.60 ",0.1,-0.6,159.8,-12.8,217.9,0.1,77366.6,786268.0,False,Small,1.292547430027945e-06,False,False
3246,Lunch Money,LMY, $-   ,-,-,-,-, - ,"143,011,675",183 Million,"$76,044.90 ",,,,,,,76044.9,143011675.0,False,Small,,False,False
3247,Cross-Chain Bridge,BRIDGE, $-   ,0.60%,-14.90%,7.70%,136.10%,$222.00 ,"54,131,177",54.1 Million,"$76,597.76 ",,0.6,-14.9,7.7,136.1,222.0,76597.76,54131177.0,False,Small,0.0028982570769693528,False,False
3248,Swap,XWP, $-   ,-,-,-,-, - ,"16,941,728",18.4 Million,"$74,117.23 ",,,,,,,74117.23,16941728.0,False,Small,,False,False
3249,SakeSwap,SAKE, $-   ,0.20%,-4.70%,-10.70%,-2.10%,"$63,291.00 ","73,697,604",136 Million,"$75,983.21 ",,0.2,-4.7,-10.7,-2.1,63291.0,75983.21,73697604.0,False,Small,0.8329603342633194,True,False
3250,TryHards,TRY, $-   ,0.60%,-5.00%,-21.10%,-76.40%,$486.00 ,"154,719,550",200 Million,"$74,660.94 ",,0.6,-5.0,-21.1,-76.4,486.0,74660.94,154719550.0,False,Small,0.006509427821294508,False,False
3251,Ordinals Finance,OFI, $-   ,-,-,-,-, - ,"1,000,000,000",1 Billion,"$74,303.48 ",,,,,,,74303.48,1000000000.0,False,Small,,False,False
3252,Hempcoin,THC, $-   ,-3.10%,-46.70%,-87.40%,-86.80%,$597.00 ,"267,603,035",278 Million,"$74,145.51 ",,-3.1,-46.7,-87.4,-86.8,597.0,74145.51,267603035.0,False,Small,0.00805173502751549,False,False
3253,UnitedCrowd,UCT, $-   ,,-3.10%,-6.50%,-20.60%,$1.60 ,"45,689,057",586 Million,"$73,231.55 ",,,-3.1,-6.5,-20.6,1.6,73231.55,45689057.0,False,Small,2.1848506552162285e-05,False,False
3254,MyBit,MYB, $-   ,-0.80%,-1.60%,-9.90%,26.20%,$131.00 ,"179,998,249",180 Million,"$73,078.60 ",,-0.8,-1.6,-9.9,26.2,131.0,73078.6,179998249.0,False,Small,0.0017925904437140283,False,False
3255,FlokiBonk,FLOBO, $-   ,-,-,-,-, - ,"1,000,000,000,000,000",1 Quadrillion,"$91,480.51 ",,,,,,,91480.51,1000000000000000.0,False,Small,,False,False
3256,Brick,BRICK,0.25,-0.10%,-9.30%,-7.90%,-3.60%,$141.00 ,"296,544",1 Million,"$72,668.71 ",0.25,-0.1,-9.3,-7.9,-3.6,141.0,72668.71,296544.0,False,Small,0.0019403124123161123,False,False
3257,ARTX,ARTX,0.03,-,-,-,-, - ,"2,597,617",10 Million,"$71,024.28 ",0.03,,,,,,71024.28,2597617.0,False,Small,,False,False
3258,GamyFi,GFX,0.02,-0.10%,-1.90%,6.90%,23.60%,$588.00 ,"3,200,000",10 Million,"$72,129.02 ",0.02,-0.1,-1.9,6.9,23.6,588.0,72129.02,3200000.0,False,Small,0.008152058630492969,False,False
3259,Hashtagger,MOOO,0.04,-0.80%,-0.90%,-6.10%,-8.30%,"$26,903.00 ","1,986,337",30 Million,"$72,052.19 ",0.04,-0.8,-0.9,-6.1,-8.3,26903.0,72052.19,1986337.0,False,Small,0.37338212759390105,False,False
3260,Rare FND,FND, $-   ,1.30%,3.20%,6.20%,6.50%,"$109,615.00 ","222,797,091",325 Million,"$71,071.08 ",,1.3,3.2,6.2,6.5,109615.0,71071.08,222797091.0,False,Small,1.542329172428504,True,False
3261,Litecash,CASH, $-   ,0.00%,-3.00%,-11.80%,-23.40%,$13.54 ,"300,943,500",723 Million,"$71,001.93 ",,0.0,-3.0,-11.8,-23.4,13.54,71001.93,300943500.0,False,Small,0.00019069904156126461,False,False
3262,DefiDollar DAO,DFD, $-   ,-,-,-,-, - ,"21,867,782",100 Million,"$71,584.20 ",,,,,,,71584.2,21867782.0,False,Small,,False,False
3263,Volta Protocol,VOLTA, $-   ,,0.00%,-0.50%,19.50%, $-   ,"13,838,650",100 Million,"$68,199.92 ",,,0.0,-0.5,19.5,,68199.92,13838650.0,False,Small,,False,False
3264,Skyrim Finance,SKYRIM, $-   ,-0.20%,1.00%,-4.40%,-0.70%,"$37,907.00 ","37,633,170",100 Million,"$70,562.70 ",,-0.2,1.0,-4.4,-0.7,37907.0,70562.7,37633170.0,False,Small,0.5372101691120096,True,False
3265,Islander,ISA, $-   ,-0.60%,-6.00%,3.60%,90.50%,$188.00 ,"1,999,643,333",15 Billion,"$69,369.64 ",,-0.6,-6.0,3.6,90.5,188.0,69369.64,1999643333.0,False,Small,0.0027101192971449757,False,False
3266,Tweety,TWEETY, $-   ,,2.00%,-3.40%,12.00%,$12.16 ,"112,134,890,821",126 Billion,"$68,979.54 ",,,2.0,-3.4,12.0,12.16,68979.54,112134890821.0,False,Small,0.00017628415614253157,False,False
3267,Fluffy Coin,FLUF, $-   ,-,-,-,-, - ,"600,000,000",900 Million,"$85,712.91 ",,,,,,,85712.91,600000000.0,False,Small,,False,False
3268,APY.Finance,APY, $-   ,-0.10%,2.50%,-34.40%,-58.80%,$129.00 ,"66,469,950",100 Million,"$68,418.58 ",,-0.1,2.5,-34.4,-58.8,129.0,68418.58,66469950.0,False,Small,0.001885452752746403,False,False
3269,CluCoin,CLU, $-   ,-,-,-,-, - ,"296,905,990,618,046",1 Quadrillion,"$66,830.28 ",,,,,,,66830.28,296905990618046.0,False,Small,,False,False
3270,Genix,GENIX, $-   ,0.10%,0.20%,7.00%,9.30%,$12.02 ,"110,268,532",210 Million,"$68,176.09 ",,0.1,0.2,7.0,9.3,12.02,68176.09,110268532.0,False,Small,0.00017630814556833635,False,False
3271,MetaWars,WARS, $-   ,0.20%,-6.40%,-30.60%,70.10%,"$10,505.00 ","73,654,529",1.5 Billion,"$67,926.39 ",,0.2,-6.4,-30.6,70.1,10505.0,67926.39,73654529.0,False,Small,0.1546527056715365,False,False
3272,Atrofarm,ATROFA,0.01,1.10%,-14.80%,-38.90%,-84.50%,"$9,607.00 ","4,566,880",4.58 Million,"$67,596.12 ",0.01,1.1,-14.8,-38.9,-84.5,9607.0,67596.12,4566880.0,False,Small,0.1421235420021149,False,False
3273,Mimas Finance,MIMAS, $-   ,-0.20%,-1.20%,-26.80%,18.70%,$87.31 ,"122,765,938",1 Billion,"$67,505.32 ",,-0.2,-1.2,-26.8,18.7,87.31,67505.32,122765938.0,False,Small,0.0012933795440122349,False,False
3274,Demole,DMLG, $-   ,-11.10%,22.20%,7.00%,8.80%,"$41,768.00 ","317,000,000",500 Million,"$67,486.94 ",,-11.1,22.2,7.0,8.8,41768.0,67486.94,317000000.0,False,Small,0.6189049318282915,True,False
3275,Sentinel Chain,SENC, $-   ,-0.10%,-0.30%,-9.00%,-2.20%,"$39,347.00 ","309,088,617",500 Million,"$67,297.95 ",,-0.1,-0.3,-9.0,-2.2,39347.0,67297.95,309088617.0,False,Small,0.584668626607497,True,False
3276,Insula,ISLA,0.07,-,-,-,-, - ,"917,087",967 Thousand,"$65,881.49 ",0.07,,,,,,65881.49,917087.0,False,Small,,False,False
3277,Sway Social,SWAY, $-   ,0.00%,-0.10%,-3.40%,-7.20%,"$26,196.00 ","34,418,984",100 Million,"$66,908.09 ",,0.0,-0.1,-3.4,-7.2,26196.0,66908.09,34418984.0,False,Small,0.39152216122146066,False,False
3278,NetherFi,NFI, $-   ,0.50%,-2.40%,-39.40%,-44.50%,$568.00 ,"79,427,192",400 Million,"$66,878.00 ",,0.5,-2.4,-39.4,-44.5,568.0,66878.0,79427192.0,False,Small,0.008493076946080924,False,False
3279,The Crypto Prophecies,TCP, $-   ,-0.10%,2.40%,3.80%,15.40%,"$35,278.00 ","116,759,822",240 Million,"$66,733.08 ",,-0.1,2.4,3.8,15.4,35278.0,66733.08,116759822.0,False,Small,0.5286433654793095,True,False
3280,OSPY,OSPY, $-   ,-,-,-,-, - ,"21,000,000",21 Million,"$91,871.50 ",,,,,,,91871.5,21000000.0,False,Small,,False,False
3281,Joe Hat,HAT,453.11,-0.30%,-2.30%,32.40%,36.30%,$78.37 ,147,. M,"$66,704.87 ",453.11,-0.3,-2.3,32.4,36.3,78.37,66704.87,147.0,False,Small,0.0011748767368859278,False,False
3282,YIN Finance,YIN,0.01,-0.20%,0.10%,-7.80%,-15.90%,"$35,042.00 ","9,482,236",100 Million,"$66,555.60 ",0.01,-0.2,0.1,-7.8,-15.9,35042.0,66555.6,9482236.0,False,Small,0.5265071609301095,True,False
3283,Gamerse,LFG, $-   ,-0.90%,-17.50%,229.90%,139.10%,"$13,300.00 ","391,203,930",1 Billion,"$66,490.59 ",,-0.9,-17.5,229.9,139.1,13300.0,66490.59,391203930.0,False,Small,0.20002830475710925,False,False
3284,Rage.Fan,RAGE, $-   ,0.30%,-11.00%,-11.10%,-9.80%,"$22,923.00 ","130,671,800",400 Million,"$66,153.47 ",,0.3,-11.0,-11.1,-9.8,22923.0,66153.47,130671800.0,False,Small,0.34651243540210364,False,False
3285,BlitzPick,XBP, $-   ,1.00%,-2.60%,-10.80%,32.50%,$431.00 ,"456,494,434",951 Million,"$66,111.22 ",,1.0,-2.6,-10.8,32.5,431.0,66111.22,456494434.0,False,Small,0.006519316993393859,False,False
3286,Genesis Worlds,GENESIS, $-   ,0.30%,1.60%,1.30%,76.10%,$294.00 ,"82,659,313",50.4 Million,"$65,376.32 ",,0.3,1.6,1.3,76.1,294.0,65376.32,82659313.0,False,Small,0.004497041130488838,False,False
3287,CoreStarter,CSTR, $-   ,0.60%,0.30%,-8.10%,23.40%,"$35,985.00 ","45,400,645",100 Million,"$65,147.81 ",,0.6,0.3,-8.1,23.4,35985.0,65147.81,45400645.0,False,Small,0.5523593195227898,True,False
3288,Echain Network,ECT, $-   ,-0.10%,1.50%,18.10%,81.40%,"$7,091.00 ","144,577,102",300 Million,"$64,864.37 ",,-0.1,1.5,18.1,81.4,7091.0,64864.37,144577102.0,False,Small,0.10932041735701742,False,False
3289,Cosmic FOMO,COSMIC,0.45,0.10%,-1.90%,-0.80%,1.90%,"$1,394.00 ","143,625",620 Thousand,"$64,684.69 ",0.45,0.1,-1.9,-0.8,1.9,1394.0,64684.69,143625.0,False,Small,0.02155069460795128,False,False
3290,Tethereum,T99, $-   ,-0.20%,-4.90%,-3.20%,121.40%,"$244,154.00 ","2,838,184,145",9.99 Billion,"$64,400.69 ",,-0.2,-4.9,-3.2,121.4,244154.0,64400.69,2838184145.0,False,Small,3.7911705604396473,True,False
3291,NFT Soccer Games,NFSG,0.42,3.10%,-5.00%,28.50%,487.80%,$311.00 ,"151,095",200 Thousand,"$64,252.98 ",0.42,3.1,-5.0,28.5,487.8,311.0,64252.98,151095.0,False,Small,0.004840242429222738,False,False
3292,NitroShiba,NISHIB, $-   ,0.30%,-2.60%,-2.20%,-3.40%,$78.00 ,"1,000,000,000",1 Billion,"$63,769.51 ",,0.3,-2.6,-2.2,-3.4,78.0,63769.51,1000000000.0,False,Small,0.0012231550783438668,False,False
3293,Interfinex Bills,IFEX, $-   ,-3.70%,2.00%,-3.20%,20.80%,$168.00 ,"1,310,767,500",2.1 Billion,"$63,732.00 ",,-3.7,2.0,-3.2,20.8,168.0,63732.0,1310767500.0,False,Small,0.0026360384108454153,False,False
3294,Everex,EVX, $-   ,0.40%,-1.10%,1.00%,18.70%,"$6,603.00 ","21,800,000",25 Million,"$63,580.91 ",,0.4,-1.1,1.0,18.7,6603.0,63580.91,21800000.0,False,Small,0.10385192662388758,False,False
3295,Shadows,DOWS, $-   ,0.00%,-49.90%,-18.90%,-13.00%,$135.00 ,"26,500,000",45.1 Million,"$63,335.93 ",,0.0,-49.9,-18.9,-13.0,135.0,63335.93,26500000.0,False,Small,0.002131491556214616,False,False
3296,Imperium Empires,IME, $-   ,-1.80%,-16.40%,-25.50%,662.90%,"$4,526.00 ","1,321,557,548",10 Billion,"$63,317.42 ",,-1.8,-16.4,-25.5,662.9,4526.0,63317.42,1321557548.0,False,Small,0.07148111846629253,False,False
3297,Aditus,ADI, $-   ,-,-,-,-, - ,"236,630,000",1 Billion,"$67,612.60 ",,,,,,,67612.6,236630000.0,False,Small,,False,False
3298,Datamine,DAM,0.02,-,-,-,-, - ,"2,628,037",16.9 Million,"$62,188.88 ",0.02,,,,,,62188.88,2628037.0,False,Small,,False,False
3299,Polygen,PGEN, $-   ,-0.10%,2.00%,-12.00%,25.50%,"$2,528.00 ","497,769,295",1 Billion,"$63,139.67 ",,-0.1,2.0,-12.0,25.5,2528.0,63139.67,497769295.0,False,Small,0.040038220028707786,False,False
3300,Ardana,DANA, $-   ,-3.00%,32.10%,80.80%,113.00%,"$38,598.00 ","46,906,250",125 Million,"$62,901.13 ",,-3.0,32.1,80.8,113.0,38598.0,62901.13,46906250.0,False,Small,0.613629675651296,True,False
3301,Little Angry Bunny v2,LAB-V2, $-   ,0.10%,-2.00%,-0.20%,-0.90%,"$6,115.00 ","450,774,334,853,161,000,000,000",844000000 Quadrillion,"$62,861.45 ",,0.1,-2.0,-0.2,-0.9,6115.0,62861.45,4.50774334853161e+23,False,Small,0.0972774251946145,False,False
3302,BOMB,BOMB,0.08,5.20%,-1.90%,-5.00%,33.40%,"$199,396.00 ","817,508",888 Thousand,"$62,839.10 ",0.08,5.2,-1.9,-5.0,33.4,199396.0,62839.1,817508.0,False,Small,3.173119920559015,True,False
3303,EtherGem,EGEM, $-   ,-3.50%,-5.00%,-6.20%,9.90%,$996.00 ,"66,256,949",45 Million,"$62,803.67 ",,-3.5,-5.0,-6.2,9.9,996.0,62803.67,66256949.0,False,Small,0.015858945822752078,False,False
3304,Pancake Bunny,BUNNY,0.12,-3.40%,-14.80%,6.90%,44.90%,"$295,192.00 ","510,232",15.3 Million,"$62,721.24 ",0.12,-3.4,-14.8,6.9,44.9,295192.0,62721.24,510232.0,False,Small,4.7064120543535175,True,False
3305,Remme,REM, $-   ,-0.20%,-3.00%,-9.10%,3.90%,"$40,372.00 ","944,115,826",1 Billion,"$62,678.12 ",,-0.2,-3.0,-9.1,3.9,40372.0,62678.12,944115826.0,False,Small,0.6441163200172564,True,False
3306,UpDog,UPDOG, $-   ,-,-,-,-, - ,"374,156,431,948,357",1 Quadrillion,"$60,843.30 ",,,,,,,60843.3,374156431948357.0,False,Small,,False,False
3307,Neonomad,NNI,0.01,-,-,-,-, - ,"8,024,982",200 Million,"$86,890.97 ",0.01,,,,,,86890.97,8024982.0,False,Small,,False,False
3308,CVNX,CVNX, $-   ,-,-,-,-, - ,"12,380,890",15 Million,"$60,934.87 ",,,,,,,60934.87,12380890.0,False,Small,,False,False
3309,Uniwhale,UNW,0.01,-3.70%,-10.80%,-18.00%,13.80%,$315.00 ,"8,372,964",8.91 Million,"$61,552.87 ",0.01,-3.7,-10.8,-18.0,13.8,315.0,61552.87,8372964.0,False,Small,0.005117551789217952,False,False
3310,Pascal,PASC, $-   ,0.10%,33.30%,-31.70%,-4.00%,$57.88 ,"41,211,050",42 Million,"$60,975.25 ",,0.1,33.3,-31.7,-4.0,57.88,60975.25,41211050.0,False,Small,0.000949237600501843,False,False
3311,Delphi,ADEL, $-   ,-0.40%,-5.10%,-3.80%,-1.70%,"$40,990.00 ","18,682,347",30 Million,"$60,887.86 ",,-0.4,-5.1,-3.8,-1.7,40990.0,60887.86,18682347.0,False,Small,0.6732048063439904,True,False
3312,WaultSwap,WEX, $-   ,0.00%,0.00%,0.00%,0.00%, $-   ,"7,518,356,518",7.98 Billion,"$75,996.44 ",,0.0,0.0,0.0,0.0,,75996.44,7518356518.0,False,Small,,False,False
3313,Mantis Network,MNTIS,0.03,0.30%,-1.40%,1.10%,18.70%,$12.14 ,"1,865,697",3.62 Million,"$60,535.67 ",0.03,0.3,-1.4,1.1,18.7,12.14,60535.67,1865697.0,False,Small,0.00020054291957122142,False,False
3314,Dot Dot Finance,DDD, $-   ,-0.50%,-4.50%,4.90%,13.50%,"$1,704.00 ","133,463,286",1.06 Billion,"$60,517.94 ",,-0.5,-4.5,4.9,13.5,1704.0,60517.94,133463286.0,False,Small,0.02815693990905837,False,False
3315,Substratum,SUB, $-   ,0.00%,-33.40%,68.70%,-0.20%,$8.47 ,"251,584,926",472 Million,"$60,328.45 ",,0.0,-33.4,68.7,-0.2,8.47,60328.45,251584926.0,False,Small,0.00014039810404543795,False,False
3316,Dejitaru Shirudo,SHIELD, $-   ,-,-,-,-, - ,"1,000,000,000",1 Billion,"$59,319.09 ",,,,,,,59319.09,1000000000.0,False,Small,,False,False
3317,Paypolitan,EPAN, $-   ,3.60%,-3.10%,-0.20%,-19.30%,"$74,945.00 ","44,981,076",94.7 Million,"$60,228.44 ",,3.6,-3.1,-0.2,-19.3,74945.0,60228.44,44981076.0,False,Small,1.2443456944925022,True,False
3318,Friendz,FDZ, $-   ,-,-,-,-, - ,"593,439,473",1.13 Billion,"$58,414.47 ",,,,,,,58414.47,593439473.0,False,Small,,False,False
3319,KeyFi,KEYFI,0.02,0.40%,-7.00%,-4.60%,-15.50%,$61.24 ,"2,927,756",8.99 Million,"$60,010.56 ",0.02,0.4,-7.0,-4.6,-15.5,61.24,60010.56,2927756.0,False,Small,0.0010204870609439407,False,False
3320,Zebi,ZCO, $-   ,0.00%,0.00%,10.90%,24.70%,$4.69 ,"500,000,000",500 Million,"$59,948.39 ",,0.0,0.0,10.9,24.7,4.69,59948.39,500000000.0,False,Small,7.823396091204452e-05,False,False
3321,Aavegotchi FOMO,FOMO, $-   ,0.70%,-3.50%,-4.50%,-9.00%,$748.00 ,"64,849,039",10.3 Billion,"$58,917.69 ",,0.7,-3.5,-4.5,-9.0,748.0,58917.69,64849039.0,False,Small,0.012695677647918647,False,False
3322,Universe.XYZ,XYZ, $-   ,0.80%,1.40%,8.10%,-8.50%,"$7,790.00 ","742,383,340",1.14 Billion,"$58,877.16 ",,0.8,1.4,8.1,-8.5,7790.0,58877.16,742383340.0,False,Small,0.1323093709003627,False,False
3323,Boring Protocol,BOP, $-   ,-0.50%,-0.70%,-37.70%,49.90%,"$1,302.00 ","97,535,000",250 Million,"$58,744.29 ",,-0.5,-0.7,-37.7,49.9,1302.0,58744.29,97535000.0,False,Small,0.022163856265860052,False,False
3324,Rich,RCH, $-   ,-,-,-,-, - ,"417,548,222",1.14 Billion,"$58,836.98 ",,,,,,,58836.98,417548222.0,False,Small,,False,False
3325,KingSpeed,KSC, $-   ,-,-,-,-, - ,"52,538,088",200 Million,"$73,202.10 ",,,,,,,73202.1,52538088.0,False,Small,,False,False
3326,Antofy,ABN,0.05,-0.60%,-8.30%,-16.80%,-77.80%,"$2,928.00 ","1,109,721",26.9 Million,"$58,227.22 ",0.05,-0.6,-8.3,-16.8,-77.8,2928.0,58227.22,1109721.0,False,Small,0.050285759821609204,False,False
3327,Pepecola,PEPECOLA, $-   ,-0.10%,0.50%,7.80%,19.70%,$540.00 ,"100,000,000",100 Million,"$58,207.98 ",,-0.1,0.5,7.8,19.7,540.0,58207.98,100000000.0,False,Small,0.009277078503669083,False,False
3328,DYOR,DYOR, $-   ,,0.20%,4.50%,37.40%,$132.00 ,"6,900,000,000,000",6.9 Trillion,"$57,775.17 ",,,0.2,4.5,37.4,132.0,57775.17,6900000000000.0,False,Small,0.0022847185045063475,False,False
3329,FC Sion Fan Token,SION, $-   ,1.20%,11.20%,26.60%,3.40%,"$5,081.00 ","16,498,955",50 Million,"$58,060.29 ",,1.2,11.2,26.6,3.4,5081.0,58060.29,16498955.0,False,Small,0.08751248056115461,False,False
3330,Rabbit Finance,RABBIT, $-   ,0.10%,-6.60%,-7.70%,-14.40%,$341.00 ,"106,449,488",179 Million,"$57,620.56 ",,0.1,-6.6,-7.7,-14.4,341.0,57620.56,106449488.0,False,Small,0.005918026482213987,False,False
3331,Dovu [OLD],DOV, $-   ,-0.10%,9.80%,-1.80%,42.60%,$13.09 ,"308,817,122",964 Million,"$57,536.74 ",,-0.1,9.8,-1.8,42.6,13.09,57536.74,308817122.0,False,Small,0.00022750680695499955,False,False
3332,MicroMoney,AMM, $-   ,0.00%,83.10%,35.40%,8.10%,"$148,530.00 ","17,532,943",17.5 Million,"$57,528.19 ",,0.0,83.1,35.4,8.1,148530.0,57528.19,17532943.0,False,Small,2.581864647575389,True,False
3333,Black Token,BLACK, $-   ,-0.20%,-9.90%,-14.50%,-56.70%,$13.75 ,"357,888,780",980 Million,"$57,341.02 ",,-0.2,-9.9,-14.5,-56.7,13.75,57341.02,357888780.0,False,Small,0.0002397934323456402,False,False
3334,PlusOneCoin,PLUS1, $-   ,0.30%,0.30%,-6.40%,-83.60%,$0.01 ,"12,508,010",26.4 Million,"$57,000.47 ",,0.3,0.3,-6.4,-83.6,0.01,57000.47,12508010.0,False,Small,1.7543714990420253e-07,False,False
3335,Bolivarcoin,BOLI, $-   ,,-0.70%,53.00%,47.70%,$27.20 ,"19,040,706",25 Million,"$56,921.61 ",,,-0.7,53.0,47.7,27.2,56921.61,19040706.0,False,Small,0.0004778501521654078,False,False
3336,Apricot,APRT, $-   ,0.30%,-9.30%,46.20%,124.40%,$929.00 ,"164,500,000",1 Billion,"$56,952.61 ",,0.3,-9.3,46.2,124.4,929.0,56952.61,164500000.0,False,Small,0.01631180730786526,False,False
3337,Zahnymous,ZAH, $-   ,-,-,-,-, - ,"63,525,359",99.8 Million,"$69,486.27 ",,,,,,,69486.27,63525359.0,False,Small,,False,False
3338,Lympo Market,LMT, $-   ,-0.10%,-6.00%,-8.30%,15.00%,$9.25 ,"155,250,012",1.25 Billion,"$56,462.11 ",,-0.1,-6.0,-8.3,15.0,9.25,56462.11,155250012.0,False,Small,0.0001638266795201242,False,False
3339,LocalTrade,LTT,0.01,-0.50%,0.30%,-6.60%,-9.80%,"$129,131.00 ","6,214,242",40.2 Million,"$56,208.23 ",0.01,-0.5,0.3,-6.6,-9.8,129131.0,56208.23,6214242.0,False,Small,2.2973681967925335,True,False
3340,Coinsbit Token,CNB, $-   ,-0.30%,-12.00%,-17.10%,2.10%,$0.46 ,"659,826,196",900 Million,"$56,174.07 ",,-0.3,-12.0,-17.1,2.1,0.46,56174.07,659826196.0,False,Small,8.18883160860518e-06,False,False
3341,FlexMeme,FLEX, $-   ,-,-,-,-, - ,"253,093,835,585",1 Trillion,"$54,609.77 ",,,,,,,54609.77,253093835585.0,False,Small,,False,False
3342,Treasure Under Sea,TUS, $-   ,-0.30%,-7.30%,64.90%,322.10%,$243.00 ,"2,680,134,354",60 Million,"$55,813.54 ",,-0.3,-7.3,64.9,322.1,243.0,55813.54,2680134354.0,False,Small,0.0043537822542702,False,False
3343,Dogeswap,DOGES,3.64,0.30%,-1.40%,1.10%,-2.70%,$835.00 ,"15,263",20 Thousand,"$55,628.60 ",3.64,0.3,-1.4,1.1,-2.7,835.0,55628.6,15263.0,False,Small,0.015010264504229839,False,False
3344,APYSwap,APYS,0.01,3.20%,-4.70%,-6.60%,-15.20%,"$49,663.00 ","9,767,269",100 Million,"$55,569.80 ",0.01,3.2,-4.7,-6.6,-15.2,49663.0,55569.8,9767269.0,False,Small,0.893704854075415,True,False
3345,Stablz,STABLZ, $-   ,0.00%,7.30%,-39.10%,40.60%,"$1,295.00 ","17,938,366",100 Million,"$55,492.33 ",,0.0,7.3,-39.1,40.6,1295.0,55492.33,17938366.0,False,Small,0.023336558403656865,False,False
3346,FACTS,BKC, $-   ,-1.50%,-4.20%,-6.40%,-22.80%,"$19,863.00 ","5,791,499,998",9 Billion,"$55,217.84 ",,-1.5,-4.2,-6.4,-22.8,19863.0,55217.84,5791499998.0,False,Small,0.35972069896250924,False,False
3347,Butter,BUTTER, $-   ,-,-,-,-, - ,"244,221,256,770",244 Billion,"$56,286.68 ",,,,,,,56286.68,244221256770.0,False,Small,,False,False
3348,Mithril Share,MIS,0.16,4.90%,6.60%,-4.60%,15.50%,"$35,572.00 ","359,101",500 Thousand,"$55,128.95 ",0.16,4.9,6.6,-4.6,15.5,35572.0,55128.95,359101.0,False,Small,0.6452508164947818,True,False
3349,SingularDTV,SNGLS, $-   ,-,-,-,-, - ,"890,000,000",1 Billion,"$55,159.35 ",,,,,,,55159.35,890000000.0,False,Small,,False,False
3350,xToken,XTK, $-   ,-,-,-,-, - ,"404,524,037",1 Billion,"$53,693.37 ",,,,,,,53693.37,404524037.0,False,Small,,False,False
3351,Ankaragücü Fan Token,ANKA, $-   ,6.90%,13.20%,7.30%,15.10%,"$7,828.00 ","26,513,761",150 Million,"$54,743.34 ",,6.9,13.2,7.3,15.1,7828.0,54743.34,26513761.0,False,Small,0.14299456335693073,False,False
3352,BitOrbit,BITORB, $-   ,0.40%,-3.30%,-8.60%,106.60%,$66.82 ,"44,000,000",1 Billion,"$54,607.06 ",,0.4,-3.3,-8.6,106.6,66.82,54607.06,44000000.0,False,Small,0.0012236513007658715,False,False
3353,Cykura,CYS, $-   ,1.70%,0.90%,-9.30%,5.70%,"$45,635.00 ","11,632,000",100 Million,"$54,540.10 ",,1.7,0.9,-9.3,5.7,45635.0,54540.1,11632000.0,False,Small,0.8367238050535294,True,False
3354,Kitty Coin Solana,KITTY, $-   ,0.30%,0.20%,-18.40%,333.80%,$772.00 ,"419,926,609",540 Million,"$54,266.61 ",,0.3,0.2,-18.4,333.8,772.0,54266.61,419926609.0,False,Small,0.014226059081265625,False,False
3355,Avaxtars,AVXT, $-   ,-0.10%,-5.70%,-18.90%,21.70%,$436.00 ,"282,809,325",300 Million,"$53,800.91 ",,-0.1,-5.7,-18.9,21.7,436.0,53800.91,282809325.0,False,Small,0.00810395214504736,False,False
3356,Gems,GEM, $-   ,0.70%,2.90%,-5.70%,18.00%,"$27,538.00 ","690,960,093",8 Billion,"$53,804.65 ",,0.7,2.9,-5.7,18.0,27538.0,53804.65,690960093.0,False,Small,0.5118144993044281,True,False
3357,BCPAY FinTech,BCPAY, $-   ,,-5.90%,22.70%,38.40%,$9.03 ,"57,000,000",85 Million,"$53,371.83 ",,,-5.9,22.7,38.4,9.03,53371.83,57000000.0,False,Small,0.0001691903762715275,False,False
3358,Mercurial,MER, $-   ,0.40%,-0.60%,-1.00%,-54.70%,$269.00 ,"563,022,062",1 Billion,"$53,196.48 ",,0.4,-0.6,-1.0,-54.7,269.0,53196.48,563022062.0,False,Small,0.005056725557781266,False,False
3359,Aavegotchi ALPHA,ALPHA, $-   ,0.60%,-2.70%,-12.60%,-7.10%,$729.00 ,"47,575,028",5 Billion,"$52,814.34 ",,0.6,-2.7,-12.6,-7.1,729.0,52814.34,47575028.0,False,Small,0.013803069393653316,False,False
3360,Moonft,MTC,0.33,0.50%,-1.30%,1.00%,18.20%,"$140,481.00 ","161,022",100 Million,"$52,796.43 ",0.33,0.5,-1.3,1.0,18.2,140481.0,52796.43,161022.0,False,Small,2.660804906695396,True,False
3361,Phore,PHR, $-   ,0.30%,-0.70%,56.70%,43.70%,$1.64 ,"30,536,189",18.6 Million,"$52,323.04 ",,0.3,-0.7,56.7,43.7,1.64,52323.04,30536189.0,False,Small,3.134374455306878e-05,False,False
3362,KickPad,KPAD, $-   ,0.50%,-8.00%,-4.50%,-4.40%,"$37,422.00 ","56,728,963",204 Million,"$51,852.62 ",,0.5,-8.0,-4.5,-4.4,37422.0,51852.62,56728963.0,False,Small,0.7216993085402434,True,False
3363,Hodl Finance,HFT, $-   ,-,-,-,-, - ,"129,062,500,000",210 Billion,"$64,093.28 ",,,,,,,64093.28,129062500000.0,False,Small,,False,False
3364,Hyprr,UDOO, $-   ,-,-,-,-, - ,"486,286,609",838 Million,"$54,979.69 ",,,,,,,54979.69,486286609.0,False,Small,,False,False
3365,3d3d,3D3D, $-   ,1.30%,-4.90%,5.30%,-13.40%,$856.00 ,"360,468,841,425,725",360 Trillion,"$51,170.51 ",,1.3,-4.9,5.3,-13.4,856.0,51170.51,360468841425725.0,False,Small,0.016728385157779354,False,False
3366,MELX,MEL, $-   ,-,-,-,-, - ,"43,105,271",120 Million,"$50,828.80 ",,,,,,,50828.8,43105271.0,False,Small,,False,False
3367,Ownly,OWN, $-   ,-,-,-,-, - ,"6,503,716,503",9.25 Billion,"$49,006.14 ",,,,,,,49006.14,6503716503.0,False,Small,,False,False
3368,Diffusion,DIFF, $-   ,0.70%,-3.30%,58.70%,230.10%,$35.46 ,"91,380,163",327 Million,"$50,247.22 ",,0.7,-3.3,58.7,230.1,35.46,50247.22,91380163.0,False,Small,0.0007057106840935677,False,False
3369,Bata,BTA,0.01,0.30%,135.20%,147.40%,170.50%,$27.73 ,"5,055,252",10 Million,"$50,129.34 ",0.01,0.3,135.2,147.4,170.5,27.73,50129.34,5055252.0,False,Small,0.0005531690622697207,False,False
3370,Parasol Finance,PSOL,0.01,0.30%,-0.60%,-0.30%,-2.30%,$1.13 ,"5,607,460",21 Million,"$50,093.22 ",0.01,0.3,-0.6,-0.3,-2.3,1.13,50093.22,5607460.0,False,Small,2.2557942971124634e-05,False,False
3371,Jade Currency,JADE, $-   ,-12.80%,-12.30%,-26.80%,49.60%,"$5,832.00 ","58,572,217",90 Million,"$49,258.03 ",,-12.8,-12.3,-26.8,49.6,5832.0,49258.03,58572217.0,False,Small,0.11839693954467932,False,False
3372,Aavegotchi FUD,FUD, $-   ,1.40%,-3.30%,-12.10%,-7.10%,$171.00 ,"163,145,369",20.5 Billion,"$48,606.60 ",,1.4,-3.3,-12.1,-7.1,171.0,48606.6,163145369.0,False,Small,0.0035180407598968044,False,False
3373,Bounty0x,BNTY, $-   ,0.10%,3.70%,14.80%,45.60%,"$36,983.00 ","164,639,795",500 Million,"$48,566.00 ",,0.1,3.7,14.8,45.6,36983.0,48566.0,164639795.0,False,Small,0.7614998146851707,True,False
3374,DeFiner,FIN, $-   ,0.20%,9.90%,23.10%,22.70%,"$28,433.00 ","148,115,903",168 Million,"$48,344.66 ",,0.2,9.9,23.1,22.7,28433.0,48344.66,148115903.0,False,Small,0.5881311400266337,True,False
3375,DeathRoad,DRACE, $-   ,-,-,-,-, - ,"52,161,638",1 Billion,"$60,286.54 ",,,,,,,60286.54,52161638.0,False,Small,,False,False
3376,HedgePay,HPAY, $-   ,-,-,-,-, - ,"120,424,719",118 Million,"$60,171.35 ",,,,,,,60171.35,120424719.0,False,Small,,False,False
3377,StepEx,SPEX, $-   ,0.90%,-4.30%,-1.80%,-15.10%,"$21,293.00 ","120,000,000",3 Billion,"$47,409.67 ",,0.9,-4.3,-1.8,-15.1,21293.0,47409.67,120000000.0,False,Small,0.4491277834247739,False,False
3378,beFITTER,FIU, $-   ,0.50%,-2.70%,-11.50%,-54.90%,"$25,995.00 ","177,475,222",1 Billion,"$47,390.86 ",,0.5,-2.7,-11.5,-54.9,25995.0,47390.86,177475222.0,False,Small,0.5485234916606282,True,False
3379,Portion,PRT, $-   ,-0.10%,76.10%,-45.80%,24.00%,$134.00 ,"167,098,361",1.5 Billion,"$47,038.74 ",,-0.1,76.1,-45.8,24.0,134.0,47038.74,167098361.0,False,Small,0.0028487157606687597,False,False
3380,HondaisCoin,HNDC, $-   ,0.00%,-1.10%,-1.20%,-1.10%, $-   ,"51,182,225,915",100 Billion,"$47,027.89 ",,0.0,-1.1,-1.2,-1.1,,47027.89,51182225915.0,False,Small,,False,False
3381,Work Quest,WQT, $-   ,-18.90%,-35.90%,97.30%,91.90%,"$59,792.00 ","69,868,750",100 Million,"$46,303.98 ",,-18.9,-35.9,97.3,91.9,59792.0,46303.98,69868750.0,False,Small,1.2912928867021798,True,False
3382,ORO,ORO, $-   ,-,-,-,-, - ,"11,676,715",98.1 Million,"$44,936.29 ",,,,,,,44936.29,11676715.0,False,Small,,False,False
3383,JPG NFT Index,JPG,16.99,,1.20%,-34.20%,-27.40%,$77.08 ,"2,594",2.59 Thousand,"$44,070.51 ",16.99,,1.2,-34.2,-27.4,77.08,44070.51,2594.0,False,Small,0.0017490153846642573,False,False
3384,UkraineDAO Flag NFT,LOVE,0.02,-,-,-,-, - ,"2,311,203",2.31 Million,"$46,097.92 ",0.02,,,,,,46097.92,2311203.0,False,Small,,False,False
3385,TotemFi,TOTM,0.01,-0.50%,4.80%,10.70%,0.60%,"$16,863.00 ","6,113,675",10 Million,"$43,376.43 ",0.01,-0.5,4.8,10.7,0.6,16863.0,43376.43,6113675.0,False,Small,0.3887595175536576,False,False
3386,Lever Network,LEV, $-   ,-0.50%,3.70%,4.20%,0.80%,"$25,009.00 ","14,850,629",100 Million,"$43,203.69 ",,-0.5,3.7,4.2,0.8,25009.0,43203.69,14850629.0,False,Small,0.5788625925239256,True,False
3387,Robust,RBT,1.19,-0.10%,-11.80%,-6.50%,-6.10%,$31.80 ,"36,408",90.8 Thousand,"$43,143.78 ",1.19,-0.1,-11.8,-6.5,-6.1,31.8,43143.78,36408.0,False,Small,0.0007370703262440148,False,False
3388,BetBot,BBOT, $-   ,-0.10%,1.80%,-1.50%,-3.70%,$60.73 ,"18,245,216",20 Million,"$43,113.84 ",,-0.1,1.8,-1.5,-3.7,60.73,43113.84,18245216.0,False,Small,0.0014085964043100776,False,False
3389,Minerva Wallet,MIVA, $-   ,0.30%,0.30%,4.50%,8.40%,$16.34 ,"9,855,334",1 Billion,"$42,560.58 ",,0.3,0.3,4.5,8.4,16.34,42560.58,9855334.0,False,Small,0.0003839233393905816,False,False
3390,Türkiye Motosiklet Federasyonu Fan Token,TMFT, $-   ,-2.20%,-3.30%,0.00%,35.30%,"$21,386.00 ","36,222,923",96.2 Million,"$42,496.67 ",,-2.2,-3.3,0.0,35.3,21386.0,42496.67,36222923.0,False,Small,0.5032394302894792,True,False
3391,LinkCoin,LKN, $-   ,-,-,-,-, - ,"268,615,201",1 Billion,"$45,226.63 ",,,,,,,45226.63,268615201.0,False,Small,,False,False
3392,ProjectOasis,OASIS,0.01,-,-,-,-, - ,"3,955,110",14 Million,"$42,324.16 ",0.01,,,,,,42324.16,3955110.0,False,Small,,False,False
3393,Peseta Digital,PTD, $-   ,-,-,-,-, - ,"144,675,139",166 Million,"$42,195.31 ",,,,,,,42195.31,144675139.0,False,Small,,False,False
3394,Rentberry,BERRY, $-   ,-,-,-,-, - ,"301,473,027",301 Million,"$41,325.06 ",,,,,,,41325.06,301473027.0,False,Small,,False,False
3395,StaySAFU,SAFU,2.48,-0.10%,-1.80%,-9.30%,4.90%,$22.12 ,"16,665",19.2 Thousand,"$41,365.86 ",2.48,-0.1,-1.8,-9.3,4.9,22.12,41365.86,16665.0,False,Small,0.0005347404840610107,False,False
3396,Phenix Finance (Cronos),PHNX, $-   ,,1.30%,-11.60%,73.10%,$2.75 ,"144,356,451,704",162 Billion,"$41,254.58 ",,,1.3,-11.6,73.1,2.75,41254.58,144356451704.0,False,Small,6.665926546822195e-05,False,False
3397,Forefront,FF,0.05,-,-,-,-, - ,"862,384",10 Million,"$40,965.30 ",0.05,,,,,,40965.3,862384.0,False,Small,,False,False
3398,SuperBid,SUPERBID,0.01,0.00%,1.40%,-3.20%,32.30%,$3.87 ,"7,761,336",88.3 Million,"$41,063.20 ",0.01,0.0,1.4,-3.2,32.3,3.87,41063.2,7761336.0,False,Small,9.424496873112666e-05,False,False
3399,AOK,AOK, $-   ,0.50%,0.60%,0.50%,9.00%,"$35,719.00 ","200,000,000",1 Billion,"$40,947.97 ",,0.5,0.6,0.5,9.0,35719.0,40947.97,200000000.0,False,Small,0.8723020945849086,True,False
3400,HappyFans,HAPPY, $-   ,0.10%,-10.80%,-12.90%,6.30%,"$2,264.00 ","28,561,930,447",100 Billion,"$40,714.06 ",,0.1,-10.8,-12.9,6.3,2264.0,40714.06,28561930447.0,False,Small,0.05560732582306948,False,False
3401,FSOCIETY,FSC, $-   ,3.50%,-43.30%,159.00%,138.30%,"$7,479.00 ","696,907,882",21 Billion,"$40,200.79 ",,3.5,-43.3,159.0,138.3,7479.0,40200.79,696907882.0,False,Small,0.18604112008744106,False,False
3402,Azuki,AZUKI, $-   ,0.10%,3.10%,-2.30%,1.50%,$9.45 ,"25,427,110",25.9 Million,"$40,097.02 ",,0.1,3.1,-2.3,1.5,9.45,40097.02,25427110.0,False,Small,0.00023567836213264726,False,False
3403,Teloscoin,TELOS, $-   ,-,-,-,-, - ,"195,431,359",∞,"$39,912.01 ",,,,,,,39912.01,195431359.0,False,Small,,False,False
3404,Basis Share,BAS,0.10,-0.20%,-0.40%,3.50%,4.30%,"$38,911.00 ","409,438",1 Million,"$40,047.45 ",0.1,-0.2,-0.4,3.5,4.3,38911.0,40047.45,409438.0,False,Small,0.9716224129126824,True,False
3405,GazeTV,GAZE, $-   ,1.40%,-19.70%,25.50%,-85.80%,$190.00 ,"625,604,562",1 Billion,"$39,492.40 ",,1.4,-19.7,25.5,-85.8,190.0,39492.4,625604562.0,False,Small,0.004811052253091734,False,False
3406,Verso,VSO, $-   ,-1.50%,-1.70%,4.00%,-4.90%,"$34,388.00 ","94,750,011",100 Million,"$39,367.17 ",,-1.5,-1.7,4.0,-4.9,34388.0,39367.17,94750011.0,False,Small,0.8735197373852376,True,False
3407,GreenTrust,GNT, $-   ,-0.10%,-14.50%,-27.30%,17.70%,"$3,656.00 ","28,024,100,456,983",126 Trillion,"$39,239.25 ",,-0.1,-14.5,-27.3,17.7,3656.0,39239.25,28024100456983.0,False,Small,0.09317201526532745,False,False
3408,XP,XP, $-   ,-0.80%,-2.80%,2.60%,30.00%,$27.88 ,"2,848,943,503",20 Billion,"$39,213.10 ",,-0.8,-2.8,2.6,30.0,27.88,39213.1,2848943503.0,False,Small,0.0007109868895853682,False,False
3409,Darkness Dollar,DUSD,0.76,-,-,-,-, - ,"51,318",51.3 Thousand,"$38,776.38 ",0.76,,,,,,38776.38,51318.0,False,Small,,False,False
3410,TheFlashCurrency,TFC, $-   ,0.00%,0.50%,24.90%,-31.10%,"$1,373.00 ","6,799,999,001",8 Billion,"$39,050.37 ",,0.0,0.5,24.9,-31.1,1373.0,39050.37,6799999001.0,False,Small,0.03515971807693499,False,False
3411,Finminity,FMT,0.01,-,-,-,-, - ,"2,787,261",10 Million,"$38,345.61 ",0.01,,,,,,38345.61,2787261.0,False,Small,,False,False
3412,MilkySwap,MILKY, $-   ,,0.60%,3.10%,38.20%,$10.64 ,"22,988,951",41 Million,"$38,938.56 ",,,0.6,3.1,38.2,10.64,38938.56,22988951.0,False,Small,0.0002732509882234988,False,False
3413,Soldex,SOLX, $-   ,-0.80%,-0.40%,6.80%,-20.90%,"$38,422.00 ","422,932,781",500 Million,"$38,881.55 ",,-0.8,-0.4,6.8,-20.9,38422.0,38881.55,422932781.0,False,Small,0.9881807695423664,True,False
3414,Defira (Cronos),FIRA,0.01,-0.40%,-6.20%,-25.90%,-11.80%,"$1,823.00 ","5,577,953",100 Million,"$38,531.04 ",0.01,-0.4,-6.2,-25.9,-11.8,1823.0,38531.04,5577953.0,False,Small,0.04731250441202729,False,False
3415,SeChain,SNN, $-   ,-,-,-,-, - ,"32,000,000,000",39 Billion,"$37,673.59 ",,,,,,,37673.59,32000000000.0,False,Small,,False,False
3416,Onston,ONSTON, $-   ,-,-,-,-, - ,"127,030,605",1 Billion,"$37,564.83 ",,,,,,,37564.83,127030605.0,False,Small,,False,False
3417,Smartshare,SSP, $-   ,0.00%,0.20%,0.00%,33.30%,$30.52 ,"4,791,431,487",10 Billion,"$38,292.46 ",,0.0,0.2,0.0,33.3,30.52,38292.46,4791431487.0,False,Small,0.0007970237482783818,False,False
3418,AFEN Blockchain,AFEN, $-   ,6.70%,33.20%,15.40%,221.40%,"$3,278.00 ","183,195,712",850 Million,"$38,095.68 ",,6.7,33.2,15.4,221.4,3278.0,38095.68,183195712.0,False,Small,0.08604650186057841,False,False
3419,KAKA NFT World,KAKA, $-   ,1.70%,0.00%,13.50%,16.20%,"$26,714.00 ","69,229,200",100 Million,"$38,083.05 ",,1.7,0.0,13.5,16.2,26714.0,38083.05,69229200.0,False,Small,0.701466925574501,True,False
3420,₿,₿, $-   ,-0.10%,-0.10%,-22.70%,45.10%,$196.00 ,"20,851,545",20.9 Million,"$37,550.31 ",,-0.1,-0.1,-22.7,45.1,196.0,37550.31,20851545.0,False,Small,0.0052196639654905645,False,False
3421,Blind Boxes,BLES, $-   ,0.10%,4.90%,7.00%,-8.40%,"$33,719.00 ","18,207,579",100 Million,"$37,445.33 ",,0.1,4.9,7.0,-8.4,33719.0,37445.33,18207579.0,False,Small,0.9004861220344432,True,False
3422,TridentDAO,PSI,0.02,1.00%,1.80%,1.50%,-46.10%,"$197,125.00 ","2,097,902",9.44 Million,"$37,371.51 ",0.02,1.0,1.8,1.5,-46.1,197125.0,37371.51,2097902.0,False,Small,5.274740035925762,True,False
3423,Pera Finance,PERA, $-   ,1.00%,-6.50%,-2.30%,9.00%,"$25,181.00 ","99,288,084",125 Million,"$37,242.22 ",,1.0,-6.5,-2.3,9.0,25181.0,37242.22,99288084.0,False,Small,0.6761412182195369,True,False
3424,Fancy Games,FNC, $-   ,7.90%,14.10%,-23.90%,-7.90%,$132.00 ,"40,454,705",1 Billion,"$37,197.58 ",,7.9,14.1,-23.9,-7.9,132.0,37197.58,40454705.0,False,Small,0.0035486179477267066,False,False
3425,Hydro,HYDRO, $-   ,6.10%,285.70%,20.20%,35.80%,"$33,511.00 ","42,861,653",111 Million,"$37,150.22 ",,6.1,285.7,20.2,35.8,33511.0,37150.22,42861653.0,False,Small,0.9020404186031737,True,False
3426,Centaurify,CENT, $-   ,-,-,-,-, - ,"113,181,947",1 Billion,"$37,235.64 ",,,,,,,37235.64,113181947.0,False,Small,,False,False
3427,RUSHCMC,RUSHCMC,0.74,0.70%,-2.30%,-3.70%,,"$1,176.00 ","50,000",50 Thousand,"$37,119.66 ",0.74,0.7,-2.3,-3.7,,1176.0,37119.66,50000.0,False,Small,0.03168132466730568,False,False
3428,Fufu,FUFU, $-   ,,-0.20%,-2.90%,1.90%,$234.00 ,"164,532,767",1 Billion,"$36,921.10 ",,,-0.2,-2.9,1.9,234.0,36921.1,164532767.0,False,Small,0.006337839338481248,False,False
3429,Manga,$MANGA, $-   ,,0.30%,-0.70%,-39.20%,$9.59 ,"1,152,778,878",20 Billion,"$36,834.98 ",,,0.3,-0.7,-39.2,9.59,36834.98,1152778878.0,False,Small,0.00026035035175803,False,False
3430,Doug,DOUG, $-   ,-0.10%,-7.20%,-36.90%,,"$1,742.00 ","203,809,141,817",204 Billion,"$36,856.75 ",,-0.1,-7.2,-36.9,,1742.0,36856.75,203809141817.0,False,Small,0.047264069675161266,False,False
3431,LIQ Protocol,LIQ, $-   ,-1.00%,1.00%,2.50%,41.30%,"$30,958.00 ","30,000,000",100 Million,"$36,815.06 ",,-1.0,1.0,2.5,41.3,30958.0,36815.06,30000000.0,False,Small,0.8409058684136329,True,False
3432,CheckerChain,CHECKR, $-   ,-1.10%,-11.00%,-13.60%,35.20%,"$7,325.00 ","117,518,776",2.1 Billion,"$36,786.31 ",,-1.1,-11.0,-13.6,35.2,7325.0,36786.31,117518776.0,False,Small,0.1991229889597516,False,False
3433,Artify,AFY, $-   ,-,-,-,-, - ,"5,000,000,000,000",5 Trillion,"$38,726.08 ",,,,,,,38726.08,5000000000000.0,False,Small,,False,False
3434,Neutron Coin,NTRN, $-   ,-,-,-,-, - ,"49,203,549",53.1 Million,"$35,876.22 ",,,,,,,35876.22,49203549.0,False,Small,,False,False
3435,RiverBoat,RIB,36.05,1.90%,-16.50%,-10.70%,3.00%,$32.71 ,"1,000",1 Thousand,"$36,380.35 ",36.05,1.9,-16.5,-10.7,3.0,32.71,36380.35,1000.0,False,Small,0.0008991117457638533,False,False
3436,Bot Planet,BOT, $-   ,-0.10%,-6.20%,-16.00%,32.80%,$589.00 ,"125,498,171",937 Million,"$36,334.55 ",,-0.1,-6.2,-16.0,32.8,589.0,36334.55,125498171.0,False,Small,0.01621046634676912,False,False
3437,WOWswap,WOW,0.06,0.10%,-6.40%,-9.60%,30.80%,$713.00 ,"656,666",1 Million,"$36,287.12 ",0.06,0.1,-6.4,-9.6,30.8,713.0,36287.12,656666.0,False,Small,0.019648845099859123,False,False
3438,Worldcore,WRC, $-   ,-2.40%,9.10%,-15.80%,-17.00%,$1.33 ,"178,103,291",245 Million,"$36,136.99 ",,-2.4,9.1,-15.8,-17.0,1.33,36136.99,178103291.0,False,Small,3.680439350372015e-05,False,False
3439,NerveFlux,NERVE, $-   ,-,-,-,-, - ,"44,081,563",185 Million,"$45,230.85 ",,,,,,,45230.85,44081563.0,False,Small,,False,False
3440,Instadapp USDC,IUSDC,1.11,0.20%,0.20%,0.20%,0.50%, $-   ,"32,404",32.4 Thousand,"$36,092.07 ",1.11,0.2,0.2,0.2,0.5,,36092.07,32404.0,False,Small,,False,False
3441,Instadapp WBTC,IWBTC,"39,152.44",-0.50%,-0.10%,0.70%,18.70%, $-   ,1,. M,"$35,931.34 ",39152.44,-0.5,-0.1,0.7,18.7,,35931.34,1.0,False,Small,,False,False
3442,Crusaders of Crypto,CRUSADER, $-   ,-,-,-,-, - ,"895,340,864,030,600",1 Quadrillion,"$34,986.29 ",,,,,,,34986.29,895340864030600.0,False,Small,,False,False
3443,EchoLink,EKO, $-   ,-,-,-,-, - ,"500,000,000",500 Million,"$34,772.53 ",,,,,,,34772.53,500000000.0,False,Small,,False,False
3444,Rope Token,ROPE,0.01,0.00%,0.60%,-15.30%,-17.90%,$97.81 ,"6,281,800",10 Million,"$35,643.25 ",0.01,0.0,0.6,-15.3,-17.9,97.81,35643.25,6281800.0,False,Small,0.0027441380906623276,False,False
3445,WannaSwap,WANNA, $-   ,-0.20%,-6.60%,-3.50%,30.50%,"$1,080.00 ","97,959,085",39.5 Million,"$34,959.00 ",,-0.2,-6.6,-3.5,30.5,1080.0,34959.0,97959085.0,False,Small,0.030893332189135845,False,False
3446,Dough,DOUGH, $-   ,-,-,-,-, - ,"297,561,608",1 Billion,"$43,499.27 ",,,,,,,43499.27,297561608.0,False,Small,,False,False
3447,ShopNEXT Reward Token,STE,0.07,0.10%,3.10%,-3.80%,-14.50%,$221.00 ,"497,895",554 Thousand,"$34,695.78 ",0.07,0.1,3.1,-3.8,-14.5,221.0,34695.78,497895.0,False,Small,0.006369650718329434,False,False
3448,KemaCoin,KEMA, $-   ,0.50%,-12.10%,-10.50%,6.60%,$190.00 ,"53,591,575",210 Million,"$34,466.70 ",,0.5,-12.1,-10.5,6.6,190.0,34466.7,53591575.0,False,Small,0.005512567202546227,False,False
3449,ETHA Lend,ETHA, $-   ,0.00%,5.20%,-9.10%,-39.60%,"$78,332.00 ","7,908,034",30 Million,"$34,377.63 ",,0.0,5.2,-9.1,-39.6,78332.0,34377.63,7908034.0,False,Small,2.278574759225694,True,False
3450,Privatix,PRIX,0.03,0.30%,-9.20%,-4.70%,-18.00%,"$22,020.00 ","1,125,455",1.28 Million,"$34,055.44 ",0.03,0.3,-9.2,-4.7,-18.0,22020.0,34055.44,1125455.0,False,Small,0.6465927323211798,True,False
3451,Waterfall Governance,WTF, $-   ,0.20%,-1.30%,4.60%,5.50%,$843.00 ,"61,730,769",100 Million,"$33,794.05 ",,0.2,-1.3,4.6,5.5,843.0,33794.05,61730769.0,False,Small,0.024945219646653773,False,False
3452,OIN Finance,OIN, $-   ,-0.20%,-6.60%,0.70%,93.20%,"$262,831.00 ","18,002,112",100 Million,"$33,711.29 ",,-0.2,-6.6,0.7,93.2,262831.0,33711.29,18002112.0,False,Small,7.7965275134828715,True,False
3453,Crystal CYL,CYL, $-   ,-10.10%,-8.70%,4.50%,10.30%,"$127,751.00 ","19,500,000",19.5 Million,"$33,579.50 ",,-10.1,-8.7,4.5,10.3,127751.0,33579.5,19500000.0,False,Small,3.8044342530412902,True,False
3454,Jungle DeFi,JFI,0.02,-,-,-,-, - ,"1,999,568",10 Million,"$32,658.63 ",0.02,,,,,,32658.63,1999568.0,False,Small,,False,False
3455,SugarBounce,TIP, $-   ,-0.50%,-10.80%,-10.50%,-18.00%,"$17,465.00 ","14,028,150",199 Million,"$33,274.57 ",,-0.5,-10.8,-10.5,-18.0,17465.0,33274.57,14028150.0,False,Small,0.5248753026710788,True,False
3456,Feeder Finance,FEED, $-   ,-0.10%,-8.80%,-8.70%,11.20%,$11.89 ,"100,000,000",100 Million,"$33,129.43 ",,-0.1,-8.8,-8.7,11.2,11.89,33129.43,100000000.0,False,Small,0.00035889539904550126,False,False
3457,OlympulseX,SEX,0.54,-,-,-,-, - ,"72,876",73 Thousand,"$39,401.43 ",0.54,,,,,,39401.43,72876.0,False,Small,,False,False
3458,Infinity Skies,ISKY, $-   ,0.00%,-1.00%,-5.00%,-1.00%,"$33,793.00 ","15,516,297",18.4 Million,"$32,841.40 ",,0.0,-1.0,-5.0,-1.0,33793.0,32841.4,15516297.0,False,Small,1.0289756222329134,True,False
3459,Gourmet Galaxy,GUM,0.01,0.00%,0.40%,-11.30%,-9.80%,"$26,412.00 ","3,322,141",20 Million,"$32,760.02 ",0.01,0.0,0.4,-11.3,-9.8,26412.0,32760.02,3322141.0,False,Small,0.8062266140252662,True,False
3460,Multiverse Capital,MVC, $-   ,,-0.30%,0.10%,-45.80%,$0.01 ,"545,861,747,007",927 Billion,"$32,690.06 ",,,-0.3,0.1,-45.8,0.01,32690.06,545861747007.0,False,Small,3.059033846985903e-07,False,False
3461,TrezarCoin,TZC, $-   ,0.30%,-1.20%,-4.40%,44.80%,$395.00 ,"316,149,950",400 Million,"$32,434.65 ",,0.3,-1.2,-4.4,44.8,395.0,32434.65,316149950.0,False,Small,0.012178333973081257,False,False
3462,Maxcoin,MAX, $-   ,0.40%,37.90%,41.40%,41.30%,$22.52 ,"12,685,895",100 Million,"$32,374.23 ",,0.4,37.9,41.4,41.3,22.52,32374.23,12685895.0,False,Small,0.0006956149999552113,False,False
3463,Pepedex,PPDEX,0.09,,4.60%,-15.80%,-17.30%,$325.00 ,"357,506",426 Thousand,"$31,996.66 ",0.09,,4.6,-15.8,-17.3,325.0,31996.66,357506.0,False,Small,0.010157310169248916,False,False
3464,moonwolf.io,WOLF, $-   ,0.50%,-1.50%,-2.90%,41.60%,$32.42 ,"295,359,058,466",1 Trillion,"$31,799.41 ",,0.5,-1.5,-2.9,41.6,32.42,31799.41,295359058466.0,False,Small,0.0010195157708900889,False,False
3465,VentiSwap,VST,0.01,-,-,-,-, - ,"4,579,166",100 Million,"$31,695.34 ",0.01,,,,,,31695.34,4579166.0,False,Small,,False,False
3466,Metafluence,METO, $-   ,2.20%,-1.00%,-5.30%,47.40%,"$124,087.00 ","43,200,000",4.8 Billion,"$31,650.27 ",,2.2,-1.0,-5.3,47.4,124087.0,31650.27,43200000.0,False,Small,3.9205668703616112,True,False
3467,MacaronSwap,MCRN,0.04,-0.70%,-7.80%,-24.90%,12.50%,"$39,213.00 ","824,458",5.29 Million,"$31,469.38 ",0.04,-0.7,-7.8,-24.9,12.5,39213.0,31469.38,824458.0,False,Small,1.2460684004578417,True,False
3468,TradeStars,TSX, $-   ,,0.00%,-16.70%,-8.70%,$4.26 ,"19,475,547",70 Million,"$31,309.09 ",,,0.0,-16.7,-8.7,4.26,31309.09,19475547.0,False,Small,0.00013606272172075266,False,False
3469,Tranquil Finance,TRANQ, $-   ,0.40%,-0.30%,-18.80%,1.40%,$127.00 ,"76,127,555",1 Billion,"$31,310.38 ",,0.4,-0.3,-18.8,1.4,127.0,31310.38,76127555.0,False,Small,0.004056162844398567,False,False
3470,MerchDAO,MRCH,0.01,0.00%,8.80%,1.70%,9.40%,"$37,069.00 ","4,573,711",9 Million,"$31,245.43 ",0.01,0.0,8.8,1.7,9.4,37069.0,31245.43,4573711.0,False,Small,1.1863814964300379,True,False
3471,Zenith Chain,ZENITH, $-   ,9.40%,34.70%,9.30%,-4.40%,"$4,630.00 ","24,959,978",10 Million,"$31,172.84 ",,9.4,34.7,9.3,-4.4,4630.0,31172.84,24959978.0,False,Small,0.14852673032036862,False,False
3472,bePAY Finance,BECOIN, $-   ,0.00%,11.00%,17.40%,33.00%,$4.79 ,"13,000,000",13 Million,"$31,164.00 ",,0.0,11.0,17.4,33.0,4.79,31164.0,13000000.0,False,Small,0.00015370299063021436,False,False
3473,Cowrie,COWRIE,0.03,-,-,-,-, - ,"1,378,742",482 Million,"$41,335.83 ",0.03,,,,,,41335.83,1378742.0,False,Small,,False,False
3474,Ormeus Ecosystem,ECO, $-   ,0.70%,-10.10%,39.90%,89.80%,$5.00 ,"3,518,670,884",4.93 Billion,"$30,896.08 ",,0.7,-10.1,39.9,89.8,5.0,30896.08,3518670884.0,False,Small,0.0001618328279833558,False,False
3475,2ACoin,ARMS, $-   ,-1.20%,-2.70%,1.00%,18.40%,$30.44 ,"11,350,622",17.9 Million,"$30,621.86 ",,-1.2,-2.7,1.0,18.4,30.44,30621.86,11350622.0,False,Small,0.0009940611053672116,False,False
3476,WOLV,WOLV, $-   ,-,-,-,-, - ,"21,000,000",21 Million,"$42,107.77 ",,,,,,,42107.77,21000000.0,False,Small,,False,False
3477,Blockchain Cuties Universe Governance,BCUG,0.04,-0.70%,3.80%,4.50%,37.10%,"$38,281.00 ","691,063",3.87 Million,"$30,136.94 ",0.04,-0.7,3.8,4.5,37.1,38281.0,30136.94,691063.0,False,Small,1.2702351333612505,True,False
3478,NeoBot,NEOBOT, $-   ,-0.10%,-90.90%,-90.60%,-93.00%,"$35,796.00 ","9,001,756",10 Million,"$30,083.10 ",,-0.1,-90.9,-90.6,-93.0,35796.0,30083.1,9001756.0,False,Small,1.1899039660141408,True,False
3479,Martkist,MARTK, $-   ,0.40%,1.50%,4.00%,-26.30%,$254.00 ,"22,795,582",37 Million,"$29,918.06 ",,0.4,1.5,4.0,-26.3,254.0,29918.06,22795582.0,False,Small,0.008489855291419296,False,False
3480,Edain,EAI, $-   ,-0.10%,4.60%,-43.00%,-50.70%,$0.22 ,"27,868,373",199 Million,"$29,605.36 ",,-0.1,4.6,-43.0,-50.7,0.22,29605.36,27868373.0,False,Small,7.4310868032005016e-06,False,False
3481,Umi Digital,UMI, $-   ,-0.10%,13.00%,69.90%,34.20%,$93.14 ,"33,000,000,000",33 Billion,"$29,558.27 ",,-0.1,13.0,69.9,34.2,93.14,29558.27,33000000000.0,False,Small,0.0031510639831086188,False,False
3482,Bismuth,BIS,0.01,-0.40%,-5.60%,-13.40%,-32.60%,$852.00 ,"3,021,634",∞,"$29,417.71 ",0.01,-0.4,-5.6,-13.4,-32.6,852.0,29417.71,3021634.0,False,Small,0.028962145591890056,False,False
3483,Cover Protocol,COVER,0.36,-,-,-,-, - ,"79,179",82 Thousand,"$28,436.24 ",0.36,,,,,,28436.24,79179.0,False,Small,,False,False
3484,Rapids,RPD, $-   ,0.50%,6.20%,-38.20%,72.00%, $-   ,"10,387,847",18.5 Million,"$29,341.40 ",,0.5,6.2,-38.2,72.0,,29341.4,10387847.0,False,Small,,False,False
3485,CashCow,COW,0.06,-,-,-,-, - ,"483,381",909 Thousand,"$29,278.43 ",0.06,,,,,,29278.43,483381.0,False,Small,,False,False
3486,Kyoko,KYOKO, $-   ,-,-,-,-, - ,"10,376,444",1 Billion,"$29,059.43 ",,,,,,,29059.43,10376444.0,False,Small,,False,False
3487,veDAO,WEVE, $-   ,0.30%,-2.70%,-10.30%,20.40%,$51.88 ,"297,511,046",435 Million,"$28,838.46 ",,0.3,-2.7,-10.3,20.4,51.88,28838.46,297511046.0,False,Small,0.0017989864923439048,False,False
3488,Inci,INCI, $-   ,0.00%,-1.40%,0.80%,-21.90%,"$7,553.00 ","34,930,000",150 Million,"$28,657.25 ",,0.0,-1.4,0.8,-21.9,7553.0,28657.25,34930000.0,False,Small,0.26356332167252616,False,False
3489,Zion Token,ZION, $-   ,-,-,-,-, - ,"9,984,652",10.8 Million,"$27,985.80 ",,,,,,,27985.8,9984652.0,False,Small,,False,False
3490,Fight Of The Ages,FOTA, $-   ,0.00%,22.00%,9.90%,52.60%,"$73,702.00 ","6,974,804",14 Million,"$28,497.93 ",,0.0,22.0,9.9,52.6,73702.0,28497.93,6974804.0,False,Small,2.586222929174154,True,False
3491,Moremoney Finance,MORE, $-   ,-0.30%,-7.50%,-24.10%,-71.90%,$20.76 ,"67,950,415",1 Billion,"$28,250.17 ",,-0.3,-7.5,-24.1,-71.9,20.76,28250.17,67950415.0,False,Small,0.0007348628344537397,False,False
3492,Crypto Development Services,CDS,0.30,-,-,-,-, - ,"90,234",10 Million,"$27,268.90 ",0.3,,,,,,27268.9,90234.0,False,Small,,False,False
3493,Vigor,VIG, $-   ,-,-,-,-, - ,"673,531,667",1 Billion,"$30,022.79 ",,,,,,,30022.79,673531667.0,False,Small,,False,False
3494,Azuma Coin,AZUM, $-   ,-,-,-,-, - ,"138,845,739",500 Million,"$27,757.85 ",,,,,,,27757.85,138845739.0,False,Small,,False,False
3495,Bintex Futures,BNTX,0.04,-,-,-,-, - ,"692,394",20 Million,"$29,325.22 ",0.04,,,,,,29325.22,692394.0,False,Small,,False,False
3496,Poolz Finance [OLD],POOLZ,0.01,-5.30%,-13.70%,-16.90%,-4.50%,$365.00 ,"4,534,710",4.99 Million,"$27,619.85 ",0.01,-5.3,-13.7,-16.9,-4.5,365.0,27619.85,4534710.0,False,Small,0.013215133318971683,False,False
3497,Mercor Finance,MRCR, $-   ,-,-,-,-, - ,"50,150,000",100 Million,"$27,256.70 ",,,,,,,27256.7,50150000.0,False,Small,,False,False
3498,Sensitrust,SETS,0.01,0.60%,1.70%,0.90%,20.80%,"$20,044.00 ","2,553,000",95 Million,"$27,465.98 ",0.01,0.6,1.7,0.9,20.8,20044.0,27465.98,2553000.0,False,Small,0.7297755259415466,True,False
3499,Diamond Coin,DIAMOND,0.15,0.20%,-9.40%,-11.30%,56.60%,$108.00 ,"178,650",1 Million,"$27,354.80 ",0.15,0.2,-9.4,-11.3,56.6,108.0,27354.8,178650.0,False,Small,0.003948118794507728,False,False
3500,DungeonSwap,DND,0.01,0.20%,-1.30%,-0.20%,-4.20%,$54.18 ,"2,709,293",5.89 Million,"$27,318.30 ",0.01,0.2,-1.3,-0.2,-4.2,54.18,27318.3,2709293.0,False,Small,0.001983285929212286,False,False
3501,MoneySwap,MSWAP, $-   ,1.10%,0.90%,10.90%,-51.20%,"$25,185.00 ","1,348,271,983",1.5 Billion,"$26,890.82 ",,1.1,0.9,10.9,-51.2,25185.0,26890.82,1348271983.0,False,Small,0.9365649690117297,True,False
3502,SOLA,SOLA, $-   ,-0.10%,-4.70%,1.60%,31.70%,$31.80 ,"27,153,078",27.2 Million,"$26,791.18 ",,-0.1,-4.7,1.6,31.7,31.8,26791.18,27153078.0,False,Small,0.0011869577973049339,False,False
3503,Synthetify,SNY, $-   ,-0.90%,3.40%,12.60%,15.00%,"$52,620.00 ","11,560,000",100 Million,"$26,555.69 ",,-0.9,3.4,12.6,15.0,52620.0,26555.69,11560000.0,False,Small,1.981496244307717,True,False
3504,OOGI,OOGI, $-   ,1.40%,28.50%,27.30%,11.20%,$302.00 ,"9,416,830,329",18.4 Billion,"$26,533.33 ",,1.4,28.5,27.3,11.2,302.0,26533.33,9416830329.0,False,Small,0.011381910977627006,False,False
3505,Decentralized Nations,DENA,0.04,-,-,-,-, - ,"742,734",992 Thousand,"$26,088.01 ",0.04,,,,,,26088.01,742734.0,False,Small,,False,False
3506,RabbitKing,RB, $-   ,-,-,-,-, - ,"44,300,000,000,000",44.3 Trillion,"$35,753.48 ",,,,,,,35753.48,44300000000000.0,False,Small,,False,False
3507,Polis,POLIS, $-   ,-41.80%,-42.80%,-32.10%,-18.00%,$2.39 ,"15,397,325",10.3 Million,"$26,029.95 ",,-41.8,-42.8,-32.1,-18.0,2.39,26029.95,15397325.0,False,Small,9.18173104443151e-05,False,False
3508,U Network,UUU, $-   ,-,-,-,-, - ,"7,000,000,000",10 Billion,"$25,519.86 ",,,,,,,25519.86,7000000000.0,False,Small,,False,False
3509,Freedom Reserve,FR, $-   ,0.30%,-1.40%,1.10%,18.70%,$13.00 ,"70,587,124",80 Million,"$25,733.91 ",,0.3,-1.4,1.1,18.7,13.0,25733.91,70587124.0,False,Small,0.0005051700266302323,False,False
3510,SoonVerse,SOON, $-   ,2.70%,-7.00%,-19.00%,-38.10%,"$34,128.00 ","25,000,000",980 Million,"$25,692.35 ",,2.7,-7.0,-19.0,-38.1,34128.0,25692.35,25000000.0,False,Small,1.328333141966383,True,False
3511,Sportzchain,SPN, $-   ,-,-,-,-, - ,"315,493,098",9.9 Billion,"$25,237.52 ",,,,,,,25237.52,315493098.0,False,Small,,False,False
3512,DOGEDI,DOGEDI, $-   ,-,-,-,-, - ,"580,779,553,457,727",890 Trillion,"$31,677.48 ",,,,,,,31677.48,580779553457727.0,False,Small,,False,False
3513,Battle Saga,BTL, $-   ,1.20%,-3.20%,-5.10%,1.80%,$637.00 ,"39,277,569",300 Million,"$25,390.12 ",,1.2,-3.2,-5.1,1.8,637.0,25390.12,39277569.0,False,Small,0.025088498990946086,False,False
3514,NFTmall,GEM, $-   ,-0.20%,-0.10%,0.20%,18.60%,"$20,608.00 ","8,326,616",20 Million,"$25,274.01 ",,-0.2,-0.1,0.2,18.6,20608.0,25274.01,8326616.0,False,Small,0.8153830753410322,True,False
3515,Rocki,ROCKI, $-   ,0.40%,-2.40%,1.20%,82.30%,"$35,411.00 ","7,885,723",100 Million,"$25,174.90 ",,0.4,-2.4,1.2,82.3,35411.0,25174.9,7885723.0,False,Small,1.4065994303850262,True,False
3516,PayRue,PROPEL, $-   ,-0.20%,-5.80%,-9.10%,-6.90%,"$3,998.00 ","6,009,786,163",8 Billion,"$25,032.80 ",,-0.2,-5.8,-9.1,-6.9,3998.0,25032.8,6009786163.0,False,Small,0.15971045987664184,False,False
3517,Niftify,NIFT, $-   ,-0.70%,20.70%,75.60%,106.60%,"$37,142.00 ","25,986,697",200 Million,"$24,989.00 ",,-0.7,20.7,75.6,106.6,37142.0,24989.0,25986697.0,False,Small,1.4863339869542598,True,False
3518,Spaceswap SHAKE,SHAKE,32.72,0.10%,-7.50%,-52.40%,-46.60%,"$1,082.00 ",759,. M,"$24,821.76 ",32.72,0.1,-7.5,-52.4,-46.6,1082.0,24821.76,759.0,False,Small,0.04359078485973598,False,False
3519,Matrix Labs,MATRIX, $-   ,0.30%,1.10%,0.20%,8.60%,$5.27 ,"33,920,799",100 Million,"$24,806.91 ",,0.3,1.1,0.2,8.6,5.27,24806.91,33920799.0,False,Small,0.00021244080782330406,False,False
3520,Atlantis Loans,ATL,0.03,-,-,-,-, - ,"1,161,481",6.5 Million,"$31,032.53 ",0.03,,,,,,31032.53,1161481.0,False,Small,,False,False
3521,TrendAI,TRENDAI, $-   ,-0.10%,1.40%,0.60%,17.70%,$865.00 ,"10,000,000",10 Million,"$24,404.92 ",,-0.1,1.4,0.6,17.7,865.0,24404.92,10000000.0,False,Small,0.03544367283318282,False,False
3522,MMOCoin,MMO, $-   ,-0.20%,-3.30%,-23.90%,64.80%,$321.00 ,"40,808,992",260 Million,"$24,385.16 ",,-0.2,-3.3,-23.9,64.8,321.0,24385.16,40808992.0,False,Small,0.013163743850768255,False,False
3523,Fortress Loans,FTS, $-   ,-,-,-,-, - ,"7,929,990",10 Million,"$23,617.54 ",,,,,,,23617.54,7929990.0,False,Small,,False,False
3524,Digital Files,DIFI, $-   ,-18.10%,-35.20%,-39.70%,-47.40%,"$15,907.00 ","10,000,000",10 Million,"$24,289.14 ",,-18.1,-35.2,-39.7,-47.4,15907.0,24289.14,10000000.0,False,Small,0.6549017379783723,True,False
3525,Samurai Legends,SMG, $-   ,-,-,-,-, - ,"182,804,407",600 Million,"$25,724.63 ",,,,,,,25724.63,182804407.0,False,Small,,False,False
3526,ETHforestAI,ETHFAI, $-   ,0.50%,1.70%,0.80%,10.20%,$82.99 ,"22,574,600,950",99.6 Billion,"$23,838.37 ",,0.5,1.7,0.8,10.2,82.99,23838.37,22574600950.0,False,Small,0.0034813621904517798,False,False
3527,Yellow Road,ROAD,0.01,-0.10%,-5.50%,-18.30%,-11.00%,$600.00 ,"3,528,445",10 Million,"$23,781.97 ",0.01,-0.1,-5.5,-18.3,-11.0,600.0,23781.97,3528445.0,False,Small,0.025229196740219586,False,False
3528,KROWN,KRW, $-   ,0.20%,-3.20%,-19.60%,1.90%,$68.35 ,"11,986,951,417",10 Billion,"$23,418.89 ",,0.2,-3.2,-19.6,1.9,68.35,23418.89,11986951417.0,False,Small,0.002918584100271191,False,False
3529,Atlas DEX,ATS, $-   ,1.40%,10.20%,10.00%,57.60%,"$21,042.00 ","10,837,536",250 Million,"$22,904.12 ",,1.4,10.2,10.0,57.6,21042.0,22904.12,10837536.0,False,Small,0.9186993431749397,True,False
3530,MatrixETF,MDF, $-   ,0.70%,9.40%,-2.50%,37.40%,"$34,142.00 ","41,600,000",1 Billion,"$22,902.77 ",,0.7,9.4,-2.5,37.4,34142.0,22902.77,41600000.0,False,Small,1.4907367100136795,True,False
3531,Luna Rush,LUS, $-   ,0.10%,-6.30%,-5.00%,2.60%,"$47,007.00 ","22,142,137",350 Million,"$22,588.99 ",,0.1,-6.3,-5.0,2.6,47007.0,22588.99,22142137.0,False,Small,2.0809695342731125,True,False
3532,Black Phoenix,BPX, $-   ,-1.60%,-5.10%,-12.90%,-14.60%,"$43,073.00 ","1,490,000,000",4 Billion,"$22,470.45 ",,-1.6,-5.1,-12.9,-14.6,43073.0,22470.45,1490000000.0,False,Small,1.9168730488263475,True,False
3533,Cardence,$CRDN, $-   ,,-8.60%,-5.20%,-7.50%,$61.96 ,"29,412,735",50 Million,"$22,125.90 ",,,-8.6,-5.2,-7.5,61.96,22125.9,29412735.0,False,Small,0.0028003380653442342,False,False
3534,JeToken,JETS, $-   ,-,-,-,-, - ,"9,362,790,826",100 Billion,"$27,736.63 ",,,,,,,27736.63,9362790826.0,False,Small,,False,False
3535,Auctus,AUC, $-   ,-0.80%,-1.60%,-7.00%,40.80%,$75.75 ,"35,535,880",65.8 Million,"$22,125.20 ",,-0.8,-1.6,-7.0,40.8,75.75,22125.2,35535880.0,False,Small,0.0034236978648780575,False,False
3536,OPEN Governance,OPEN, $-   ,-,-,-,-, - ,"11,601,349",100 Million,"$21,583.87 ",,,,,,,21583.87,11601349.0,False,Small,,False,False
3537,Xfinance,XFI,0.91,-2.60%,-0.90%,-1.00%,-16.80%,"$178,711.00 ","23,772",50 Thousand,"$21,592.76 ",0.91,-2.6,-0.9,-1.0,-16.8,178711.0,21592.76,23772.0,False,Small,8.276431544647373,True,False
3538,POP Network,POP, $-   ,-0.10%,0.00%,-25.10%,-55.00%,$1.76 ,"1,600,000,000",1.6 Billion,"$21,572.59 ",,-0.1,0.0,-25.1,-55.0,1.76,21572.59,1600000000.0,False,Small,8.158501135005115e-05,False,False
3539,Jetcoin,JET, $-   ,0.30%,-0.60%,0.50%,18.20%,"$96,733.00 ","12,768,025",80 Million,"$21,263.62 ",,0.3,-0.6,0.5,18.2,96733.0,21263.62,12768025.0,False,Small,4.5492253905967095,True,False
3540,Axe,AXE, $-   ,-,-,-,-, - ,"7,300,532",21 Million,"$21,292.41 ",,,,,,,21292.41,7300532.0,False,Small,,False,False
3541,AquariusCoin,ARCO, $-   ,,-83.30%,-86.30%,-8.90%,$4.99 ,"4,463,117",42 Million,"$21,152.51 ",,,-83.3,-86.3,-8.9,4.99,21152.51,4463117.0,False,Small,0.00023590580975969285,False,False
3542,TaleCraft,CRAFT, $-   ,-1.90%,-8.20%,-9.40%,112.30%,"$27,716.00 ","7,006,896",30 Million,"$21,081.82 ",,-1.9,-8.2,-9.4,112.3,27716.0,21081.82,7006896.0,False,Small,1.3146872518596593,True,False
3543,Anime,ANI, $-   ,-2.30%,-10.90%,-10.70%,-34.20%,"$12,490.00 ","60,724,420",62.1 Million,"$21,076.92 ",,-2.3,-10.9,-10.7,-34.2,12490.0,21076.92,60724420.0,False,Small,0.5925913273855953,True,False
3544,renDOGE,RENDOGE, $-   ,-,-,-,-, - ,"5,798,287",5.8 Million,"$20,990.88 ",,,,,,,20990.88,5798287.0,False,Small,,False,False
3545,Upsorber,UP, $-   ,0.20%,-5.20%,-10.00%,24.80%,$14.41 ,"1,786,689,706,451",∞,"$20,778.50 ",,0.2,-5.2,-10.0,24.8,14.41,20778.5,1786689706451.0,False,Small,0.0006935053059653007,False,False
3546,Doki Doki,DOKI,0.41,-,-,-,-, - ,"49,902",50 Thousand,"$20,664.26 ",0.41,,,,,,20664.26,49902.0,False,Small,,False,False
3547,Arable Protocol,ACRE, $-   ,-0.40%,7.50%,-23.10%,-0.30%,$131.00 ,"188,607,679",1 Billion,"$20,593.24 ",,-0.4,7.5,-23.1,-0.3,131.0,20593.24,188607679.0,False,Small,0.006361310799077755,False,False
3548,OneRing,RING, $-   ,-15.20%,-16.40%,-22.90%,-1.20%,"$3,088.00 ","6,804,632",94.8 Million,"$20,558.74 ",,-15.2,-16.4,-22.9,-1.2,3088.0,20558.74,6804632.0,False,Small,0.15020375762327845,False,False
3549,SparkPoint Fuel,SFUEL, $-   ,-0.60%,-6.40%,5.10%,19.10%,"$2,423.00 ","33,812,136",150 Million,"$20,339.69 ",,-0.6,-6.4,5.1,19.1,2423.0,20339.69,33812136.0,False,Small,0.11912669268803999,False,False
3550,Wirtual,WIRTUAL, $-   ,0.40%,-14.60%,6.80%,17.10%,$479.00 ,"5,640,000",544 Million,"$20,336.19 ",,0.4,-14.6,6.8,17.1,479.0,20336.19,5640000.0,False,Small,0.023554067895707114,False,False
3551,Pontoon,TOON, $-   ,0.20%,-0.20%,0.40%,10.90%,"$5,169.00 ","23,508,212",100 Million,"$20,292.78 ",,0.2,-0.2,0.4,10.9,5169.0,20292.78,23508212.0,False,Small,0.25472113727148277,False,False
3552,SolChicks Shards,SHARDS, $-   ,0.40%,-0.70%,0.60%,1.10%,$107.00 ,"90,419,278",100 Million,"$20,250.19 ",,0.4,-0.7,0.6,1.1,107.0,20250.19,90419278.0,False,Small,0.00528390103994086,False,False
3553,Pepe of Yellow,PYPY, $-   ,,2.10%,-10.20%,54.70%,$42.79 ,"420,690,900,000,000",421 Trillion,"$20,207.14 ",,,2.1,-10.2,54.7,42.79,20207.14,420690900000000.0,False,Small,0.002117568344654414,False,False
3554,Token IN,TIN,0.01,-3.00%,-6.20%,-3.90%,-12.20%,"$30,142.00 ","3,813,693",100 Million,"$19,847.93 ",0.01,-3.0,-6.2,-3.9,-12.2,30142.0,19847.93,3813693.0,False,Small,1.518647032713235,True,False
3555,Block Beats Network,BBDC, $-   ,0.20%,10.00%,71.80%,74.40%,$789.00 ,"36,000,000,000",36 Billion,"$19,771.95 ",,0.2,10.0,71.8,74.4,789.0,19771.95,36000000000.0,False,Small,0.03990501695583895,False,False
3556,BSClaunch,BSL, $-   ,-0.20%,-9.80%,-13.00%,32.40%,"$7,028.00 ","6,403,660",100 Million,"$19,651.50 ",,-0.2,-9.8,-13.0,32.4,7028.0,19651.5,6403660.0,False,Small,0.3576317329465944,False,False
3557,IdeaChain,ICH, $-   ,0.20%,-1.40%,1.00%,18.40%,$2.72 ,"53,900,000",53.9 Million,"$19,650.29 ",,0.2,-1.4,1.0,18.4,2.72,19650.29,53900000.0,False,Small,0.0001384203490126609,False,False
3558,uPlexa,UPX, $-   ,-0.10%,6.60%,14.70%,60.30%,$32.84 ,"2,629,276,861",10.5 Billion,"$19,496.03 ",,-0.1,6.6,14.7,60.3,32.84,19496.03,2629276861.0,False,Small,0.001684445499929986,False,False
3559,Quack Token,QUACK, $-   ,0.50%,-36.70%,-22.40%,-63.50%,$117.00 ,"314,855,408",9.56 Billion,"$19,441.82 ",,0.5,-36.7,-22.4,-63.5,117.0,19441.82,314855408.0,False,Small,0.006017955109141017,False,False
3560,Unique One,RARE,0.01,-,-,-,-, - ,"2,500,000",2.5 Million,"$19,275.58 ",0.01,,,,,,19275.58,2500000.0,False,Small,,False,False
3561,Solana Ecosystem Index,SOLI,0.21,-,-,-,-, - ,"124,890",125 Thousand,"$26,555.96 ",0.21,,,,,,26555.96,124890.0,False,Small,,False,False
3562,YVS Finance,YVS,0.04,1.00%,-5.80%,-2.90%,3.20%,$155.00 ,"532,964",1.95 Million,"$19,322.99 ",0.04,1.0,-5.8,-2.9,3.2,155.0,19322.99,532964.0,False,Small,0.00802153289941153,False,False
3563,Authencity,AUTH,0.03,-,-,-,-, - ,"742,595",15 Million,"$18,870.24 ",0.03,,,,,,18870.24,742595.0,False,Small,,False,False
3564,Ravendex,RAVE, $-   ,-,-,-,-, - ,"723,700,000",1 Billion,"$18,664.60 ",,,,,,,18664.6,723700000.0,False,Small,,False,False
3565,Ston,STON, $-   ,0.20%,46.20%,68.50%,-69.70%,$20.84 ,"186,755,667",370 Million,"$19,096.46 ",,0.2,46.2,68.5,-69.7,20.84,19096.46,186755667.0,False,Small,0.0010913017386468488,False,False
3566,SafeInsure,SINS, $-   ,-4.30%,-6.10%,-3.80%,13.10%,$269.00 ,"24,929,463",21 Million,"$19,055.26 ",,-4.3,-6.1,-3.8,13.1,269.0,19055.26,24929463.0,False,Small,0.014116837030825086,False,False
3567,Warp Finance,WARP,0.40,,1.70%,-2.90%,-10.10%,$9.92 ,"48,017",150 Thousand,"$19,000.35 ",0.4,,1.7,-2.9,-10.1,9.92,19000.35,48017.0,False,Small,0.0005220956456065283,False,False
3568,IDEAS,IDEAS, $-   ,-,-,-,-, - ,"247,781,120",300 Million,"$19,128.36 ",,,,,,,19128.36,247781120.0,False,Small,,False,False
3569,50Cent,50C,0.05,0.60%,-1.20%,-14.10%,18.40%,$4.67 ,"374,219",374 Thousand,"$18,840.58 ",0.05,0.6,-1.2,-14.1,18.4,4.67,18840.58,374219.0,False,Small,0.00024786922695585803,False,False
3570,SpaceFi (Evmos),SPACE, $-   ,0.60%,-2.30%,-5.50%,1.90%,$41.97 ,"4,714,624",13.6 Million,"$18,832.19 ",,0.6,-2.3,-5.5,1.9,41.97,18832.19,4714624.0,False,Small,0.002228630870865258,False,False
3571,Momo v2,MOMO V2, $-   ,0.10%,18.10%,9.30%,-43.10%,"$6,676.00 ","701,461,299,517",1 Trillion,"$18,597.84 ",,0.1,18.1,9.3,-43.1,6676.0,18597.84,701461299517.0,False,Small,0.35896641760548537,False,False
3572,ZoomSwap,ZM, $-   ,2.00%,-1.40%,-5.60%,2.40%,"$1,683.00 ","11,769,429",11.5 Million,"$18,595.44 ",,2.0,-1.4,-5.6,2.4,1683.0,18595.44,11769429.0,False,Small,0.09050605955008326,False,False
3573,Shibalana,SHIBA, $-   ,-0.20%,-0.80%,-2.60%,44.70%,$188.00 ,"2,648,519,923",10 Billion,"$18,478.32 ",,-0.2,-0.8,-2.6,44.7,188.0,18478.32,2648519923.0,False,Small,0.010174085089986535,False,False
3574,Waifu,WAIFU, $-   ,-0.20%,-12.30%,-9.40%,684.80%,$285.00 ,"48,998,683",69 Million,"$18,337.86 ",,-0.2,-12.3,-9.4,684.8,285.0,18337.86,48998683.0,False,Small,0.01554161717888565,False,False
3575,Gem Exchange and Trading,GXT, $-   ,-1.20%,-12.10%,-11.60%,-14.20%,"$1,479.00 ","83,529,286",500 Million,"$17,710.76 ",,-1.2,-12.1,-11.6,-14.2,1479.0,17710.76,83529286.0,False,Small,0.08350855638041507,False,False
3576,Cryptopay,CPAY, $-   ,-0.20%,2.60%,9.60%,22.20%,"$27,267.00 ","38,630,308",90.4 Million,"$17,663.55 ",,-0.2,2.6,9.6,22.2,27267.0,17663.55,38630308.0,False,Small,1.5436874241021765,True,False
3577,UCROWDME,UCM, $-   ,-,-,-,-, - ,"100,000,000",100 Million,"$17,037.56 ",,,,,,,17037.56,100000000.0,False,Small,,False,False
3578,Flurry Finance,FLURRY, $-   ,-0.60%,-4.50%,-8.50%,3.80%,"$23,592.00 ","824,698,611",756 Million,"$17,255.51 ",,-0.6,-4.5,-8.5,3.8,23592.0,17255.51,824698611.0,False,Small,1.367215457555297,True,False
3579,Babacoin,BBC, $-   ,-0.10%,-6.60%,127.10%,-23.40%,$57.21 ,"1,311,654,880",-,"$17,127.83 ",,-0.1,-6.6,127.1,-23.4,57.21,17127.83,1311654880.0,False,Small,0.003340177944316355,False,False
3580,Kanpeki,KAE,0.07,-,-,-,-, - ,"294,696",295 Thousand,"$19,848.50 ",0.07,,,,,,19848.5,294696.0,False,Small,,False,False
3581,Burrow,BRRR, $-   ,-0.30%,-8.70%,-20.10%,41.40%,"$1,842.00 ","63,983,037",1 Billion,"$16,920.08 ",,-0.3,-8.7,-20.1,41.4,1842.0,16920.08,63983037.0,False,Small,0.108864733500078,False,False
3582,Big Crypto Game,CRYPTO,0.01,-,-,-,-, - ,"4,202,917",5 Million,"$22,664.85 ",0.01,,,,,,22664.85,4202917.0,False,Small,,False,False
3583,Myriad,XMY, $-   ,0.10%,-0.80%,-89.60%,-88.30%,$250.00 ,"1,857,296,500",2 Billion,"$16,698.66 ",,0.1,-0.8,-89.6,-88.3,250.0,16698.66,1857296500.0,False,Small,0.014971261167063704,False,False
3584,Shiba Punkz,SPUNK,0.02,-,-,-,-, - ,"930,917",990 Thousand,"$25,897.30 ",0.02,,,,,,25897.3,930917.0,False,Small,,False,False
3585,Alphr,ALPHR,0.01,0.40%,-5.80%,-0.70%,6.10%,"$36,563.00 ","1,852,448",10 Million,"$16,528.27 ",0.01,0.4,-5.8,-0.7,6.1,36563.0,16528.27,1852448.0,False,Small,2.212149244899799,True,False
3586,Rigel Protocol,RGP,0.02,-0.50%,-3.20%,-3.80%,2.70%,$118.00 ,"900,000",5 Million,"$16,438.07 ",0.02,-0.5,-3.2,-3.8,2.7,118.0,16438.07,900000.0,False,Small,0.00717845829832821,False,False
3587,HorusPay,HORUS, $-   ,-,-,-,-, - ,"950,643,623",1.2 Billion,"$22,092.12 ",,,,,,,22092.12,950643623.0,False,Small,,False,False
3588,Play It Forward DAO,PIF, $-   ,-,-,-,-, - ,"36,311,679",1 Billion,"$16,258.13 ",,,,,,,16258.13,36311679.0,False,Small,,False,False
3589,CryptoTycoon,CTT,0.21,-3.30%,-5.00%,-4.80%,-5.20%,"$26,396.00 ","78,482",959 Thousand,"$16,186.04 ",0.21,-3.3,-5.0,-4.8,-5.2,26396.0,16186.04,78482.0,False,Small,1.630788012385982,True,False
3590,Phoneum,PHT, $-   ,-,-,-,-, - ,"1,129,993,160",5 Billion,"$34,576.19 ",,,,,,,34576.19,1129993160.0,False,Small,,False,False
3591,OptionRoom,ROOM, $-   ,0.00%,-11.60%,-97.00%,244.50%,"$2,058.00 ","12,493,373",100 Million,"$15,943.56 ",,0.0,-11.6,-97.0,244.5,2058.0,15943.56,12493373.0,False,Small,0.12908033086713383,False,False
3592,Lightning Bot,LIGHT, $-   ,-,-,-,-, - ,"97,000,292",100 Million,"$15,536.87 ",,,,,,,15536.87,97000292.0,False,Small,,False,False
3593,YOLOCash,YLC, $-   ,0.40%,-33.10%,-23.60%,-8.60%,"$24,993.00 ","31,256,753",48.9 Million,"$15,856.50 ",,0.4,-33.1,-23.6,-8.6,24993.0,15856.5,31256753.0,False,Small,1.5761990350960173,True,False
3594,Degis,DEG, $-   ,-7.80%,2.40%,-23.10%,22.10%,"$5,818.00 ","6,039,132",43 Million,"$15,749.49 ",,-7.8,2.4,-23.1,22.1,5818.0,15749.49,6039132.0,False,Small,0.369408787205173,False,False
3595,Olive Cash,OLIVE, $-   ,-0.20%,-10.60%,-11.30%,9.70%,$71.44 ,"27,150,506",29.7 Million,"$15,714.75 ",,-0.2,-10.6,-11.3,9.7,71.44,15714.75,27150506.0,False,Small,0.004546047503141953,False,False
3596,ZilPepe,ZILPEPE, $-   ,0.50%,-4.40%,-14.90%,-8.80%,$17.34 ,"420,690,420,690,420",421 Trillion,"$15,639.25 ",,0.5,-4.4,-14.9,-8.8,17.34,15639.25,420690420690420.0,False,Small,0.0011087488210751795,False,False
3597,Merebel,MERI, $-   ,5.20%,-1.30%,5.90%,18.80%,$28.87 ,"19,366,522",30 Million,"$15,532.97 ",,5.2,-1.3,5.9,18.8,28.87,15532.97,19366522.0,False,Small,0.0018586271653135236,False,False
3598,AlphaRushAI,RUSHAI, $-   ,,9.60%,15.10%,-71.70%,"$1,066.00 ","294,691,486",773 Million,"$15,433.53 ",,,9.6,15.1,-71.7,1066.0,15433.53,294691486.0,False,Small,0.06907039413536631,False,False
3599,Metaverse Miner,META,0.01,-0.10%,-8.00%,-6.80%,-10.00%,$235.00 ,"1,877,848",20.8 Million,"$15,003.72 ",0.01,-0.1,-8.0,-6.8,-10.0,235.0,15003.72,1877848.0,False,Small,0.015662782296657095,False,False
3600,Krypton Galaxy Coin,KGC, $-   ,0.30%,-8.30%,-18.50%,-21.00%,"$22,071.00 ","892,147,867",3 Billion,"$14,764.29 ",,0.3,-8.3,-18.5,-21.0,22071.0,14764.29,892147867.0,False,Small,1.494890712658719,True,False
3601,SafCoin,SAF, $-   ,-,-,-,-, - ,"9,801,840",10 Million,"$14,345.99 ",,,,,,,14345.99,9801840.0,False,Small,,False,False
3602,AnRKey X,$ANRX, $-   ,-1.80%,1.90%,-3.50%,-3.40%,$208.00 ,"85,618,333",200 Million,"$14,454.78 ",,-1.8,1.9,-3.5,-3.4,208.0,14454.78,85618333.0,False,Small,0.01438970361361432,False,False
3603,KOLNET,KOLNET, $-   ,-2.80%,-6.00%,-1.50%,1.40%,"$4,549.00 ","393,556,954",750 Million,"$14,346.60 ",,-2.8,-6.0,-1.5,1.4,4549.0,14346.6,393556954.0,False,Small,0.3170786109600881,False,False
3604,Pinkcoin,PINK, $-   ,0.00%,500.80%,-88.00%,-86.10%,$46.85 ,"468,564,999",500 Million,"$14,042.65 ",,0.0,500.8,-88.0,-86.1,46.85,14042.65,468564999.0,False,Small,0.0033362648787800026,False,False
3605,Boo Finance,BOOFI, $-   ,-,-,-,-, - ,"10,044,749",10 Million,"$13,794.54 ",,,,,,,13794.54,10044749.0,False,Small,,False,False
3606,YDragon,YDR, $-   ,-,-,-,-, - ,"125,780,634",500 Million,"$13,437.47 ",,,,,,,13437.47,125780634.0,False,Small,,False,False
3607,AllSafe,ASAFE, $-   ,-0.80%,-2.80%,-40.70%,62.90%,$1.11 ,"12,719,410",15 Million,"$13,633.14 ",,-0.8,-2.8,-40.7,62.9,1.11,13633.14,12719410.0,False,Small,8.14192475101114e-05,False,False
3608,Ormeus Coin,ORME, $-   ,-0.10%,0.00%,-0.10%,-11.20%,$27.97 ,"17,029,321",200 Million,"$13,600.52 ",,-0.1,0.0,-0.1,-11.2,27.97,13600.52,17029321.0,False,Small,0.0020565390146847326,False,False
3609,Oxbull Solana,OXS, $-   ,-,-,-,-, - ,"49,946,362",50 Million,"$13,136.08 ",,,,,,,13136.08,49946362.0,False,Small,,False,False
3610,Score,SCO, $-   ,-,-,-,-, - ,"100,000,000",100 Million,"$12,359.93 ",,,,,,,12359.93,100000000.0,False,Small,,False,False
3611,SpiderByte,SPB, $-   ,0.30%,-9.70%,23.30%,1.10%,$76.99 ,"3,128,117",4 Million,"$12,544.58 ",,0.3,-9.7,23.3,1.1,76.99,12544.58,3128117.0,False,Small,0.006137311890872393,False,False
3612,Dogs Of Elon,DOE, $-   ,-,-,-,-, - ,"150,697,543",1 Billion,"$12,500.40 ",,,,,,,12500.4,150697543.0,False,Small,,False,False
3613,Guncoin,GUN, $-   ,0.20%,-22.30%,-33.30%,-40.80%,$0.06 ,"338,379,228",500 Million,"$12,336.28 ",,0.2,-22.3,-33.3,-40.8,0.06,12336.28,338379228.0,False,Small,4.863702834241765e-06,False,False
3614,Belifex,BEFX, $-   ,-0.10%,-0.10%,-0.10%,15.30%,"$5,436.00 ","53,080,221",100 Million,"$11,892.30 ",,-0.1,-0.1,-0.1,15.3,5436.0,11892.3,53080221.0,False,Small,0.4571024948916526,False,False
3615,Decanect,DCNT, $-   ,-,-,-,-, - ,"2,424,311",6.15 Million,"$11,634.40 ",,,,,,,11634.4,2424311.0,False,Small,,False,False
3616,HakuSwap,HAKU, $-   ,-,-,-,-, - ,"45,301,239",90.2 Million,"$11,830.31 ",,,,,,,11830.31,45301239.0,False,Small,,False,False
3617,Axial Token,AXIAL, $-   ,-,-,-,-, - ,"107,157,808",-,"$11,511.61 ",,,,,,,11511.61,107157808.0,False,Small,,False,False
3618,Starter.xyz,START,0.01,0.40%,-3.30%,-18.80%,17.80%,$46.66 ,"936,914",1 Million,"$11,558.35 ",0.01,0.4,-3.3,-18.8,17.8,46.66,11558.35,936914.0,False,Small,0.0040369083822517915,False,False
3619,Obsidium,OBS, $-   ,0.30%,0.60%,1.10%,-0.10%,"$9,541.00 ","6,328,912",14.5 Million,"$11,510.90 ",,0.3,0.6,1.1,-0.1,9541.0,11510.9,6328912.0,False,Small,0.8288665525719101,True,False
3620,concertVR,CVT, $-   ,0.00%,0.00%,-38.30%,38.00%,$1.22 ,"42,467,700",113 Million,"$11,253.10 ",,0.0,0.0,-38.3,38.0,1.22,11253.1,42467700.0,False,Small,0.00010841457020732065,False,False
3621,Saddle Finance,SDL, $-   ,-,-,-,-, - ,"433,124,445",1 Billion,"$10,674.10 ",,,,,,,10674.1,433124445.0,False,Small,,False,False
3622,AntNetworX,ANTX, $-   ,-,-,-,-, - ,"700,000,000",700 Million,"$10,784.35 ",,,,,,,10784.35,700000000.0,False,Small,,False,False
3623,XFL,XFL, $-   ,-,-,-,-, - ,"10,000,000,000",10 Billion,"$10,171.46 ",,,,,,,10171.46,10000000000.0,False,Small,,False,False
3624,NFTEarth,NFTE, $-   ,0.50%,2.50%,-3.20%,-46.50%,$9.72 ,"100,000,000",100 Million,"$10,416.43 ",,0.5,2.5,-3.2,-46.5,9.72,10416.43,100000000.0,False,Small,0.000933141200968086,False,False
3625,PrivaCoin,PRVC, $-   ,0.00%,-0.40%,-0.20%,-0.30%,"$1,301.00 ","12,829,819",1.8 Trillion,"$10,341.85 ",,0.0,-0.4,-0.2,-0.3,1301.0,10341.85,12829819.0,False,Small,0.12579954263502177,False,False
3626,Lunafi,LFI, $-   ,-,-,-,-, - ,"914,645,002",1 Billion,"$10,378.62 ",,,,,,,10378.62,914645002.0,False,Small,,False,False
3627,Scholarship Coin,SCHO, $-   ,0.00%,0.00%,-0.10%,-0.10%,$431.00 ,"16,948,541",17.1 Million,"$10,155.37 ",,0.0,0.0,-0.1,-0.1,431.0,10155.37,16948541.0,False,Small,0.042440600391713934,False,False
3628,SafeCapital,SCAP, $-   ,-1.80%,-30.20%,-28.50%,-49.60%,$12.17 ,"4,368,373",6.6 Million,"$10,147.33 ",,-1.8,-30.2,-28.5,-49.6,12.17,10147.33,4368373.0,False,Small,0.0011993302671737295,False,False
3629,MoonieNFT,MNY, $-   ,-,-,-,-, - ,"3,739,415,233",2 Billion,"$10,680.88 ",,,,,,,10680.88,3739415233.0,False,Small,,False,False
3630,Singularity,SGLY, $-   ,-,-,-,-, - ,"58,886,520",210 Million,"$9,805.31 ",,,,,,,9805.31,58886520.0,False,Small,,False,False
3631,Doubloon,DBL, $-   ,-,-,-,-, - ,"21,435,407",100 Million,"$9,793.73 ",,,,,,,9793.73,21435407.0,False,Small,,False,False
3632,3xcalibur Ecosystem Token,XCAL, $-   ,-,-,-,-, - ,"9,443,707",14.7 Million,"$9,734.74 ",,,,,,,9734.74,9443707.0,False,Small,,False,False
3633,Kurobi,KURO, $-   ,-0.20%,0.10%,-40.90%,-80.30%,$66.27 ,"25,968,491",400 Million,"$9,747.48 ",,-0.2,0.1,-40.9,-80.3,66.27,9747.48,25968491.0,False,Small,0.006798680274286277,False,False
3634,Hpohs888inu,TETHER, $-   ,,2.40%,-9.10%,14.10%,$151.00 ,"927,123,572",927 Million,"$9,712.87 ",,,2.4,-9.1,14.1,151.0,9712.87,927123572.0,False,Small,0.015546383303802067,False,False
3635,DELOT.IO,DELOT, $-   ,-6.70%,-20.50%,20.80%,7.30%,$228.00 ,"90,669,261",100 Million,"$9,607.80 ",,-6.7,-20.5,20.8,7.3,228.0,9607.8,90669261.0,False,Small,0.02373071879098233,False,False
3636,CoverCompared,CVR, $-   ,-,-,-,-, - ,"70,908,828",138 Million,"$9,493.39 ",,,,,,,9493.39,70908828.0,False,Small,,False,False
3637,Dynamo Coin,DYNAMO, $-   ,-,-,-,-, - ,"2,530,573",-,"$9,225.70 ",,,,,,,9225.7,2530573.0,False,Small,,False,False
3638,Po.et,POE, $-   ,0.20%,-50.70%,-74.80%,-39.00%,$9.41 ,"2,517,174,198",3.14 Billion,"$9,176.85 ",,0.2,-50.7,-74.8,-39.0,9.41,9176.85,2517174198.0,False,Small,0.001025406321341201,False,False
3639,Run,RUN, $-   ,-0.10%,0.10%,-0.70%,-0.80%,$1.81 ,"147,214,285",1 Billion,"$9,151.91 ",,-0.1,0.1,-0.7,-0.8,1.81,9151.91,147214285.0,False,Small,0.00019777292390331638,False,False
3640,Sphere,SPHR, $-   ,0.40%,-1.30%,-87.90%,-90.10%,$28.74 ,"12,484,344",12.5 Million,"$9,102.82 ",,0.4,-1.3,-87.9,-90.1,28.74,9102.82,12484344.0,False,Small,0.0031572633535541733,False,False
3641,Orclands Metaverse,ORC, $-   ,-,-,-,-, - ,"942,675,578",1 Billion,"$11,231.71 ",,,,,,,11231.71,942675578.0,False,Small,,False,False
3642,USD Balance,USDB,0.05,0.40%,-3.50%,-10.70%,45.70%,$13.63 ,"193,318",16.6 Million,"$9,062.55 ",0.05,0.4,-3.5,-10.7,45.7,13.63,9062.55,193318.0,False,Small,0.001503991702114747,False,False
3643,BunnyPark Game,BG, $-   ,-,-,-,-, - ,"995,410,701",1 Billion,"$11,351.72 ",,,,,,,11351.72,995410701.0,False,Small,,False,False
3644,MoonFarm Finance,MFO, $-   ,-,-,-,-, - ,"6,715,298",100 Million,"$9,491.63 ",,,,,,,9491.63,6715298.0,False,Small,,False,False
3645,VersoView,VVT, $-   ,0.00%,0.10%,-92.10%,-93.80%,$0.23 ,"63,614,653",200 Million,"$8,896.99 ",,0.0,0.1,-92.1,-93.8,0.23,8896.99,63614653.0,False,Small,2.5851439644194274e-05,False,False
3646,Be Meta Famous,BMF, $-   ,-,-,-,-, - ,"88,205,665",770 Million,"$8,738.74 ",,,,,,,8738.74,88205665.0,False,Small,,False,False
3647,Crystl Finance,CRYSTL, $-   ,0.40%,-1.90%,-16.50%,23.30%,$6.73 ,"12,499,611",12.7 Million,"$8,743.17 ",,0.4,-1.9,-16.5,23.3,6.73,8743.17,12499611.0,False,Small,0.0007697436970801209,False,False
3648,FLOOF,FLOOF, $-   ,-0.40%,2.10%,-18.40%,526.50%,"$1,905.00 ","19,104,250,979",88.2 Billion,"$8,232.86 ",,-0.4,2.1,-18.4,526.5,1905.0,8232.86,19104250979.0,False,Small,0.23138982079131673,False,False
3649,SCOneX,SCONEX, $-   ,-,-,-,-, - ,"5,088,677",100 Million,"$7,928.11 ",,,,,,,7928.11,5088677.0,False,Small,,False,False
3650,Porta,KIAN, $-   ,-,-,-,-, - ,"31,390,000",100 Million,"$7,975.38 ",,,,,,,7975.38,31390000.0,False,Small,,False,False
3651,Operon Origins,ORO, $-   ,-0.30%,-1.70%,-3.80%,21.80%,"$24,890.00 ","7,925,000",100 Million,"$7,489.12 ",,-0.3,-1.7,-3.8,21.8,24890.0,7489.12,7925000.0,False,Small,3.3234879398380586,True,False
3652,KKO Protocol,KKO, $-   ,-,-,-,-, - ,"21,054,769",60 Million,"$7,302.97 ",,,,,,,7302.97,21054769.0,False,Small,,False,False
3653,Scrooge (OLD),SCROOGE, $-   ,-,-,-,-, - ,"368,088,592,202,926",494 Trillion,"$9,042.37 ",,,,,,,9042.37,368088592202926.0,False,Small,,False,False
3654,COLLIE INU,COLLIE, $-   ,-,-,-,-, - ,"765,139,794,018",765 Billion,"$6,869.63 ",,,,,,,6869.63,765139794018.0,False,Small,,False,False
3655,SpiderDAO,SPDR, $-   ,2.90%,6.00%,11.10%,15.40%,$63.34 ,"232,211,476",1 Billion,"$7,013.85 ",,2.9,6.0,11.1,15.4,63.34,7013.85,232211476.0,False,Small,0.009030703536574064,False,False
3656,Floki CEO Coin,FCC, $-   ,-,-,-,-, - ,"58,306,546,082",1 Trillion,"$9,367.46 ",,,,,,,9367.46,58306546082.0,False,Small,,False,False
3657,Particle,PRTCLE, $-   ,0.70%,-2.00%,0.30%,-1.60%,$2.29 ,"2,527,955",2.53 Million,"$6,900.72 ",,0.7,-2.0,0.3,-1.6,2.29,6900.72,2527955.0,False,Small,0.0003318494302043845,False,False
3658,BabySwap,BABY,0.01,0.10%,-15.20%,-26.70%,26.20%,"$373,264.00 ","715,017",522 Million,"$6,889.89 ",0.01,0.1,-15.2,-26.7,26.2,373264.0,6889.89,715017.0,False,Small,54.17561093137916,True,False
3659,Barter,BRTR,0.01,-0.10%,-4.50%,-5.90%,-15.20%,$1.27 ,"783,384",17.5 Million,"$6,502.16 ",0.01,-0.1,-4.5,-5.9,-15.2,1.27,6502.16,783384.0,False,Small,0.00019531970914280793,False,False
3660,Meeb Master,MEEB, $-   ,0.90%,-0.20%,-0.40%,5.90%,$52.79 ,"1,402,001",7.86 Million,"$6,474.19 ",,0.9,-0.2,-0.4,5.9,52.79,6474.19,1402001.0,False,Small,0.008153915779425688,False,False
3661,Ccore,CCO, $-   ,0.50%,-35.00%,-60.50%,-34.60%,$55.60 ,"1,699,999",10 Million,"$6,373.78 ",,0.5,-35.0,-60.5,-34.6,55.6,6373.78,1699999.0,False,Small,0.008723238015745758,False,False
3662,Teat,TEAT, $-   ,-,-,-,-, - ,"480,299,455",480 Million,"$6,323.86 ",,,,,,,6323.86,480299455.0,False,Small,,False,False
3663,Cry Cat Coin,CRYY, $-   ,-,-,-,-, - ,"5,602,712,545",10 Billion,"$8,617.38 ",,,,,,,8617.38,5602712545.0,False,Small,,False,False
3664,Solomon Defi,SLM, $-   ,-,-,-,-, - ,"12,488,641",76.5 Million,"$8,061.37 ",,,,,,,8061.37,12488641.0,False,Small,,False,False
3665,Agrello,DLT, $-   ,-,-,-,-, - ,"82,009,794",130 Million,"$5,979.65 ",,,,,,,5979.65,82009794.0,False,Small,,False,False
3666,MIB Coin,MIB, $-   ,,0.00%,-4.70%,8.00%,$34.08 ,"73,557,891",300 Million,"$5,961.11 ",,,0.0,-4.7,8.0,34.08,5961.11,73557891.0,False,Small,0.005717056051641389,False,False
3667,Cockapoo,CPOO, $-   ,-0.20%,0.10%,-0.10%,0.00%,"$15,526.00 ","13,069,707,931",100 Billion,"$5,861.09 ",,-0.2,0.1,-0.1,0.0,15526.0,5861.09,13069707931.0,False,Small,2.6489953233954777,True,False
3668,Bomb Money,BOMB, $-   ,0.50%,12.80%,5.70%,-29.70%,$238.00 ,"2,253,606",6.67 Million,"$5,851.25 ",,0.5,12.8,5.7,-29.7,238.0,5851.25,2253606.0,False,Small,0.04067506942960906,False,False
3669,CorionX,CORX, $-   ,-0.20%,-1.40%,2.40%,13.30%,$150.00 ,"95,442,854",400 Million,"$5,718.30 ",,-0.2,-1.4,2.4,13.3,150.0,5718.3,95442854.0,False,Small,0.026231572320444888,False,False
3670,Public Index Network,PIN, $-   ,0.30%,228.60%,-94.70%,-92.10%,$33.49 ,"156,720,418",160 Million,"$5,713.55 ",,0.3,228.6,-94.7,-92.1,33.49,5713.55,156720418.0,False,Small,0.005861504668726099,False,False
3671,Paw,PAW, $-   ,-,-,-,-, - ,"178,588,063,897",337 Billion,"$5,500.30 ",,,,,,,5500.3,178588063897.0,False,Small,,False,False
3672,Aquachain,AQUA,0.01,-,-,-,-, - ,"611,761",42 Million,"$5,880.84 ",0.01,,,,,,5880.84,611761.0,False,Small,,False,False
3673,Mineable,MNB, $-   ,-,-,-,-, - ,"4,053,423",324 Million,"$5,491.96 ",,,,,,,5491.96,4053423.0,False,Small,,False,False
3674,SF Capital,SFCP, $-   ,0.20%,96.50%,1.00%,18.40%,$0.10 ,"74,020,422",100 Million,"$5,397.12 ",,0.2,96.5,1.0,18.4,0.1,5397.12,74020422.0,False,Small,1.8528400332028937e-05,False,False
3675,ImageCoin,IMG, $-   ,0.40%,-1.30%,-22.20%,-15.20%,$100.00 ,"14,633,324",21 Million,"$5,334.86 ",,0.4,-1.3,-22.2,-15.2,100.0,5334.86,14633324.0,False,Small,0.018744634348417766,False,False
3676,Aegis,AGS, $-   ,-0.20%,-3.90%,-20.80%,-21.80%,"$25,372.00 ","4,164,070",30 Million,"$5,311.69 ",,-0.2,-3.9,-20.8,-21.8,25372.0,5311.69,4164070.0,False,Small,4.776634178575934,True,False
3677,Ape In,APEIN,0.14,-,-,-,-, - ,"37,500",37.5 Thousand,"$5,345.85 ",0.14,,,,,,5345.85,37500.0,False,Small,,False,False
3678,Echidna,ECD, $-   ,-1.00%,-8.50%,-1.50%,68.70%,$57.90 ,"11,493,882",338 Million,"$5,229.49 ",,-1.0,-8.5,-1.5,68.7,57.9,5229.49,11493882.0,False,Small,0.0110718253596431,False,False
3679,Nerian Network,NERIAN, $-   ,-,-,-,-, - ,"16,717,174",26.1 Million,"$4,870.45 ",,,,,,,4870.45,16717174.0,False,Small,,False,False
3680,Arion,ARION, $-   ,2.10%,-4.20%,-4.10%,14.30%,$47.55 ,"17,205,979",-,"$4,905.46 ",,2.1,-4.2,-4.1,14.3,47.55,4905.46,17205979.0,False,Small,0.009693280548613178,False,False
3681,Bitcoin Subsidium,XBTX, $-   ,0.20%,-1.80%,2.10%,61.40%,$9.16 ,"8,924,385",21 Million,"$4,880.34 ",,0.2,-1.8,2.1,61.4,9.16,4880.34,8924385.0,False,Small,0.001876918411422155,False,False
3682,Furio,$FUR,0.02,0.40%,3.40%,-0.30%,0.50%,"$15,469.00 ","206,238",866 Thousand,"$4,846.99 ",0.02,0.4,3.4,-0.3,0.5,15469.0,4846.99,206238.0,False,Small,3.191465218620216,True,False
3683,Eggplant Finance,EGGP,0.01,0.10%,-7.20%,-13.20%,-7.60%,$426.00 ,"435,414",477 Thousand,"$4,574.76 ",0.01,0.1,-7.2,-13.2,-7.6,426.0,4574.76,435414.0,False,Small,0.0931196390630328,False,False
3684,Waggle Network,WAG, $-   ,0.10%,-4.20%,-17.90%,48.00%,"$25,080.00 ","7,250,000",100 Million,"$4,537.81 ",,0.1,-4.2,-17.9,48.0,25080.0,4537.81,7250000.0,False,Small,5.526895132233389,True,False
3685,Instadapp DAI,IDAI,1.08,-0.20%,-0.10%,-0.20%,0.10%, $-   ,"4,174",4.17 Thousand,"$4,493.66 ",1.08,-0.2,-0.1,-0.2,0.1,,4493.66,4174.0,False,Small,,False,False
3686,Soltato FRIES,FRIES, $-   ,-,-,-,-, - ,"10,000,000",10 Million,"$4,160.99 ",,,,,,,4160.99,10000000.0,False,Small,,False,False
3687,Herbalist,HERB, $-   ,0.00%,0.00%,0.00%,0.00%, $-   ,"5,558,383,166",9.5 Billion,"$5,637.49 ",,0.0,0.0,0.0,0.0,,5637.49,5558383166.0,False,Small,,False,False
3688,AmpleSwap,AMPLE, $-   ,-,-,-,-, - ,"298,632,604",447 Million,"$4,125.08 ",,,,,,,4125.08,298632604.0,False,Small,,False,False
3689,Ludos Protocol,LUD, $-   ,-,-,-,-, - ,"163,247,872",10 Billion,"$9,271.16 ",,,,,,,9271.16,163247872.0,False,Small,,False,False
3690,Suvereno,SUV, $-   ,0.20%,-32.40%,-17.80%,29.60%,$0.96 ,"8,240,161",84 Million,"$3,913.28 ",,0.2,-32.4,-17.8,29.6,0.96,3913.28,8240161.0,False,Small,0.000245318505192575,False,False
3691,NestEgg Coin,EGG, $-   ,-2.90%,-1.50%,0.90%,14.60%,$82.14 ,"34,526,360",1 Billion,"$3,897.99 ",,-2.9,-1.5,0.9,14.6,82.14,3897.99,34526360.0,False,Small,0.021072398851715884,False,False
3692,Sing,SING,0.01,0.20%,5.10%,-4.40%,10.20%,$6.76 ,"561,677",45.9 Thousand,"$3,759.57 ",0.01,0.2,5.1,-4.4,10.2,6.76,3759.57,561677.0,False,Small,0.0017980779716829317,False,False
3693,Milkshake Swap,MILK, $-   ,0.10%,-0.40%,-1.90%,-10.40%,$625.00 ,"1,205,719",1.21 Million,"$3,266.59 ",,0.1,-0.4,-1.9,-10.4,625.0,3266.59,1205719.0,False,Small,0.19133102103416713,False,False
3694,PREMA,PRMX, $-   ,1.10%,2.70%,-0.10%,-10.50%,"$24,261.00 ","2,522,030,502",100 Billion,"$3,262.09 ",,1.1,2.7,-0.1,-10.5,24261.0,3262.09,2522030502.0,False,Small,7.437256482807034,True,False
3695,PalGold,PALG, $-   ,-,-,-,-, - ,"24,702,247",100 Million,"$3,244.03 ",,,,,,,3244.03,24702247.0,False,Small,,False,False
3696,Klap Finance,KLAP, $-   ,-0.50%,1.10%,3.30%,9.10%,"$16,936.00 ","23,800,000",1 Billion,"$3,229.34 ",,-0.5,1.1,3.3,9.1,16936.0,3229.34,23800000.0,False,Small,5.244415267515963,True,False
3697,Solidex,SEX, $-   ,,-3.30%,-1.40%,-3.50%,$1.06 ,"5,838,967",9.39 Million,"$3,094.40 ",,,-3.3,-1.4,-3.5,1.06,3094.4,5838967.0,False,Small,0.0003425542916235781,False,False
3698,dfohub,BUIDL, $-   ,18.70%,14.10%,-31.10%,36.90%,"$22,368.00 ","3,311,391",542 Thousand,"$2,901.66 ",,18.7,14.1,-31.1,36.9,22368.0,2901.66,3311391.0,False,Small,7.70869088728521,True,False
3699,Starbots,BOT, $-   ,1.40%,0.60%,9.90%,19.20%,$67.53 ,"28,776,588",200 Million,"$2,888.79 ",,1.4,0.6,9.9,19.2,67.53,2888.79,28776588.0,False,Small,0.02337656942872275,False,False
3700,MIM,SWARM, $-   ,-,-,-,-, - ,"2,151,801,100",5 Billion,"$3,881.05 ",,,,,,,3881.05,2151801100.0,False,Small,,False,False
3701,Bontecoin,BONTE, $-   ,-,-,-,-, - ,"2,720,824,932",10 Billion,"$2,647.21 ",,,,,,,2647.21,2720824932.0,False,Small,,False,False
3702,Matka,MAT, $-   ,-,-,-,-, - ,"1,264,072,461",1.84 Billion,"$2,716.66 ",,,,,,,2716.66,1264072461.0,False,Small,,False,False
3703,CRE8R DAO,CRE8R, $-   ,-,-,-,-, - ,"2,804,356",88.9 Million,"$2,963.88 ",,,,,,,2963.88,2804356.0,False,Small,,False,False
3704,Fire Protocol,FIRE, $-   ,0.90%,1.10%,-5.70%,-4.60%,"$41,121.00 ","4,962,790",100 Million,"$2,497.05 ",,0.9,1.1,-5.7,-4.6,41121.0,2497.05,4962790.0,False,Small,16.467832041809334,True,False
3705,Zent Cash,ZTC, $-   ,7.10%,5.30%,15.50%,111.10%,$221.00 ,"4,244,663,817",7.5 Billion,"$2,475.96 ",,7.1,5.3,15.5,111.1,221.0,2475.96,4244663817.0,False,Small,0.08925830788865732,False,False
3706,MultiPad,MPAD, $-   ,-,-,-,-, - ,"24,344,993",100 Million,"$2,778.78 ",,,,,,,2778.78,24344993.0,False,Small,,False,False
3707,trollbox,TOX, $-   ,-,-,-,-, - ,"610,448,255",1 Billion,"$2,927.35 ",,,,,,,2927.35,610448255.0,False,Small,,False,False
3708,Blockster,BXR, $-   ,-34.90%,-25.00%,-20.80%,2.50%,$358.00 ,"8,000,000",100 Million,"$1,782.80 ",,-34.9,-25.0,-20.8,2.5,358.0,1782.8,8000000.0,False,Small,0.20080771819609602,False,False
3709,Solyard Finance,YARD, $-   ,-0.20%,-0.10%,4.40%,5.40%,$0.14 ,"72,500,000",1 Billion,"$1,533.76 ",,-0.2,-0.1,4.4,5.4,0.14,1533.76,72500000.0,False,Small,9.127894846651368e-05,False,False
3710,AVME,AVME, $-   ,-,-,-,-, - ,"5,338,853",2.97 Million,"$1,071.58 ",,,,,,,1071.58,5338853.0,False,Small,,False,False
3711,TrustPad,TPAD, $-   ,-0.20%,-16.80%,-37.90%,-99.20%,$438.00 ,"4,113,203",97.3 Million,$992.63 ,,-0.2,-16.8,-37.9,-99.2,438.0,992.63,4113203.0,False,Small,0.4412520274422494,False,False
3712,dexSHARE,DEXSHARE,0.05,,0.10%,-59.80%,8.90%,$6.69 ,"19,607",67.2 Thousand,$945.67 ,0.05,,0.1,-59.8,8.9,6.69,945.67,19607.0,False,Small,0.007074349403068725,False,False
3713,UncleMine,UM, $-   ,-0.40%,-25.60%,-23.20%,3.80%,$181.00 ,"12,000,000",1 Billion,$815.36 ,,-0.4,-25.6,-23.2,3.8,181.0,815.36,12000000.0,False,Small,0.22198783359497645,False,False
3714,ElonDoge DAO,EDAO,0.51,-,-,-,-, - ,"2,000",100 Thousand,"$1,014.56 ",0.51,,,,,,1014.56,2000.0,False,Small,,False,False
3715,EZZY Game,EZY, $-   ,0.10%,-4.50%,8.30%,-70.30%,$340.00 ,"23,882,998",33.3 Million,$797.77 ,,0.1,-4.5,8.3,-70.3,340.0,797.77,23882998.0,False,Small,0.4261879990473445,False,False
3716,Axia,AXIAV3, $-   ,-,-,-,-, - ,"630,408",3.78 Million,$724.74 ,,,,,,,724.74,630408.0,False,Small,,False,False
3717,QUACK,QUACK, $-   ,-,-,-,-, - ,"1,199,071,019",1 Trillion,$854.29 ,,,,,,,854.29,1199071019.0,False,Small,,False,False
3718,Recast1,R1, $-   ,-2.90%,-9.10%,-68.40%,-72.10%,$48.78 ,"1,315,487,925",10 Billion,$623.08 ,,-2.9,-9.1,-68.4,-72.1,48.78,623.08,1315487925.0,False,Small,0.07828850227900108,False,False
3719,Bountie Hunter,BOUNTIE, $-   ,,-5.20%,-5.50%,4.20%,$22.85 ,"6,555,336",500 Million,$557.24 ,,,-5.2,-5.5,4.2,22.85,557.24,6555336.0,False,Small,0.041005670806115856,False,False
3720,Sucrecoin,XSR, $-   ,-,-,-,-, - ,"14,739,744",21.2 Million,$537.37 ,,,,,,,537.37,14739744.0,False,Small,,False,False
3721,Secure Cash,SCSX, $-   ,-26.50%,-27.70%,-7.40%,-23.20%,$43.25 ,"118,918",300 Thousand,$476.89 ,,-26.5,-27.7,-7.4,-23.2,43.25,476.89,118918.0,False,Small,0.09069177378431086,False,False
3722,PanicSwap,PANIC, $-   ,-,-,-,-, - ,"980,351",980 Thousand,$503.45 ,,,,,,,503.45,980351.0,False,Small,,False,False
3723,Spice Trade,SPICE, $-   ,-0.40%,-5.00%,5.60%,-29.70%,$8.34 ,"1,457,682",57.6 Million,$328.31 ,,-0.4,-5.0,5.6,-29.7,8.34,328.31,1457682.0,False,Small,0.02540282050501051,False,False
3724,MEMEX,MEMEX, $-   ,-,-,-,-, - ,"1,697,680",100 Million,$294.66 ,,,,,,,294.66,1697680.0,False,Small,,False,False
3725,WorldCoin,WDC,0.01,0.00%,7.40%,13.00%,2.80%,$333.00 ,"18,450",265 Million,$162.72 ,0.01,0.0,7.4,13.0,2.8,333.0,162.72,18450.0,False,Small,2.0464601769911503,True,False
3726,Leonidas Token,LEONIDAS, $-   ,-,-,-,-, - ,"65,500,000",1 Billion,$220.90 ,,,,,,,220.9,65500000.0,False,Small,,False,False
3727,Fabric,FAB, $-   ,0.30%,0.40%,-36.30%,32.00%,$124.00 ,"134,859,993",500 Million,$112.46 ,,0.3,0.4,-36.3,32.0,124.0,112.46,134859993.0,False,Small,1.102614262849013,True,False
3728,Speed Mining Service,SMS,0.20,-,-,-,-, - ,433,300 Thousand,$87.09 ,0.2,,,,,,87.09,433.0,False,Small,,False,False
3729,Solex Finance,SLX, $-   ,-,-,-,-, - ,"7,000,000",10 Million,$74.29 ,,,,,,,74.29,7000000.0,False,Small,,False,False
3730,APEmove,APE, $-   ,-,-,-,-, - ,"1,954,237",1.96 Million,$71.76 ,,,,,,,71.76,1954237.0,False,Small,,False,False
3731,YodeSwap,YODE, $-   ,-0.40%,3.80%,-3.10%,-1.80%,$84.45 ,"39,201",2.27 Million,$56.77 ,,-0.4,3.8,-3.1,-1.8,84.45,56.77,39201.0,False,Small,1.4875814690857847,True,False
3732,Naxar,NAXAR, $-   ,-,-,-,-, - ,"16,675,177",21 Million,$24.07 ,,,,,,,24.07,16675177.0,False,Small,,False,False
3733,WolfSafePoorPeople Polygon,WSPP, $-   ,0.40%,40.00%,143.80%,-91.30%,$483.00 ,"1,584,040,062",1.21 Billion,$15.08 ,,0.4,40.0,143.8,-91.3,483.0,15.08,1584040062.0,False,Small,32.02917771883289,True,False
3734,ZelaaPayAE,ZPAE, $-   ,-,-,-,-, - ,"830,000,000",1.35 Billion,$7.48 ,,,,,,,7.48,830000000.0,False,Small,,False,False
3735,Equalizer,EQZ,0.01,1.30%,24.10%,0.10%,41.20%,$534.00 ,502,100 Million,$6.47 ,0.01,1.3,24.1,0.1,41.2,534.0,6.47,502.0,False,Small,82.53477588871716,True,False
3736,Artery,ARTR,0.01,-1.40%,-6.80%,10.30%,-8.90%,"$63,353.00 ",404,. M,$2.32 ,0.01,-1.4,-6.8,10.3,-8.9,63353.0,2.32,404.0,False,Small,27307.3275862069,True,False
3737,HaloDAO,RNBW, $-   ,0.00%,2.00%,-26.70%,-18.50%,$0.84 ,"34,055,352",100 Million,$0.72 ,,0.0,2.0,-26.7,-18.5,0.84,0.72,34055352.0,False,Small,1.1666666666666667,True,False
3738,Onespace,1SP, $-   ,,-1.40%,12.50%,-8.90%, $-   ,"1,000,000",100 Million,$0.45 ,,,-1.4,12.5,-8.9,,0.45,1000000.0,False,Small,,False,False
3739,DAOstack,GEN, $-   ,-,-,-,-, - ,"49,029,095",60 Million,$0.02 ,,,,,,,0.02,49029095.0,False,Small,,False,False
3740,Kitty Solana,KITTY, $-   ,-,-,-,-, - ,"419,926,609",50 Billion,$0.02 ,,,,,,,0.02,419926609.0,False,Small,,False,False
3741,FrogeX,FROGEX, $-   ,-,-,-,-, - ,411,1 Trillion, $-   ,,,,,,,,411.0,False,Unknown,,False,False
3742,Mainstream For The Underground,MFTU, $-   ,-,-,-,-, - ,"788,686,598",1.4 Billion, $-   ,,,,,,,,788686598.0,False,Unknown,,False,False
3743,Bitbar,BTB,0.29,,0.70%,-35.00%,-20.60%,$48.70 ,0,9.7 Thousand, - ,0.29,,0.7,-35.0,-20.6,48.7,,0.0,False,Unknown,,False,False
3744,Bean Cash,BITB, $-   ,-0.80%,-27.60%,-46.00%,-50.30%,$125.00 ,0,50 Billion, - ,,-0.8,-27.6,-46.0,-50.3,125.0,,0.0,False,Unknown,,False,False
3745,Ratecoin,XRA, $-   ,-1.80%,-5.10%,0.10%,2.20%,$0.32 ,0,75 Million, - ,,-1.8,-5.1,0.1,2.2,0.32,,0.0,False,Unknown,,False,False
3746,Aeon,AEON,0.07,0.30%,-5.40%,4.50%,-3.40%,$171.00 ,0,18.4 Million, - ,0.07,0.3,-5.4,4.5,-3.4,171.0,,0.0,False,Unknown,,False,False
3747,Casinocoin,CSC, $-   ,-0.20%,-8.40%,-4.60%,-1.60%,"$22,360.00 ",0,65 Billion, - ,,-0.2,-8.4,-4.6,-1.6,22360.0,,0.0,False,Unknown,,False,False
3748,Yocoin,YOC, $-   ,-19.70%,-1.40%,1.00%,-91.50%,$10.60 ,0,∞, - ,,-19.7,-1.4,1.0,-91.5,10.6,,0.0,False,Unknown,,False,False
3749,LBRY Credits,LBC, $-   ,0.10%,-2.30%,-33.30%,-43.40%,"$26,776.00 ",0,1.08 Billion, - ,,0.1,-2.3,-33.3,-43.4,26776.0,,0.0,False,Unknown,,False,False
3750,Viacoin,VIA,0.01,-6.40%,-22.60%,-81.80%,-58.60%,$578.00 ,0,∞, - ,0.01,-6.4,-22.6,-81.8,-58.6,578.0,,0.0,False,Unknown,,False,False
3751,Stealth,XST,0.06,0.00%,-12.90%,74.10%,143.90%,"$1,846.00 ",0,20.7 Million, - ,0.06,0.0,-12.9,74.1,143.9,1846.0,,0.0,False,Unknown,,False,False
3752,Bitmark,MARKS, $-   ,,-1.50%,1.00%,58.20%,$1.30 ,0,27.6 Million, - ,,,-1.5,1.0,58.2,1.3,,0.0,False,Unknown,,False,False
3753,Element,HYP, $-   ,2.00%,19.70%,0.20%,-21.70%,$14.60 ,0,3.12 Billion, - ,,2.0,19.7,0.2,-21.7,14.6,,0.0,False,Unknown,,False,False
3754,Nexus,NXS,0.02,2.00%,-15.50%,-59.60%,-45.00%,"$13,954.00 ",0,∞, - ,0.02,2.0,-15.5,-59.6,-45.0,13954.0,,0.0,False,Unknown,,False,False
3755,Geocoin,GEO, $-   ,215.50%,210.10%,-67.60%,-54.70%,$45.79 ,0,4 Million, - ,,215.5,210.1,-67.6,-54.7,45.79,,0.0,False,Unknown,,False,False
3756,Alias,ALIAS,0.02,,26.90%,-2.80%,19.00%,$158.00 ,0,20 Million, - ,0.02,,26.9,-2.8,19.0,158.0,,0.0,False,Unknown,,False,False
3757,MonaCoin,MONA,0.38,-0.20%,-3.40%,-4.00%,-2.70%,"$190,647.00 ",0,105 Million, - ,0.38,-0.2,-3.4,-4.0,-2.7,190647.0,,0.0,False,Unknown,,False,False
3758,GameCredits,GAME,0.01,-1.40%,28.30%,-37.30%,-12.40%,"$24,342.00 ",0,200 Million, - ,0.01,-1.4,28.3,-37.3,-12.4,24342.0,,0.0,False,Unknown,,False,False
3759,XTRABYTES,XBY, $-   ,5.80%,-1.40%,-8.60%,-24.80%,$53.64 ,0,650 Million, - ,,5.8,-1.4,-8.6,-24.8,53.64,,0.0,False,Unknown,,False,False
3760,Bitswift,BITS,0.20,-,-,-,-, - ,0,3.88 Million, - ,0.2,,,,,,,0.0,False,Unknown,,False,False
3761,Novacoin,NVC,0.04,0.30%,-8.80%,-3.90%,13.80%,$104.00 ,0,-, - ,0.04,0.3,-8.8,-3.9,13.8,104.0,,0.0,False,Unknown,,False,False
3762,ArtByte,ABY, $-   ,,-54.40%,-1.50%,-43.40%, $-   ,0,1 Billion, - ,,,-54.4,-1.5,-43.4,,,0.0,False,Unknown,,False,False
3763,Deutsche eMark,DEM, $-   ,-0.50%,-5.00%,-11.60%,-27.00%,$65.03 ,0,210 Million, - ,,-0.5,-5.0,-11.6,-27.0,65.03,,0.0,False,Unknown,,False,False
3764,GCN Coin,GCN, $-   ,-1.00%,-4.30%,-0.80%,-6.40%,$1.07 ,0,200 Billion, - ,,-1.0,-4.3,-0.8,-6.4,1.07,,0.0,False,Unknown,,False,False
3765,Mintcoin,MINT, $-   ,-0.20%,-3.30%,-6.40%,1.90%,$1.24 ,0,-, - ,,-0.2,-3.3,-6.4,1.9,1.24,,0.0,False,Unknown,,False,False
3766,Unobtanium,UNO,8.84,0.30%,-1.50%,38.30%,260.20%,$1.14 ,0,250 Thousand, - ,8.84,0.3,-1.5,38.3,260.2,1.14,,0.0,False,Unknown,,False,False
3767,Vcash,XVC,0.03,0.20%,-20.40%,-19.80%,-5.30%,$2.74 ,0,30.7 Million, - ,0.03,0.2,-20.4,-19.8,-5.3,2.74,,0.0,False,Unknown,,False,False
3768,Unitus,UIS, $-   ,-1.10%,37.40%,72.80%,55.00%,$17.75 ,0,-, - ,,-1.1,37.4,72.8,55.0,17.75,,0.0,False,Unknown,,False,False
3769,LiteDoge,LDOGE, $-   ,0.30%,-0.50%,1.70%,-77.10%,$543.00 ,0,50 Billion, - ,,0.3,-0.5,1.7,-77.1,543.0,,0.0,False,Unknown,,False,False
3770,Namecoin,NMC,1.18,-0.20%,-0.60%,0.30%,-5.60%,"$4,921.00 ",0,21 Million, - ,1.18,-0.2,-0.6,0.3,-5.6,4921.0,,0.0,False,Unknown,,False,False
3771,Clams,CLAM,0.33,,50.60%,-11.90%,158.40%,$0.06 ,0,17.4 Million, - ,0.33,,50.6,-11.9,158.4,0.06,,0.0,False,Unknown,,False,False
3772,Zetacoin,ZET, $-   ,0.90%,13.10%,11.10%,1.40%,$13.17 ,0,160 Million, - ,,0.9,13.1,11.1,1.4,13.17,,0.0,False,Unknown,,False,False
3773,Canada eCoin,CDN, $-   ,-,-,-,-, - ,0,100 Million, - ,,,,,,,,0.0,False,Unknown,,False,False
3774,Digitalcoin,DGC, $-   ,0.20%,-21.30%,1.00%,18.50%,$4.71 ,0,48.2 Million, - ,,0.2,-21.3,1.0,18.5,4.71,,0.0,False,Unknown,,False,False
3775,Expanse,EXP, $-   ,0.20%,21.60%,-76.90%,-61.00%,$937.00 ,0,100 Million, - ,,0.2,21.6,-76.9,-61.0,937.0,,0.0,False,Unknown,,False,False
3776,Woodcoin,LOG,0.07,0.70%,-1.00%,-16.20%,8.00%,$54.38 ,0,27.6 Million, - ,0.07,0.7,-1.0,-16.2,8.0,54.38,,0.0,False,Unknown,,False,False
3777,SaluS,SLS,1.18,0.30%,49.50%,121.50%,-95.40%,"$5,636.00 ",0,1 Million, - ,1.18,0.3,49.5,121.5,-95.4,5636.0,,0.0,False,Unknown,,False,False
3778,Freedomcoin,FREED,0.02,0.30%,-3.70%,3.20%,20.50%,$7.25 ,0,18 Million, - ,0.02,0.3,-3.7,3.2,20.5,7.25,,0.0,False,Unknown,,False,False
3779,Whitecoin,XWC,0.06,-0.10%,-0.40%,42.50%,42.00%,"$66,873.00 ",0,899 Million, - ,0.06,-0.1,-0.4,42.5,42.0,66873.0,,0.0,False,Unknown,,False,False
3780,Agoras: Currency of Tau,AGRS,0.27,0.20%,-2.00%,-2.10%,113.90%,"$13,429.00 ",0,42 Million, - ,0.27,0.2,-2.0,-2.1,113.9,13429.0,,0.0,False,Unknown,,False,False
3781,Electra,ECA, $-   ,,0.90%,5.50%,53.50%,$21.13 ,0,30 Billion, - ,,,0.9,5.5,53.5,21.13,,0.0,False,Unknown,,False,False
3782,NewYorkCoin,NYC, $-   ,-3.30%,26.20%,46.40%,77.20%,$12.19 ,0,100 Billion, - ,,-3.3,26.2,46.4,77.2,12.19,,0.0,False,Unknown,,False,False
3783,Veritaseum,VERI,25.47,0.20%,3.40%,1.20%,-14.40%,"$9,293.00 ",0,100 Million, - ,25.47,0.2,3.4,1.2,-14.4,9293.0,,0.0,False,Unknown,,False,False
3784,MCO,MCO,0.53,-,-,-,-, - ,0,31.6 Million, - ,0.53,,,,,,,0.0,False,Unknown,,False,False
3785,More,MORE, $-   ,0.30%,-50.70%,-89.80%,-86.50%,$19.07 ,0,30 Million, - ,,0.3,-50.7,-89.8,-86.5,19.07,,0.0,False,Unknown,,False,False
3786,Rupee,RUP, $-   ,-,-,-,-, - ,0,84 Million, - ,,,,,,,,0.0,False,Unknown,,False,False
3787,iXledger,IXT, $-   ,0.00%,0.00%,9.80%,57.20%,$10.37 ,0,65.8 Million, - ,,0.0,0.0,9.8,57.2,10.37,,0.0,False,Unknown,,False,False
3788,OracleChain,OCT,0.01,0.50%,2.40%,2.10%,25.20%,"$34,871.00 ",0,200 Million, - ,0.01,0.5,2.4,2.1,25.2,34871.0,,0.0,False,Unknown,,False,False
3789,LUXCoin,LUX, $-   ,-,-,-,-, - ,0,60 Million, - ,,,,,,,,0.0,False,Unknown,,False,False
3790,EtherDoge,EDOGE, $-   ,-0.10%,16.00%,53.20%,-87.30%,"$2,113.00 ",0,100 Billion, - ,,-0.1,16.0,53.2,-87.3,2113.0,,0.0,False,Unknown,,False,False
3791,Aeron,ARNX, $-   ,-,-,-,-, - ,0,9.41 Billion, - ,,,,,,,,0.0,False,Unknown,,False,False
3792,Fujicoin,FJC, $-   ,,0.00%,0.00%,-50.40%, $-   ,0,10 Billion, - ,,,0.0,0.0,-50.4,,,0.0,False,Unknown,,False,False
3793,Creamcoin,CRM, $-   ,,-3.60%,-9.50%,-1.20%,$0.26 ,0,100 Million, - ,,,-3.6,-9.5,-1.2,0.26,,0.0,False,Unknown,,False,False
3794,Innova,INN,0.01,,13.10%,627.30%,645.70%,$14.56 ,0,18 Million, - ,0.01,,13.1,627.3,645.7,14.56,,0.0,False,Unknown,,False,False
3795,VIVO,VIVO,0.01,-0.20%,-9.00%,80.50%,258.30%,$109.00 ,0,1.1 Million, - ,0.01,-0.2,-9.0,80.5,258.3,109.0,,0.0,False,Unknown,,False,False
3796,GoByte,GBX, $-   ,-,-,-,-, - ,0,31.8 Million, - ,,,,,,,,0.0,False,Unknown,,False,False
3797,EncrypGen,DNA,0.01,0.00%,0.00%,-11.10%,-25.00%, $-   ,0,70.9 Million, - ,0.01,0.0,0.0,-11.1,-25.0,,,0.0,False,Unknown,,False,False
3798,Monk,MONK, $-   ,2.40%,-18.30%,-0.90%,26.10%,$165.00 ,0,505 Million, - ,,2.4,-18.3,-0.9,26.1,165.0,,0.0,False,Unknown,,False,False
3799,Cappasity,CAPP, $-   ,2.20%,5.50%,15.50%,46.80%,"$142,345.00 ",0,5.95 Billion, - ,,2.2,5.5,15.5,46.8,142345.0,,0.0,False,Unknown,,False,False
3800,Lethean,LTHN, $-   ,-0.30%,-15.20%,-43.20%,-12.40%,$6.97 ,0,999 Million, - ,,-0.3,-15.2,-43.2,-12.4,6.97,,0.0,False,Unknown,,False,False
3801,iEthereum,IETH,0.03,0.00%,17.90%,2.40%,110.40%,$91.32 ,0,18 Million, - ,0.03,0.0,17.9,2.4,110.4,91.32,,0.0,False,Unknown,,False,False
3802,YENTEN,YTN, $-   ,0.30%,-15.60%,1.60%,-58.50%,$14.29 ,0,80 Million, - ,,0.3,-15.6,1.6,-58.5,14.29,,0.0,False,Unknown,,False,False
3803,BitcoinX,BCX, $-   ,-0.30%,-6.00%,-5.00%,5.40%,"$41,969.00 ",0,210 Billion, - ,,-0.3,-6.0,-5.0,5.4,41969.0,,0.0,False,Unknown,,False,False
3804,Bitcoin Fast,BCF, $-   ,0.50%,0.50%,1.50%,78.10%,$0.03 ,0,21 Million, - ,,0.5,0.5,1.5,78.1,0.03,,0.0,False,Unknown,,False,False
3805,ColossusXT,COLX, $-   ,,11.00%,-5.70%,41.80%,$0.02 ,0,∞, - ,,,11.0,-5.7,41.8,0.02,,0.0,False,Unknown,,False,False
3806,PlayKey,PKT, $-   ,0.40%,-0.60%,-55.20%,-59.50%,"$67,587.00 ",0,19.9 Million, - ,,0.4,-0.6,-55.2,-59.5,67587.0,,0.0,False,Unknown,,False,False
3807,Game,GTC, $-   ,0.30%,-3.70%,-1.10%,-3.80%,"$48,520.00 ",0,2 Billion, - ,,0.3,-3.7,-1.1,-3.8,48520.0,,0.0,False,Unknown,,False,False
3808,BitBoost,BBT, $-   ,-,-,-,-, - ,0,50 Million, - ,,,,,,,,0.0,False,Unknown,,False,False
3809,xMoney,UTK,0.07,-0.10%,-3.40%,-9.00%,22.10%,"$2,172,261.00 ",0,1 Billion, - ,0.07,-0.1,-3.4,-9.0,22.1,2172261.0,,0.0,False,Unknown,,False,False
3810,BitClave,CAT, $-   ,-,-,-,-, - ,0,2 Billion, - ,,,,,,,,0.0,False,Unknown,,False,False
3811,Bankera,BNK,0.16,,1.60%,-1.60%,-2.60%,$595.00 ,0,10 Million, - ,0.16,,1.6,-1.6,-2.6,595.0,,0.0,False,Unknown,,False,False
3812,HNC Coin,HNC,0.03,0.00%,-24.00%,-22.60%,-27.50%,"$1,755.00 ",0,96 Million, - ,0.03,0.0,-24.0,-22.6,-27.5,1755.0,,0.0,False,Unknown,,False,False
3813,Lightning Bitcoin,LBTC,0.27,1.60%,-1.40%,4.30%,-5.20%,"$53,703.00 ",0,21 Million, - ,0.27,1.6,-1.4,4.3,-5.2,53703.0,,0.0,False,Unknown,,False,False
3814,CoinLoan,CLT,1.72,0.80%,43.70%,-13.40%,132.90%,$523.00 ,0,22 Million, - ,1.72,0.8,43.7,-13.4,132.9,523.0,,0.0,False,Unknown,,False,False
3815,Digitex,DGTX, $-   ,-5.70%,-3.00%,-52.00%,-32.20%,"$1,526.00 ",0,9.2 Billion, - ,,-5.7,-3.0,-52.0,-32.2,1526.0,,0.0,False,Unknown,,False,False
3816,CoinPoker,CHP,0.08,0.10%,0.00%,-1.80%,2.10%,$254.00 ,0,278 Million, - ,0.08,0.1,0.0,-1.8,2.1,254.0,,0.0,False,Unknown,,False,False
3817,Mixin,XIN,138.98,0.00%,-1.60%,-3.30%,-16.10%,"$11,203.00 ",0,1 Million, - ,138.98,0.0,-1.6,-3.3,-16.1,11203.0,,0.0,False,Unknown,,False,False
3818,Tokyo Coin,TOKC, $-   ,-,-,-,-, - ,0,218 Million, - ,,,,,,,,0.0,False,Unknown,,False,False
3819,Kzcash,KZC, $-   ,0.30%,-1.30%,-34.40%,-52.10%,$0.12 ,0,18.9 Million, - ,,0.3,-1.3,-34.4,-52.1,0.12,,0.0,False,Unknown,,False,False
3820,High Performance Blockchain,HPB,0.01,-1.10%,-8.20%,3.60%,8.20%,"$61,005.00 ",0,100 Million, - ,0.01,-1.1,-8.2,3.6,8.2,61005.0,,0.0,False,Unknown,,False,False
3821,StarChain,STC,0.13,-1.80%,-5.00%,-4.00%,17.10%,"$63,593.00 ",0,500 Million, - ,0.13,-1.8,-5.0,-4.0,17.1,63593.0,,0.0,False,Unknown,,False,False
3822,Double-A Chain,AAC, $-   ,-,-,-,-, - ,0,1 Billion, - ,,,,,,,,0.0,False,Unknown,,False,False
3823,SparksPay,SPK, $-   ,0.20%,-24.90%,1.00%,10.40%,$0.72 ,0,21 Million, - ,,0.2,-24.9,1.0,10.4,0.72,,0.0,False,Unknown,,False,False
3824,Halcyon,HAL, $-   ,0.20%,-0.40%,18.30%,18.30%,$0.08 ,0,-, - ,,0.2,-0.4,18.3,18.3,0.08,,0.0,False,Unknown,,False,False
3825,Decentralized Universal Basic Income,DUBI,1.59,0.10%,-9.30%,1.20%,33.20%,$160.00 ,0,1.19 Million, - ,1.59,0.1,-9.3,1.2,33.2,160.0,,0.0,False,Unknown,,False,False
3826,Purpose,PRPS,0.83,0.60%,-0.90%,-0.40%,44.70%,$553.00 ,0,9.21 Million, - ,0.83,0.6,-0.9,-0.4,44.7,553.0,,0.0,False,Unknown,,False,False
3827,Shping,SHPING, $-   ,0.00%,-1.50%,-3.00%,-12.60%,"$131,419.00 ",0,10 Billion, - ,,0.0,-1.5,-3.0,-12.6,131419.0,,0.0,False,Unknown,,False,False
3828,Cryptaur,CPT, $-   ,-0.40%,-0.30%,49.70%,1656.50%,$7.96 ,0,27.7 Billion, - ,,-0.4,-0.3,49.7,1656.5,7.96,,0.0,False,Unknown,,False,True
3829,Hyper Pay,HPY, $-   ,0.10%,3.60%,53.00%,72.40%,"$154,796.00 ",0,2.65 Billion, - ,,0.1,3.6,53.0,72.4,154796.0,,0.0,False,Unknown,,False,False
3830,Marscoin,MARS,0.07,-0.10%,2.80%,7.70%,27.80%,"$19,800.00 ",0,-, - ,0.07,-0.1,2.8,7.7,27.8,19800.0,,0.0,False,Unknown,,False,False
3831,Social Send,SEND, $-   ,0.50%,1.70%,-11.90%,46.40%,$0.11 ,0,65 Million, - ,,0.5,1.7,-11.9,46.4,0.11,,0.0,False,Unknown,,False,False
3832,CryptoSaga,SAGA, $-   ,-,-,-,-, - ,0,147 Million, - ,,,,,,,,0.0,False,Unknown,,False,False
3833,NevaCoin,NEVA,0.05,0.30%,27.90%,-96.10%,1106.80%,$694.00 ,0,5.43 Million, - ,0.05,0.3,27.9,-96.1,1106.8,694.0,,0.0,False,Unknown,,False,True
3834,KStarCoin,KSC, $-   ,-0.50%,-11.70%,9.30%,44.80%,"$2,461.00 ",0,450 Million, - ,,-0.5,-11.7,9.3,44.8,2461.0,,0.0,False,Unknown,,False,False
3835,Gaming Stars,GAMES,0.05,-0.10%,-8.20%,-9.50%,23.00%,"$74,968.00 ",0,102 Million, - ,0.05,-0.1,-8.2,-9.5,23.0,74968.0,,0.0,False,Unknown,,False,False
3836,Rotharium,RTH,0.44,0.10%,56.30%,-2.90%,-46.30%,$73.11 ,0,5.21 Million, - ,0.44,0.1,56.3,-2.9,-46.3,73.11,,0.0,False,Unknown,,False,False
3837,Rutheneum,RTH, $-   ,-,-,-,-, - ,0,3 Billion, - ,,,,,,,,0.0,False,Unknown,,False,False
3838,Bitcoin God,GOD,1.68,0.70%,0.90%,1.20%,18.50%,"$33,479.00 ",0,21 Million, - ,1.68,0.7,0.9,1.2,18.5,33479.0,,0.0,False,Unknown,,False,False
3839,Cryptyk,CTK, $-   ,-1.40%,-2.90%,-10.60%,22.00%,"$11,572.00 ",0,750 Million, - ,,-1.4,-2.9,-10.6,22.0,11572.0,,0.0,False,Unknown,,False,False
3840,P2P solutions foundation,P2PS,116.26,0.30%,2.00%,0.80%,20.80%,"$4,949,481.00 ",0,10 Billion, - ,116.26,0.3,2.0,0.8,20.8,4949481.0,,0.0,False,Unknown,,False,False
3841,Quebecoin,QBC, $-   ,-,-,-,-, - ,0,∞, - ,,,,,,,,0.0,False,Unknown,,False,False
3842,Modex,MODEX,0.10,-1.90%,20.70%,27.90%,-18.30%,"$13,007.00 ",0,266 Million, - ,0.1,-1.9,20.7,27.9,-18.3,13007.0,,0.0,False,Unknown,,False,False
3843,MktCoin,MKT, $-   ,-0.30%,-7.70%,-5.00%,-55.30%,$1.18 ,0,10 Billion, - ,,-0.3,-7.7,-5.0,-55.3,1.18,,0.0,False,Unknown,,False,False
3844,Konstellation,DARC, $-   ,-0.20%,-8.90%,82.60%,78.00%,"$82,480.00 ",0,1 Billion, - ,,-0.2,-8.9,82.6,78.0,82480.0,,0.0,False,Unknown,,False,False
3845,WETH,WETH,"2,027.43",0.20%,2.10%,0.90%,21.20%,"$2,110,024,206.00 ",0,3.06 Million, - ,2027.43,0.2,2.1,0.9,21.2,2110024206.0,,0.0,False,Unknown,,False,False
3846,Open Platform,OPEN, $-   ,-3.50%,-11.20%,-3.90%,2.80%,"$32,467.00 ",0,1.75 Billion, - ,,-3.5,-11.2,-3.9,2.8,32467.0,,0.0,False,Unknown,,False,False
3847,LooksCoin,LOOK, $-   ,-0.20%,-0.10%,-0.10%,-0.10%,"$10,293.00 ",0,1 Billion, - ,,-0.2,-0.1,-0.1,-0.1,10293.0,,0.0,False,Unknown,,False,False
3848,LemoChain,LEMO, $-   ,0.20%,-3.40%,-1.60%,17.80%,"$36,130.00 ",0,1.6 Billion, - ,,0.2,-3.4,-1.6,17.8,36130.0,,0.0,False,Unknown,,False,False
3849,GoCrypto,GOC, $-   ,-0.60%,2.70%,11.20%,-53.40%,"$182,725.00 ",0,328 Million, - ,,-0.6,2.7,11.2,-53.4,182725.0,,0.0,False,Unknown,,False,False
3850,Invox Finance,INVOX,0.01,0.00%,0.00%,0.00%,0.00%, $-   ,0,464 Million, - ,0.01,0.0,0.0,0.0,0.0,,,0.0,False,Unknown,,False,False
3851,Iagon,IAG,0.08,-0.20%,4.90%,20.30%,40.00%,"$159,628.00 ",0,1 Billion, - ,0.08,-0.2,4.9,20.3,40.0,159628.0,,0.0,False,Unknown,,False,False
3852,ABBC,ABBC,0.03,0.90%,-5.30%,-14.10%,-15.80%,"$10,412,804.00 ",0,-, - ,0.03,0.9,-5.3,-14.1,-15.8,10412804.0,,0.0,False,Unknown,,False,False
3853,Seele,SEELE, $-   ,-,-,-,-, - ,0,30 Billion, - ,,,,,,,,0.0,False,Unknown,,False,False
3854,Virtue Poker Points,VPP, $-   ,-11.20%,-22.30%,-28.00%,63.60%,"$9,031.00 ",0,500 Million, - ,,-11.2,-22.3,-28.0,63.6,9031.0,,0.0,False,Unknown,,False,False
3855,CENNZnet,CENNZ,0.02,-13.70%,-1.00%,3.10%,33.90%,"$67,915.00 ",0,1.2 Billion, - ,0.02,-13.7,-1.0,3.1,33.9,67915.0,,0.0,False,Unknown,,False,False
3856,Bitcoin Private,BTCP,0.74,-,-,-,-, - ,0,21 Million, - ,0.74,,,,,,,0.0,False,Unknown,,False,False
3857,Niobio,NBR,0.01,,249.80%,243.90%,126.20%,$25.63 ,0,336 Million, - ,0.01,,249.8,243.9,126.2,25.63,,0.0,False,Unknown,,False,False
3858,OMEGA,OMEGA, $-   ,0.20%,-1.80%,0.50%,-58.90%,$4.33 ,0,33 Million, - ,,0.2,-1.8,0.5,-58.9,4.33,,0.0,False,Unknown,,False,False
3859,Dinero,DIN, $-   ,0.30%,0.80%,34.60%,18.40%,$2.33 ,0,100 Million, - ,,0.3,0.8,34.6,18.4,2.33,,0.0,False,Unknown,,False,False
3860,Appics,APX, $-   ,-,-,-,-, - ,0,240 Million, - ,,,,,,,,0.0,False,Unknown,,False,False
3861,Invictus Hyperion Fund,IHF,0.03,-,-,-,-, - ,0,123 Million, - ,0.03,,,,,,,0.0,False,Unknown,,False,False
3862,Monero-Classic,XMC,0.33,0.20%,0.10%,1.30%,9.20%,"$19,183.00 ",0,-, - ,0.33,0.2,0.1,1.3,9.2,19183.0,,0.0,False,Unknown,,False,False
3863,Uhive,HVE2, $-   ,1.10%,-2.10%,6.40%,7.40%,"$93,606.00 ",0,60 Billion, - ,,1.1,-2.1,6.4,7.4,93606.0,,0.0,False,Unknown,,False,False
3864,Pigeoncoin,PGN, $-   ,-,-,-,-, - ,0,21 Billion, - ,,,,,,,,0.0,False,Unknown,,False,False
3865,CyberVein,CVT, $-   ,2.00%,-1.10%,-4.50%,25.10%,"$27,547.00 ",0,2.15 Billion, - ,,2.0,-1.1,-4.5,25.1,27547.0,,0.0,False,Unknown,,False,False
3866,BidiPass,BDP, $-   ,-,-,-,-, - ,0,1.5 Billion, - ,,,,,,,,0.0,False,Unknown,,False,False
3867,Ombre,OMB, $-   ,-0.30%,-4.20%,-12.50%,5.20%,$2.73 ,0,1 Billion, - ,,-0.3,-4.2,-12.5,5.2,2.73,,0.0,False,Unknown,,False,False
3868,MYCE,YCE, $-   ,4.80%,-1.30%,-24.20%,-10.90%,$30.08 ,0,250 Million, - ,,4.8,-1.3,-24.2,-10.9,30.08,,0.0,False,Unknown,,False,False
3869,FuturoCoin,FTO, $-   ,0.30%,97.10%,101.80%,136.60%,$12.24 ,0,100 Million, - ,,0.3,97.1,101.8,136.6,12.24,,0.0,False,Unknown,,False,False
3870,PlatinCoin,PLC,0.01,-1.60%,-87.60%,-26.60%,-87.20%,$271.00 ,0,600 Million, - ,0.01,-1.6,-87.6,-26.6,-87.2,271.0,,0.0,False,Unknown,,False,False
3871,Typerium,TYPE, $-   ,-0.10%,0.00%,3.40%,-11.60%, $-   ,0,2 Billion, - ,,-0.1,0.0,3.4,-11.6,,,0.0,False,Unknown,,False,False
3872,ZCore [OLD],ZCR, $-   ,-,-,-,-, - ,0,1.33 Million, - ,,,,,,,,0.0,False,Unknown,,False,False
3873,Innovative Bioresearch Coin,INNBC, $-   ,-,-,-,-, - ,0,14.6 Trillion, - ,,,,,,,,0.0,False,Unknown,,False,False
3874,Agricoin,AGN,0.01,-3.80%,-9.20%,-7.00%,9.20%,$60.00 ,0,50 Million, - ,0.01,-3.8,-9.2,-7.0,9.2,60.0,,0.0,False,Unknown,,False,False
3875,GlitzKoin,GTN,0.05,0.20%,-0.10%,-0.20%,-0.40%,$183.00 ,0,999 Million, - ,0.05,0.2,-0.1,-0.2,-0.4,183.0,,0.0,False,Unknown,,False,False
3876,ZEON Network,ZEON, $-   ,-0.20%,-0.40%,2.30%,-3.80%,"$27,310.00 ",0,50 Billion, - ,,-0.2,-0.4,2.3,-3.8,27310.0,,0.0,False,Unknown,,False,False
3877,Hippocrat,HPO,0.09,1.60%,-5.20%,-1.10%,22.50%,"$4,802,004.00 ",0,1.08 Billion, - ,0.09,1.6,-5.2,-1.1,22.5,4802004.0,,0.0,False,Unknown,,False,False
3878,Taler,TLR, $-   ,-,-,-,-, - ,0,23 Million, - ,,,,,,,,0.0,False,Unknown,,False,False
3879,Global Social Chain,GSC, $-   ,-4.50%,3.70%,4.00%,24.30%,"$10,125.00 ",0,1 Billion, - ,,-4.5,3.7,4.0,24.3,10125.0,,0.0,False,Unknown,,False,False
3880,Newton Project,NEW, $-   ,-0.50%,2.30%,0.40%,-3.80%,"$141,327.00 ",0,100 Billion, - ,,-0.5,2.3,0.4,-3.8,141327.0,,0.0,False,Unknown,,False,False
3881,Endor Protocol,EDR, $-   ,29.60%,3.80%,56.40%,-64.90%,$540.00 ,0,1.5 Billion, - ,,29.6,3.8,56.4,-64.9,540.0,,0.0,False,Unknown,,False,False
3882,Elya,ELYA, $-   ,-,-,-,-, - ,0,1 Billion, - ,,,,,,,,0.0,False,Unknown,,False,False
3883,Peony Coin,PNY, $-   ,0.30%,-5.30%,8.20%,-34.00%,$40.94 ,0,574 Million, - ,,0.3,-5.3,8.2,-34.0,40.94,,0.0,False,Unknown,,False,False
3884,PRiVCY,PRIV, $-   ,0.40%,1.70%,0.00%,6.00%,$2.22 ,0,30 Million, - ,,0.4,1.7,0.0,6.0,2.22,,0.0,False,Unknown,,False,False
3885,PlayChip,PLA, $-   ,0.20%,-2.50%,-59.40%,-48.70%,$14.60 ,0,50 Billion, - ,,0.2,-2.5,-59.4,-48.7,14.6,,0.0,False,Unknown,,False,False
3886,ioeX,IOEX, $-   ,-6.60%,0.10%,10.10%,-3.30%,$952.00 ,0,200 Million, - ,,-6.6,0.1,10.1,-3.3,952.0,,0.0,False,Unknown,,False,False
3887,TronClassic,TRXC, $-   ,,1.50%,35.80%,10.00%,$70.44 ,0,1 Trillion, - ,,,1.5,35.8,10.0,70.44,,0.0,False,Unknown,,False,False
3888,4ART Coin,4ART, $-   ,0.10%,0.00%,-79.20%,-77.00%,$85.46 ,0,3.51 Billion, - ,,0.1,0.0,-79.2,-77.0,85.46,,0.0,False,Unknown,,False,False
3889,DxChain,DX, $-   ,-0.10%,-1.30%,1.40%,2.60%,"$39,991.00 ",0,100 Billion, - ,,-0.1,-1.3,1.4,2.6,39991.0,,0.0,False,Unknown,,False,False
3890,PERL.eco,PERL,0.02,0.10%,-4.80%,-11.20%,-2.70%,"$1,816,665.00 ",0,1.02 Billion, - ,0.02,0.1,-4.8,-11.2,-2.7,1816665.0,,0.0,False,Unknown,,False,False
3891,BitCanna,BCNA,0.01,-0.40%,-4.80%,-10.30%,61.10%,"$5,785.00 ",0,427 Million, - ,0.01,-0.4,-4.8,-10.3,61.1,5785.0,,0.0,False,Unknown,,False,False
3892,Actinium,ACM, $-   ,0.30%,47.90%,0.90%,-11.30%,$74.87 ,0,84 Million, - ,,0.3,47.9,0.9,-11.3,74.87,,0.0,False,Unknown,,False,False
3893,Bittwatt,BWT, $-   ,-,-,-,-, - ,0,339 Million, - ,,,,,,,,0.0,False,Unknown,,False,False
3894,Beyond Protocol,BP, $-   ,-0.40%,3.50%,8.30%,-16.40%,"$15,499.00 ",0,500 Million, - ,,-0.4,3.5,8.3,-16.4,15499.0,,0.0,False,Unknown,,False,False
3895,DigiFinex,DFT,0.01,-0.30%,0.50%,-4.40%,15.60%,"$2,332,902.00 ",0,2.1 Billion, - ,0.01,-0.3,0.5,-4.4,15.6,2332902.0,,0.0,False,Unknown,,False,False
3896,MoneroV,XMV, $-   ,11.30%,-1.40%,0.90%,97.20%,$126.00 ,0,27 Million, - ,,11.3,-1.4,0.9,97.2,126.0,,0.0,False,Unknown,,False,False
3897,Atlas Protocol,ATP, $-   ,-1.00%,-6.30%,-7.00%,1.80%,"$31,034.00 ",0,10 Billion, - ,,-1.0,-6.3,-7.0,1.8,31034.0,,0.0,False,Unknown,,False,False
3898,One,ONE, $-   ,0.80%,0.00%,-5.40%,-14.20%,"$609,524.00 ",0,12.7 Billion, - ,,0.8,0.0,-5.4,-14.2,609524.0,,0.0,False,Unknown,,False,False
3899,Lightyears,YEAR,0.02,0.30%,-2.90%,-0.50%,15.10%,$92.61 ,0,71.2 Billion, - ,0.02,0.3,-2.9,-0.5,15.1,92.61,,0.0,False,Unknown,,False,False
3900,Nerva,XNV,0.01,0.20%,2.10%,-30.30%,-27.00%,$4.87 ,0,18 Million, - ,0.01,0.2,2.1,-30.3,-27.0,4.87,,0.0,False,Unknown,,False,False
3901,Rootstock RSK,RBTC,"36,311.47",-0.20%,-1.30%,1.10%,18.80%,"$368,751.00 ",0,21 Million, - ,36311.47,-0.2,-1.3,1.1,18.8,368751.0,,0.0,False,Unknown,,False,False
3902,Help The Homeless Coin,HTH, $-   ,0.50%,69.10%,161.00%,261.10%,$298.00 ,0,128 Million, - ,,0.5,69.1,161.0,261.1,298.0,,0.0,False,Unknown,,False,False
3903,Action Coin,ACTN, $-   ,0.00%,-1.00%,-1.10%,0.60%,$572.00 ,0,2 Billion, - ,,0.0,-1.0,-1.1,0.6,572.0,,0.0,False,Unknown,,False,False
3904,VIDY,VIDY, $-   ,-0.30%,-1.00%,-2.20%,-8.00%,"$34,426.00 ",0,10 Billion, - ,,-0.3,-1.0,-2.2,-8.0,34426.0,,0.0,False,Unknown,,False,False
3905,Cloudbric,CLBK, $-   ,3.20%,2.80%,-6.20%,5.90%,"$5,923.00 ",0,990 Million, - ,,3.2,2.8,-6.2,5.9,5923.0,,0.0,False,Unknown,,False,False
3906,Acreage Coin,ACR, $-   ,-,-,-,-, - ,0,1 Billion, - ,,,,,,,,0.0,False,Unknown,,False,False
3907,Conscious Value Network,CVNT,0.55,-1.70%,-2.10%,1.40%,3.90%,"$25,781.00 ",0,1 Billion, - ,0.55,-1.7,-2.1,1.4,3.9,25781.0,,0.0,False,Unknown,,False,False
3908,Fox Trading,FOXT, $-   ,-,-,-,-, - ,0,9.25 Million, - ,,,,,,,,0.0,False,Unknown,,False,False
3909,INFLIV,IFV, $-   ,0.10%,-0.60%,0.50%,-1.40%,$224.00 ,0,70 Million, - ,,0.1,-0.6,0.5,-1.4,224.0,,0.0,False,Unknown,,False,False
3910,Bitforex,BF, $-   ,-0.10%,-0.10%,12.10%,14.10%,"$1,173,523.00 ",0,10 Billion, - ,,-0.1,-0.1,12.1,14.1,1173523.0,,0.0,False,Unknown,,False,False
3911,Lynx,LYNX, $-   ,0.30%,-2.90%,27.80%,9.90%,$7.58 ,0,92 Billion, - ,,0.3,-2.9,27.8,9.9,7.58,,0.0,False,Unknown,,False,False
3912,Citadel,CTL, $-   ,0.30%,18.30%,1.10%,-45.20%,$164.00 ,0,18.5 Million, - ,,0.3,18.3,1.1,-45.2,164.0,,0.0,False,Unknown,,False,False
3913,LINA,LINA, $-   ,,-24.10%,-51.00%,-6.90%,$0.29 ,0,900 Million, - ,,,-24.1,-51.0,-6.9,0.29,,0.0,False,Unknown,,False,False
3914,Nasdacoin,NSD, $-   ,-1.60%,-2.10%,-6.70%,16.00%,"$4,482.00 ",0,84 Million, - ,,-1.6,-2.1,-6.7,16.0,4482.0,,0.0,False,Unknown,,False,False
3915,Insureum,ISR, $-   ,-0.20%,10.20%,-9.20%,-5.80%,$22.65 ,0,297 Million, - ,,-0.2,10.2,-9.2,-5.8,22.65,,0.0,False,Unknown,,False,False
3916,BaaSid,BAAS, $-   ,-0.20%,-6.10%,-5.60%,8.00%,"$10,653.00 ",0,10 Billion, - ,,-0.2,-6.1,-5.6,8.0,10653.0,,0.0,False,Unknown,,False,False
3917,CyberFM,CYFM, $-   ,0.30%,0.00%,0.00%,100.80%,$0.10 ,0,138 Billion, - ,,0.3,0.0,0.0,100.8,0.1,,0.0,False,Unknown,,False,False
3918,Venox,VNX,0.01,-,-,-,-, - ,0,60 Million, - ,0.01,,,,,,,0.0,False,Unknown,,False,False
3919,Manna,MANNA, $-   ,0.20%,-12.00%,-16.70%,-96.50%,$26.50 ,0,-, - ,,0.2,-12.0,-16.7,-96.5,26.5,,0.0,False,Unknown,,False,False
3920,Ad Flex,ADF,0.14,,-1.30%,-4.60%,-16.80%,"$14,733.00 ",0,1 Billion, - ,0.14,,-1.3,-4.6,-16.8,14733.0,,0.0,False,Unknown,,False,False
3921,Vankia Chain,VKT, $-   ,0.00%,9.00%,-12.10%,10.70%,"$34,028.00 ",0,1 Billion, - ,,0.0,9.0,-12.1,10.7,34028.0,,0.0,False,Unknown,,False,False
3922,EveryCoin,EVY, $-   ,-0.10%,3.70%,4.20%,-36.90%,$42.70 ,0,88.8 Billion, - ,,-0.1,3.7,4.2,-36.9,42.7,,0.0,False,Unknown,,False,False
3923,SCRIV,SCRIV, $-   ,0.50%,1.70%,-2.60%,-2.90%,$0.36 ,0,150 Million, - ,,0.5,1.7,-2.6,-2.9,0.36,,0.0,False,Unknown,,False,False
3924,Dextro,DXO, $-   ,-,-,-,-, - ,0,25 Million, - ,,,,,,,,0.0,False,Unknown,,False,False
3925,Moments Market,MMT, $-   ,0.50%,1.00%,107.80%,208.60%,$0.02 ,0,10 Million, - ,,0.5,1.0,107.8,208.6,0.02,,0.0,False,Unknown,,False,False
3926,Ontology Gas,ONG,0.32,0.50%,-5.60%,-8.40%,25.60%,"$3,763,231.00 ",0,1 Billion, - ,0.32,0.5,-5.6,-8.4,25.6,3763231.0,,0.0,False,Unknown,,False,False
3927,01coin,ZOC, $-   ,0.00%,155.30%,578.50%,596.80%,$29.66 ,0,65.7 Million, - ,,0.0,155.3,578.5,596.8,29.66,,0.0,False,Unknown,,False,False
3928,Cryptoflow,CFL, $-   ,0.40%,-1.80%,0.60%,-13.00%,$5.84 ,0,1.56 Billion, - ,,0.4,-1.8,0.6,-13.0,5.84,,0.0,False,Unknown,,False,False
3929,RealTract,RET, $-   ,-,-,-,-, - ,0,100 Billion, - ,,,,,,,,0.0,False,Unknown,,False,False
3930,SWTCoin,SWAT, $-   ,0.60%,-74.70%,-76.20%,-44.60%,$6.77 ,0,2 Billion, - ,,0.6,-74.7,-76.2,-44.6,6.77,,0.0,False,Unknown,,False,False
3931,ANON,ANON,0.01,-,-,-,-, - ,0,20.2 Million, - ,0.01,,,,,,,0.0,False,Unknown,,False,False
3932,smARTOFGIVING,AOG,0.63,2.00%,0.40%,-0.10%,1.80%,"$15,423.00 ",0,1.97 Billion, - ,0.63,2.0,0.4,-0.1,1.8,15423.0,,0.0,False,Unknown,,False,False
3933,WayaWolfCoin,WW, $-   ,-,-,-,-, - ,0,10.5 Million, - ,,,,,,,,0.0,False,Unknown,,False,False
3934,Bloc.Money,BLOC, $-   ,-24.90%,-1.50%,101.80%,136.60%,$39.78 ,0,50 Million, - ,,-24.9,-1.5,101.8,136.6,39.78,,0.0,False,Unknown,,False,False
3935,TEMCO,TEMCO, $-   ,0.20%,-1.70%,-0.50%,0.90%,"$47,595.00 ",0,6 Billion, - ,,0.2,-1.7,-0.5,0.9,47595.0,,0.0,False,Unknown,,False,False
3936,ILCOIN,ILC, $-   ,2.30%,12.90%,6.90%,-16.60%,"$5,406.00 ",0,2.5 Billion, - ,,2.3,12.9,6.9,-16.6,5406.0,,0.0,False,Unknown,,False,False
3937,Tenup,TUP,0.02,0.00%,-0.90%,-7.90%,-6.00%,"$103,012.00 ",0,57 Million, - ,0.02,0.0,-0.9,-7.9,-6.0,103012.0,,0.0,False,Unknown,,False,False
3938,Student Coin,STC, $-   ,-0.60%,0.30%,7.00%,-2.30%,"$13,230.00 ",0,10 Billion, - ,,-0.6,0.3,7.0,-2.3,13230.0,,0.0,False,Unknown,,False,False
3939,Helpico,HELP,0.05,0.00%,0.00%,0.00%,0.00%, $-   ,0,20 Million, - ,0.05,0.0,0.0,0.0,0.0,,,0.0,False,Unknown,,False,False
3940,EchoSoraCoin,ESRC, $-   ,-8.90%,-10.30%,-8.10%,31.90%,$7.19 ,0,144 Million, - ,,-8.9,-10.3,-8.1,31.9,7.19,,0.0,False,Unknown,,False,False
3941,Menapay,MPAY, $-   ,0.20%,-1.50%,1.00%,12.70%,$284.00 ,0,400 Million, - ,,0.2,-1.5,1.0,12.7,284.0,,0.0,False,Unknown,,False,False
3942,MINDOL,MIN, $-   ,-,-,-,-, - ,0,240 Million, - ,,,,,,,,0.0,False,Unknown,,False,False
3943,ClassicBitcoin,CBTC, $-   ,,-26.50%,5.20%,5.00%, $-   ,0,20.9 Million, - ,,,-26.5,5.2,5.0,,,0.0,False,Unknown,,False,False
3944,QMCoin,QMC, $-   ,1.20%,-0.60%,-19.90%,-9.30%,"$7,775.00 ",0,42 Million, - ,,1.2,-0.6,-19.9,-9.3,7775.0,,0.0,False,Unknown,,False,False
3945,Ecoreal Estate,ECOREAL,0.14,-,-,-,-, - ,0,1 Billion, - ,0.14,,,,,,,0.0,False,Unknown,,False,False
3946,MAX,MAX,0.21,-0.10%,-0.10%,1.80%,3.20%,"$66,074.00 ",0,500 Million, - ,0.21,-0.1,-0.1,1.8,3.2,66074.0,,0.0,False,Unknown,,False,False
3947,Qredit,XQR,0.01,0.40%,-1.30%,1.10%,18.80%,$24.69 ,0,∞, - ,0.01,0.4,-1.3,1.1,18.8,24.69,,0.0,False,Unknown,,False,False
3948,Recovery Right,RRT,0.80,0.00%,0.00%,0.00%,0.00%,$400.00 ,0,-, - ,0.8,0.0,0.0,0.0,0.0,400.0,,0.0,False,Unknown,,False,False
3949,Zaif,ZAIF, $-   ,0.10%,-5.70%,-2.30%,49.90%,"$4,231.00 ",0,-, - ,,0.1,-5.7,-2.3,49.9,4231.0,,0.0,False,Unknown,,False,False
3950,FISCO Coin,FSCC,0.36,0.60%,0.90%,0.00%,-39.90%,$563.00 ,0,50 Million, - ,0.36,0.6,0.9,0.0,-39.9,563.0,,0.0,False,Unknown,,False,False
3951,CAICA Coin,CICC,0.03,-0.20%,-1.60%,2.20%,-39.10%,$655.00 ,0,300 Million, - ,0.03,-0.2,-1.6,2.2,-39.1,655.0,,0.0,False,Unknown,,False,False
3952,Volentix,VTX, $-   ,-,-,-,-, - ,0,2.1 Billion, - ,,,,,,,,0.0,False,Unknown,,False,False
3953,GoldKash,XGK, $-   ,-0.10%,-2.90%,-6.30%,2.20%, $-   ,0,25 Billion, - ,,-0.1,-2.9,-6.3,2.2,,,0.0,False,Unknown,,False,False
3954,Huobi Pool,HPT, $-   ,0.90%,-3.10%,-3.50%,-7.40%,$66.29 ,0,10 Billion, - ,,0.9,-3.1,-3.5,-7.4,66.29,,0.0,False,Unknown,,False,False
3955,CoinClaim,CLM, $-   ,-2.70%,-2.00%,-6.80%,-26.00%,"$5,444.00 ",0,2 Billion, - ,,-2.7,-2.0,-6.8,-26.0,5444.0,,0.0,False,Unknown,,False,False
3956,ThreeFold,TFT,0.01,0.10%,0.70%,6.70%,14.80%,"$1,163.00 ",0,4 Billion, - ,0.01,0.1,0.7,6.7,14.8,1163.0,,0.0,False,Unknown,,False,False
3957,SoPay,SOP, $-   ,-1.80%,-3.70%,-3.70%,0.60%,"$29,954.00 ",0,4.5 Billion, - ,,-1.8,-3.7,-3.7,0.6,29954.0,,0.0,False,Unknown,,False,False
3958,ZenSports,SPORTS, $-   ,0.70%,3.20%,-13.00%,-13.30%,"$18,222.00 ",0,5.02 Billion, - ,,0.7,3.2,-13.0,-13.3,18222.0,,0.0,False,Unknown,,False,False
3959,UraniumX,URX,0.78,-,-,-,-, - ,0,235 Thousand, - ,0.78,,,,,,,0.0,False,Unknown,,False,False
3960,WemergeToken,MRG, $-   ,0.00%,0.00%,0.00%,0.00%, $-   ,0,1 Billion, - ,,0.0,0.0,0.0,0.0,,,0.0,False,Unknown,,False,False
3961,BOTXCOIN,BOTX, $-   ,-3.60%,-4.40%,-7.30%,-1.80%,"$3,752.00 ",0,5 Billion, - ,,-3.6,-4.4,-7.3,-1.8,3752.0,,0.0,False,Unknown,,False,False
3962,Locus Chain,LOCUS,0.01,0.10%,1.70%,-3.20%,-21.40%,"$14,611.00 ",0,7 Billion, - ,0.01,0.1,1.7,-3.2,-21.4,14611.0,,0.0,False,Unknown,,False,False
3963,FRED Energy,FRED, $-   ,-1.10%,7.00%,-27.20%,0.40%,$860.00 ,0,808 Million, - ,,-1.1,7.0,-27.2,0.4,860.0,,0.0,False,Unknown,,False,False
3964,EthereumX,ETX, $-   ,9.20%,-1.00%,-17.40%,14.70%,$46.69 ,0,100 Million, - ,,9.2,-1.0,-17.4,14.7,46.69,,0.0,False,Unknown,,False,False
3965,AgaveCoin,AGVC, $-   ,-,-,-,-, - ,0,35 Billion, - ,,,,,,,,0.0,False,Unknown,,False,False
3966,Beacon,BECN, $-   ,0.40%,17.70%,4.30%,-61.20%,$0.39 ,0,44.2 Million, - ,,0.4,17.7,4.3,-61.2,0.39,,0.0,False,Unknown,,False,False
3967,HireVibes,VIBES, $-   ,,1.40%,-7.90%,-58.00%,$0.03 ,0,350 Million, - ,,,1.4,-7.9,-58.0,0.03,,0.0,False,Unknown,,False,False
3968,Football Coin,XFC,0.01,-0.10%,-0.40%,-0.40%,1.10%,"$95,048.00 ",0,1 Billion, - ,0.01,-0.1,-0.4,-0.4,1.1,95048.0,,0.0,False,Unknown,,False,False
3969,HedgeTrade,HEDG,0.02,-4.10%,-3.20%,-18.10%,-31.10%,"$5,238.00 ",0,1 Billion, - ,0.02,-4.1,-3.2,-18.1,-31.1,5238.0,,0.0,False,Unknown,,False,False
3970,SonoCoin,SONO, $-   ,0.00%,5.20%,-15.20%,-49.80%,$13.26 ,0,129 Million, - ,,0.0,5.2,-15.2,-49.8,13.26,,0.0,False,Unknown,,False,False
3971,PlayGame,PXG, $-   ,0.10%,0.80%,-2.20%,11.60%,$9.57 ,0,1 Billion, - ,,0.1,0.8,-2.2,11.6,9.57,,0.0,False,Unknown,,False,False
3972,Cajutel,CAJ,0.63,11.50%,3.30%,22.40%,11.10%,"$5,946.00 ",0,1.78 Million, - ,0.63,11.5,3.3,22.4,11.1,5946.0,,0.0,False,Unknown,,False,False
3973,eXPerience Chain,XPC, $-   ,-0.20%,-0.30%,0.50%,12.30%,"$11,038.00 ",0,-, - ,,-0.2,-0.3,0.5,12.3,11038.0,,0.0,False,Unknown,,False,False
3974,Levolution,LEVL,0.01,-,-,-,-, - ,0,311 Million, - ,0.01,,,,,,,0.0,False,Unknown,,False,False
3975,S4FE,S4F, $-   ,-,-,-,-, - ,0,1 Billion, - ,,,,,,,,0.0,False,Unknown,,False,False
3976,Bitcoin Faith,BTF,7.30,0.10%,-8.60%,-7.80%,146.80%,"$26,811.00 ",0,-, - ,7.3,0.1,-8.6,-7.8,146.8,26811.0,,0.0,False,Unknown,,False,False
3977,BMCHAIN,BMT,4.48,-0.10%,0.10%,-0.10%,0.20%,"$203,716.00 ",0,91.9 Million, - ,4.48,-0.1,0.1,-0.1,0.2,203716.0,,0.0,False,Unknown,,False,False
3978,Atheneum,AEM, $-   ,0.60%,-26.40%,49.10%,193.20%,$3.51 ,0,100 Million, - ,,0.6,-26.4,49.1,193.2,3.51,,0.0,False,Unknown,,False,False
3979,Veco,VECO, $-   ,12.80%,-1.40%,127.40%,113.70%,$122.00 ,0,40 Million, - ,,12.8,-1.4,127.4,113.7,122.0,,0.0,False,Unknown,,False,False
3980,Atomic Wallet Coin,AWC,0.13,,-1.40%,10.40%,73.70%,$891.00 ,0,100 Million, - ,0.13,,-1.4,10.4,73.7,891.0,,0.0,False,Unknown,,False,False
3981,Slimcoin,SLM, $-   ,0.20%,-1.60%,1.10%,18.40%,$8.17 ,0,250 Million, - ,,0.2,-1.6,1.1,18.4,8.17,,0.0,False,Unknown,,False,False
3982,Flowchain,FLC,0.01,-,-,-,-, - ,0,1 Billion, - ,0.01,,,,,,,0.0,False,Unknown,,False,False
3983,Stem Cell Coin,SCC, $-   ,0.00%,0.30%,4.20%,20.30%,$0.01 ,0,5 Billion, - ,,0.0,0.3,4.2,20.3,0.01,,0.0,False,Unknown,,False,False
3984,CONUN,CON, $-   ,-2.00%,-5.30%,-14.30%,-35.70%,"$128,876.00 ",0,5 Billion, - ,,-2.0,-5.3,-14.3,-35.7,128876.0,,0.0,False,Unknown,,False,False
3985,Chimpion,BNANA,0.01,-0.90%,-5.10%,5.80%,-37.30%,"$134,703.00 ",0,-, - ,0.01,-0.9,-5.1,5.8,-37.3,134703.0,,0.0,False,Unknown,,False,False
3986,SpectreSecurityCoin,XSPC, $-   ,0.30%,-1.40%,2.30%,20.10%,$124.00 ,0,500 Million, - ,,0.3,-1.4,2.3,20.1,124.0,,0.0,False,Unknown,,False,False
3987,Dogz,DOGZ, $-   ,-0.20%,4.40%,5.30%,21.20%,"$241,093.00 ",0,100 Billion, - ,,-0.2,4.4,5.3,21.2,241093.0,,0.0,False,Unknown,,False,False
3988,Stably USDS,USDS, $-   ,-,-,-,-, - ,0,161 Thousand, - ,,,,,,,,0.0,False,Unknown,,False,False
3989,BitTorrent [OLD],BTTOLD, $-   ,1.00%,-6.00%,-9.20%,13.60%,"$9,729.00 ",0,990 Billion, - ,,1.0,-6.0,-9.2,13.6,9729.0,,0.0,False,Unknown,,False,False
3990,Mobile Crypto Pay Coin,MCPC, $-   ,-1.50%,-3.10%,0.90%,18.30%,$69.66 ,0,21 Million, - ,,-1.5,-3.1,0.9,18.3,69.66,,0.0,False,Unknown,,False,False
3991,Vip Coin,VIP, $-   ,-,-,-,-, - ,0,1 Million, - ,,,,,,,,0.0,False,Unknown,,False,False
3992,BITO Coin,BITO,0.08,0.30%,-0.10%,3.00%,23.50%,"$9,953.00 ",0,500 Million, - ,0.08,0.3,-0.1,3.0,23.5,9953.0,,0.0,False,Unknown,,False,False
3993,AEUR,AEUR,1.87,-,-,-,-, - ,0,10 Million, - ,1.87,,,,,,,0.0,False,Unknown,,False,False
3994,BuckHath Coin,BHIG,0.04,0.30%,-5.60%,0.20%,22.60%,$904.00 ,0,200 Million, - ,0.04,0.3,-5.6,0.2,22.6,904.0,,0.0,False,Unknown,,False,False
3995,Deutsche Digital Assets,ICNQ,0.05,-,-,-,-, - ,0,10 Million, - ,0.05,,,,,,,0.0,False,Unknown,,False,False
3996,Unification,FUND,0.15,0.60%,5.40%,-0.50%,-1.40%,"$17,523.00 ",0,122 Million, - ,0.15,0.6,5.4,-0.5,-1.4,17523.0,,0.0,False,Unknown,,False,False
3997,Meconcash,MCH,0.01,-1.80%,-0.50%,-5.70%,4.30%,"$54,534.00 ",0,1 Billion, - ,0.01,-1.8,-0.5,-5.7,4.3,54534.0,,0.0,False,Unknown,,False,False
3998,Elitium,EUM,0.04,,1.80%,-95.30%,-94.70%,$31.98 ,0,332 Million, - ,0.04,,1.8,-95.3,-94.7,31.98,,0.0,False,Unknown,,False,False
3999,BitCash,BITC, $-   ,0.30%,-1.40%,1.00%,18.70%,$222.00 ,0,100 Million, - ,,0.3,-1.4,1.0,18.7,222.0,,0.0,False,Unknown,,False,False
4000,iBitHub,IBH, $-   ,1.30%,3.80%,113.90%,-14.30%,$73.64 ,0,21 Million, - ,,1.3,3.8,113.9,-14.3,73.64,,0.0,False,Unknown,,False,False
4001,Runebase,RUNES, $-   ,-,-,-,-, - ,0,52.6 Billion, - ,,,,,,,,0.0,False,Unknown,,False,False
4002,ScopeCoin,XSCP, $-   ,-,-,-,-, - ,0,18 Million, - ,,,,,,,,0.0,False,Unknown,,False,False
4003,HAKI Token,HAKI,11.11,-,-,-,-, - ,0,10 Thousand, - ,11.11,,,,,,,0.0,False,Unknown,,False,False
4004,Doichain,DOI,0.51,0.90%,-1.10%,-8.30%,-90.50%,"$74,644.00 ",0,21 Million, - ,0.51,0.9,-1.1,-8.3,-90.5,74644.0,,0.0,False,Unknown,,False,False
4005,One World Coin,OWO, $-   ,103.40%,105.40%,198.90%,67.10%,$123.00 ,0,753 Million, - ,,103.4,105.4,198.9,67.1,123.0,,0.0,False,Unknown,,False,False
4006,BitcoinV,BTCV, $-   ,-5.60%,-7.20%,-4.90%,18.70%,$203.00 ,0,28 Million, - ,,-5.6,-7.2,-4.9,18.7,203.0,,0.0,False,Unknown,,False,False
4007,Cresio,XCRE,0.01,-0.50%,-1.20%,-15.40%,23.10%,$214.00 ,0,40 Million, - ,0.01,-0.5,-1.2,-15.4,23.1,214.0,,0.0,False,Unknown,,False,False
4008,EcoG9coin,EGC, $-   ,-,-,-,-, - ,0,10 Billion, - ,,,,,,,,0.0,False,Unknown,,False,False
4009,888tron,888,0.01,0.70%,-1.40%,0.10%,16.00%,$331.00 ,0,100 Million, - ,0.01,0.7,-1.4,0.1,16.0,331.0,,0.0,False,Unknown,,False,False
4010,MillenniumClub Coin [OLD],MCLB, $-   ,0.50%,-1.50%,1984.60%,1982.40%, $-   ,0,20 Million, - ,,0.5,-1.5,1984.6,1982.4,,,0.0,False,Unknown,,False,True
4011,Ultragate,ULG, $-   ,0.30%,-50.90%,7.00%,20.10%,$147.00 ,0,32 Million, - ,,0.3,-50.9,7.0,20.1,147.0,,0.0,False,Unknown,,False,False
4012,Maya Preferred,MAYP,"109,861.00",,-45.30%,-77.80%,-76.00%,$9.89 ,0,200 Million, - ,109861.0,,-45.3,-77.8,-76.0,9.89,,0.0,False,Unknown,,False,False
4013,LiquidApps,DAPP, $-   ,1.60%,-1.90%,-10.50%,-69.40%,$412.00 ,0,-, - ,,1.6,-1.9,-10.5,-69.4,412.0,,0.0,False,Unknown,,False,False
4014,Dequant,DEQ, $-   ,-3.00%,-4.70%,1.10%,-51.10%,$19.06 ,0,40 Million, - ,,-3.0,-4.7,1.1,-51.1,19.06,,0.0,False,Unknown,,False,False
4015,Naka Bodhi,NBOT, $-   ,0.10%,-5.20%,1.80%,6.20%,"$37,898.00 ",0,100 Million, - ,,0.1,-5.2,1.8,6.2,37898.0,,0.0,False,Unknown,,False,False
4016,BlockchainPoland,BCP,0.01,0.00%,-0.50%,13.50%,46.50%,$168.00 ,0,160 Million, - ,0.01,0.0,-0.5,13.5,46.5,168.0,,0.0,False,Unknown,,False,False
4017,ChangeNOW,NOW,0.07,,2.00%,-0.40%,19.60%,$599.00 ,0,200 Million, - ,0.07,,2.0,-0.4,19.6,599.0,,0.0,False,Unknown,,False,False
4018,Silvercashs,SVC, $-   ,-1.10%,-5.90%,-0.50%,15.20%, $-   ,0,250 Million, - ,,-1.1,-5.9,-0.5,15.2,,,0.0,False,Unknown,,False,False
4019,iOWN,IOWN, $-   ,-0.10%,0.00%,0.00%,-57.00%,$0.90 ,0,350 Million, - ,,-0.1,0.0,0.0,-57.0,0.9,,0.0,False,Unknown,,False,False
4020,Bellcoin,BELL, $-   ,,-1.00%,1.30%,4.40%,$0.05 ,0,200 Million, - ,,,-1.0,1.3,4.4,0.05,,0.0,False,Unknown,,False,False
4021,REDANCOIN,REDAN,0.03,-0.10%,0.00%,-0.10%,-0.10%,"$15,273.00 ",0,5 Billion, - ,0.03,-0.1,0.0,-0.1,-0.1,15273.0,,0.0,False,Unknown,,False,False
4022,PANTHEON X,XPN, $-   ,-,-,-,-, - ,0,800 Million, - ,,,,,,,,0.0,False,Unknown,,False,False
4023,Lichang,LC, $-   ,-,-,-,-, - ,0,100 Billion, - ,,,,,,,,0.0,False,Unknown,,False,False
4024,pEOS,PEOS, $-   ,-,-,-,-, - ,0,768 Million, - ,,,,,,,,0.0,False,Unknown,,False,False
4025,Beenode,BNODE,0.01,-0.20%,0.30%,-11.20%,-57.40%,$14.40 ,0,-, - ,0.01,-0.2,0.3,-11.2,-57.4,14.4,,0.0,False,Unknown,,False,False
4026,XT.com,XT,2.55,-0.40%,0.40%,-3.10%,16.10%,"$2,828,051.00 ",0,1 Billion, - ,2.55,-0.4,0.4,-3.1,16.1,2828051.0,,0.0,False,Unknown,,False,False
4027,Global Smart Asset,GSA,2.79,0.10%,-1.30%,-2.90%,39.30%,"$44,187.00 ",0,9 Million, - ,2.79,0.1,-1.3,-2.9,39.3,44187.0,,0.0,False,Unknown,,False,False
4028,STARX,STARX,0.12,-0.10%,-3.00%,0.40%,-0.60%,$679.00 ,0,1 Billion, - ,0.12,-0.1,-3.0,0.4,-0.6,679.0,,0.0,False,Unknown,,False,False
4029,Finexbox,FNB,1.09,0.20%,-1.40%,1.00%,18.40%,"$165,957.00 ",0,33.5 Million, - ,1.09,0.2,-1.4,1.0,18.4,165957.0,,0.0,False,Unknown,,False,False
4030,Koinon,KOIN,0.38,1.10%,1.00%,-27.80%,-61.90%,"$145,056.00 ",0,125 Million, - ,0.38,1.1,1.0,-27.8,-61.9,145056.0,,0.0,False,Unknown,,False,False
4031,Poseidon Network,QQQ, $-   ,-0.10%,-0.90%,13.40%,9.20%,$160.00 ,0,21 Billion, - ,,-0.1,-0.9,13.4,9.2,160.0,,0.0,False,Unknown,,False,False
4032,Aryacoin,AYA, $-   ,1.80%,2.30%,-7.10%,-22.50%,"$93,454.00 ",0,1.2 Billion, - ,,1.8,2.3,-7.1,-22.5,93454.0,,0.0,False,Unknown,,False,False
4033,Brazilian Digital,BRZ,0.20,0.20%,-1.00%,-1.00%,-13.20%,"$191,402.00 ",0,9 Million, - ,0.2,0.2,-1.0,-1.0,-13.2,191402.0,,0.0,False,Unknown,,False,False
4034,Sapphire,SAPP,0.01,-10.10%,-20.70%,10.40%,-14.90%,$381.00 ,0,1.31 Billion, - ,0.01,-10.1,-20.7,10.4,-14.9,381.0,,0.0,False,Unknown,,False,False
4035,VinDax Coin,VD,0.01,0.60%,-1.50%,1.20%,19.50%,"$10,313.00 ",0,125 Million, - ,0.01,0.6,-1.5,1.2,19.5,10313.0,,0.0,False,Unknown,,False,False
4036,XCELTOKEN PLUS,XLAB, $-   ,0.00%,0.00%,-9.60%,-34.40%,"$1,206.00 ",0,50 Billion, - ,,0.0,0.0,-9.6,-34.4,1206.0,,0.0,False,Unknown,,False,False
4037,Connectome,CNTM, $-   ,22.20%,11.20%,-19.20%,79.80%,"$142,361.00 ",0,140 Million, - ,,22.2,11.2,-19.2,79.8,142361.0,,0.0,False,Unknown,,False,False
4038,MDsquare,TMED, $-   ,-,-,-,-, - ,0,28 Billion, - ,,,,,,,,0.0,False,Unknown,,False,False
4039,VeggieCoin,VEGI, $-   ,0.30%,0.30%,0.30%,13.90%,$0.20 ,0,-, - ,,0.3,0.3,0.3,13.9,0.2,,0.0,False,Unknown,,False,False
4040,Metacoin,MTC,0.01,0.30%,34.40%,-49.50%,-49.30%,$805.00 ,0,2 Billion, - ,0.01,0.3,34.4,-49.5,-49.3,805.0,,0.0,False,Unknown,,False,False
4041,FIBOS,FO, $-   ,6.10%,8.80%,13.30%,50.40%,"$11,386.00 ",0,100 Billion, - ,,6.1,8.8,13.3,50.4,11386.0,,0.0,False,Unknown,,False,False
4042,Bitpanda Ecosystem,BEST,0.36,-9.00%,-9.50%,-8.60%,11.40%,$621.00 ,0,776 Million, - ,0.36,-9.0,-9.5,-8.6,11.4,621.0,,0.0,False,Unknown,,False,False
4043,Bitcoin BEP2,BTCB,"36,515.77",0.20%,-1.10%,0.90%,18.60%,"$4,623,459.00 ",0,9 Thousand, - ,36515.77,0.2,-1.1,0.9,18.6,4623459.0,,0.0,False,Unknown,,False,False
4044,NewYork Exchange,NYE,0.85,0.50%,0.40%,5833.50%,-9.40%,$267.00 ,0,600 Million, - ,0.85,0.5,0.4,5833.5,-9.4,267.0,,0.0,False,Unknown,,False,False
4045,TrustVerse,TRV,0.01,-,-,-,-, - ,0,1 Billion, - ,0.01,,,,,,,0.0,False,Unknown,,False,False
4046,Fashion Coin,FSHN, $-   ,-,-,-,-, - ,0,1 Trillion, - ,,,,,,,,0.0,False,Unknown,,False,False
4047,Hotelium,HTL,4.03,0.20%,-0.60%,-1.00%,1.20%,$106.00 ,0,490 Million, - ,4.03,0.2,-0.6,-1.0,1.2,106.0,,0.0,False,Unknown,,False,False
4048,Magic Cube Coin,MCC, $-   ,0.50%,-4.00%,0.50%,-5.60%,"$27,133.00 ",0,20 Billion, - ,,0.5,-4.0,0.5,-5.6,27133.0,,0.0,False,Unknown,,False,False
4049,Truefeedback,TFBX, $-   ,-0.60%,-5.00%,-18.40%,-40.80%,"$27,942.00 ",0,4.43 Billion, - ,,-0.6,-5.0,-18.4,-40.8,27942.0,,0.0,False,Unknown,,False,False
4050,Bitcoin Clashic,TNET, $-   ,0.40%,-13.60%,1.10%,18.80%,$18.60 ,0,21 Million, - ,,0.4,-13.6,1.1,18.8,18.6,,0.0,False,Unknown,,False,False
4051,Golden,GOLD,0.01,4.00%,-5.80%,-10.40%,3.60%,"$68,338.00 ",0,1 Million, - ,0.01,4.0,-5.8,-10.4,3.6,68338.0,,0.0,False,Unknown,,False,False
4052,BlackPearl,BPLC, $-   ,-7.80%,-22.60%,-29.50%,-72.70%,"$101,720.00 ",0,64 Billion, - ,,-7.8,-22.6,-29.5,-72.7,101720.0,,0.0,False,Unknown,,False,False
4053,FUZE,FUZE,3.67,-1.90%,-2.00%,-8.60%,-38.90%,"$35,679.00 ",0,. M, - ,3.67,-1.9,-2.0,-8.6,-38.9,35679.0,,0.0,False,Unknown,,False,False
4054,Dynamite,DYNMT, $-   ,0.50%,2.50%,58.10%,44.40%,"$24,484.00 ",0,900 Thousand, - ,,0.5,2.5,58.1,44.4,24484.0,,0.0,False,Unknown,,False,False
4055,AmonD,AMON, $-   ,-0.60%,-0.60%,6.60%,-4.90%,$138.00 ,0,7.6 Billion, - ,,-0.6,-0.6,6.6,-4.9,138.0,,0.0,False,Unknown,,False,False
4056,FTX,FTT,4.28,8.50%,40.60%,19.50%,308.70%,"$562,325,301.00 ",0,329 Million, - ,4.28,8.5,40.6,19.5,308.7,562325301.0,,0.0,False,Unknown,,False,False
4057,Temtum,TEM,0.22,-,-,-,-, - ,0,1.5 Billion, - ,0.22,,,,,,,0.0,False,Unknown,,False,False
4058,Blue Baikal,BBC, $-   ,-,-,-,-, - ,0,100 Billion, - ,,,,,,,,0.0,False,Unknown,,False,False
4059,Eminer,EM, $-   ,0.00%,-1.50%,-4.10%,-6.10%,"$291,890.00 ",0,2.1 Billion, - ,,0.0,-1.5,-4.1,-6.1,291890.0,,0.0,False,Unknown,,False,False
4060,TronEuropeRewardCoin,TERC, $-   ,0.00%,14.70%,-13.00%,-18.10%,$0.18 ,0,10 Billion, - ,,0.0,14.7,-13.0,-18.1,0.18,,0.0,False,Unknown,,False,False
4061,IDK,IDK,0.06,0.00%,-0.90%,-0.90%,1.50%,"$4,608.00 ",0,10 Million, - ,0.06,0.0,-0.9,-0.9,1.5,4608.0,,0.0,False,Unknown,,False,False
4062,CryptoBonusMiles,CBM, $-   ,-,-,-,-, - ,0,5 Billion, - ,,,,,,,,0.0,False,Unknown,,False,False
4063,PRUX-Coin,PRUX,0.56,,-11.70%,-13.20%,4870.20%,$0.56 ,0,114 Thousand, - ,0.56,,-11.7,-13.2,4870.2,0.56,,0.0,False,Unknown,,False,True
4064,Spice Token,SPICE, $-   ,-,-,-,-, - ,0,1 Billion, - ,,,,,,,,0.0,False,Unknown,,False,False
4065,Paycoin,PCI,0.05,0.30%,0.80%,29.80%,87.30%,"$205,119.00 ",0,3.94 Billion, - ,0.05,0.3,0.8,29.8,87.3,205119.0,,0.0,False,Unknown,,False,False
4066,12Ships,TSHP, $-   ,-0.20%,6.60%,7.10%,-0.30%,"$19,216.00 ",0,5 Billion, - ,,-0.2,6.6,7.1,-0.3,19216.0,,0.0,False,Unknown,,False,False
4067,Jobchain,JOB, $-   ,0.00%,-61.40%,-73.80%,-82.50%,$42.04 ,0,100 Billion, - ,,0.0,-61.4,-73.8,-82.5,42.04,,0.0,False,Unknown,,False,False
4068,Nestree,EGG, $-   ,0.40%,-0.10%,-1.30%,12.40%,"$27,587.00 ",0,3 Billion, - ,,0.4,-0.1,-1.3,12.4,27587.0,,0.0,False,Unknown,,False,False
4069,UNICORN,UNI,5.64,1.70%,12.00%,6.40%,32.60%,"$2,295.00 ",0,10 Billion, - ,5.64,1.7,12.0,6.4,32.6,2295.0,,0.0,False,Unknown,,False,False
4070,Decentralized Vulnerability Platform,DVP, $-   ,0.20%,2.90%,9.10%,13.30%,"$119,871.00 ",0,5 Billion, - ,,0.2,2.9,9.1,13.3,119871.0,,0.0,False,Unknown,,False,False
4071,ArdCoin,ARDX, $-   ,0.90%,-8.40%,-18.60%,115.50%,$217.00 ,0,4.6 Billion, - ,,0.9,-8.4,-18.6,115.5,217.0,,0.0,False,Unknown,,False,False
4072,SymVerse,SYM, $-   ,-0.30%,-6.40%,-12.10%,-31.10%,"$88,563.00 ",0,1 Billion, - ,,-0.3,-6.4,-12.1,-31.1,88563.0,,0.0,False,Unknown,,False,False
4073,Electric Vehicle Zone,EVZ,0.01,1.50%,-0.30%,-2.10%,1.80%,"$427,870.00 ",0,8.42 Billion, - ,0.01,1.5,-0.3,-2.1,1.8,427870.0,,0.0,False,Unknown,,False,False
4074,SouthXchange Coin,SXCC,0.02,0.20%,-3.10%,-0.80%,7.50%,$0.07 ,0,-, - ,0.02,0.2,-3.1,-0.8,7.5,0.07,,0.0,False,Unknown,,False,False
4075,LUX BIO EXCHANGE COIN,LBXC, $-   ,0.00%,-0.10%,-1.80%,-18.70%,$0.43 ,0,10 Billion, - ,,0.0,-0.1,-1.8,-18.7,0.43,,0.0,False,Unknown,,False,False
4076,D Community,DILI, $-   ,0.50%,0.10%,-4.50%,-8.20%,"$14,816.00 ",0,10 Billion, - ,,0.5,0.1,-4.5,-8.2,14816.0,,0.0,False,Unknown,,False,False
4077,LBK,LBK,0.01,-0.30%,3.70%,-1.60%,-0.20%,"$1,804,896.00 ",0,2 Billion, - ,0.01,-0.3,3.7,-1.6,-0.2,1804896.0,,0.0,False,Unknown,,False,False
4078,LitecoinZ,LTZ, $-   ,0.20%,-26.10%,-24.30%,-64.50%,$16.19 ,0,84 Million, - ,,0.2,-26.1,-24.3,-64.5,16.19,,0.0,False,Unknown,,False,False
4079,BitcoinMono,BTCMZ, $-   ,0.30%,-1.40%,1.10%,-0.10%,$1.42 ,0,1 Trillion, - ,,0.3,-1.4,1.1,-0.1,1.42,,0.0,False,Unknown,,False,False
4080,CPUcoin,CPU,0.01,0.40%,-3.10%,-62.60%,-71.70%,"$38,445.00 ",0,5 Billion, - ,0.01,0.4,-3.1,-62.6,-71.7,38445.0,,0.0,False,Unknown,,False,False
4081,SorachanCoin,SORA,0.03,-1.10%,-2.80%,0.90%,2.80%,"$1,115.00 ",0,8 Million, - ,0.03,-1.1,-2.8,0.9,2.8,1115.0,,0.0,False,Unknown,,False,False
4082,Ally,ALY, $-   ,0.20%,2.50%,8.00%,26.70%,"$26,496.00 ",0,10 Billion, - ,,0.2,2.5,8.0,26.7,26496.0,,0.0,False,Unknown,,False,False
4083,Ndau,NDAU,6.61,0.10%,34.90%,-24.90%,-26.80%,"$2,237.00 ",0,30 Million, - ,6.61,0.1,34.9,-24.9,-26.8,2237.0,,0.0,False,Unknown,,False,False
4084,Pantos,PAN,0.07,,-1.10%,-11.80%,1.00%,"$6,602.00 ",0,1 Billion, - ,0.07,,-1.1,-11.8,1.0,6602.0,,0.0,False,Unknown,,False,False
4085,Eska,ESK, $-   ,0.50%,-1.70%,1.00%,-51.90%,$258.00 ,0,1.03 Billion, - ,,0.5,-1.7,1.0,-51.9,258.0,,0.0,False,Unknown,,False,False
4086,Safe SeaFood Coin,SSF, $-   ,-,-,-,-, - ,0,200 Million, - ,,,,,,,,0.0,False,Unknown,,False,False
4087,NexDAX,NT, $-   ,14.50%,-26.50%,-71.90%,-84.30%,"$2,167.00 ",0,-, - ,,14.5,-26.5,-71.9,-84.3,2167.0,,0.0,False,Unknown,,False,False
4088,Bincentive,BCNT, $-   ,-0.20%,-3.30%,-5.20%,31.30%,"$18,349.00 ",0,1 Billion, - ,,-0.2,-3.3,-5.2,31.3,18349.0,,0.0,False,Unknown,,False,False
4089,VNDC,VNDC, $-   ,0.20%,1.20%,0.80%,-31.70%,$343.00 ,0,386 Billion, - ,,0.2,1.2,0.8,-31.7,343.0,,0.0,False,Unknown,,False,False
4090,300FIT,FIT, $-   ,-0.80%,-5.60%,-9.80%,8.60%,"$226,433.00 ",0,10 Billion, - ,,-0.8,-5.6,-9.8,8.6,226433.0,,0.0,False,Unknown,,False,False
4091,ZUM,ZUM, $-   ,-0.10%,96.00%,99.80%,116.90%,$12.59 ,0,97 Billion, - ,,-0.1,96.0,99.8,116.9,12.59,,0.0,False,Unknown,,False,False
4092,GSTCOIN,GST,0.06,-1.30%,-0.10%,-0.40%,714.50%,$33.75 ,0,1.2 Billion, - ,0.06,-1.3,-0.1,-0.4,714.5,33.75,,0.0,False,Unknown,,False,False
4093,EYES Protocol,EYES, $-   ,-0.10%,-0.50%,8.70%,64.10%,"$134,213.00 ",0,9.99 Billion, - ,,-0.1,-0.5,8.7,64.1,134213.0,,0.0,False,Unknown,,False,False
4094,DEXA COIN,DEXA, $-   ,0.20%,-3.40%,-13.00%,40.50%,"$128,907.00 ",0,-, - ,,0.2,-3.4,-13.0,40.5,128907.0,,0.0,False,Unknown,,False,False
4095,Orbit Chain,ORC,0.07,-0.50%,-1.20%,-1.00%,38.80%,"$805,397.00 ",0,1 Billion, - ,0.07,-0.5,-1.2,-1.0,38.8,805397.0,,0.0,False,Unknown,,False,False
4096,Nahmii,NII, $-   ,-1.00%,-1.00%,1.70%,20.10%,"$41,914.00 ",0,120 Billion, - ,,-1.0,-1.0,1.7,20.1,41914.0,,0.0,False,Unknown,,False,False
4097,OmotenashiCoin,MTNS, $-   ,0.50%,2.00%,-4.50%,-74.70%,$437.00 ,0,330 Million, - ,,0.5,2.0,-4.5,-74.7,437.0,,0.0,False,Unknown,,False,False
4098,DAD,DAD,0.01,-0.10%,2.00%,3.50%,6.40%,"$210,158.00 ",0,1 Billion, - ,0.01,-0.1,2.0,3.5,6.4,210158.0,,0.0,False,Unknown,,False,False
4099,Digital Rand,DZAR,0.06,0.30%,0.60%,1.40%,-6.80%,"$344,464.00 ",0,380 Thousand, - ,0.06,0.3,0.6,1.4,-6.8,344464.0,,0.0,False,Unknown,,False,False
4100,CounosX,CCXX,14.72,1.30%,-4.30%,-3.20%,-12.50%,"$82,323,578.00 ",0,21 Million, - ,14.72,1.3,-4.3,-3.2,-12.5,82323578.0,,0.0,False,Unknown,,False,False
4101,GlobalChainZ,GCZ,0.03,1.30%,0.00%,2.50%,20.40%,"$83,059.00 ",0,-, - ,0.03,1.3,0.0,2.5,20.4,83059.0,,0.0,False,Unknown,,False,False
4102,NextDAO,NAX, $-   ,0.00%,-1.90%,-11.70%,-9.30%,"$39,488.00 ",0,10 Billion, - ,,0.0,-1.9,-11.7,-9.3,39488.0,,0.0,False,Unknown,,False,False
4103,VNX Exchange,VNXLU,0.03,0.00%,0.00%,-0.20%,-0.60%,"$18,385.00 ",0,80 Million, - ,0.03,0.0,0.0,-0.2,-0.6,18385.0,,0.0,False,Unknown,,False,False
4104,JD Coin,JDC,0.01,0.20%,-3.40%,1.00%,-29.10%,"$7,438.00 ",0,84 Million, - ,0.01,0.2,-3.4,1.0,-29.1,7438.0,,0.0,False,Unknown,,False,False
4105,Documentchain,DMS,0.01,0.20%,-0.90%,0.90%,19.50%,$12.53 ,0,21 Million, - ,0.01,0.2,-0.9,0.9,19.5,12.53,,0.0,False,Unknown,,False,False
4106,MimbleWimbleCoin,MWC,1.12,0.30%,-6.70%,6.90%,6.20%,"$5,681.00 ",0,10.9 Million, - ,1.12,0.3,-6.7,6.9,6.2,5681.0,,0.0,False,Unknown,,False,False
4107,Nosturis,NTRS, $-   ,-1.10%,-4.20%,-3.00%,2.40%, $-   ,0,20 Million, - ,,-1.1,-4.2,-3.0,2.4,,,0.0,False,Unknown,,False,False
4108,Pi Network,PI,34.61,-0.50%,-0.90%,0.50%,-10.00%,"$519,117.00 ",0,-, - ,34.61,-0.5,-0.9,0.5,-10.0,519117.0,,0.0,False,Unknown,,False,False
4109,MASTER USD,MUSD,0.01,-,-,-,-, - ,0,1 Billion, - ,0.01,,,,,,,0.0,False,Unknown,,False,False
4110,HEX,HEX,0.01,-0.40%,-3.30%,-21.70%,-38.30%,"$624,512.00 ",0,591 Billion, - ,0.01,-0.4,-3.3,-21.7,-38.3,624512.0,,0.0,False,Unknown,,False,False
4111,Global Digital Content,GDC, $-   ,-6.80%,-8.80%,-16.50%,37.90%,"$24,753.00 ",0,4.77 Billion, - ,,-6.8,-8.8,-16.5,37.9,24753.0,,0.0,False,Unknown,,False,False
4112,ETH3S,ETH3S, $-   ,-1.10%,-6.40%,-6.40%,-51.40%,"$569,389.00 ",0,-, - ,,-1.1,-6.4,-6.4,-51.4,569389.0,,0.0,False,Unknown,,False,False
4113,Bitcoin Free Cash,BFC,0.05,-1.80%,1.10%,-2.80%,-20.90%,"$26,724.00 ",0,21 Million, - ,0.05,-1.8,1.1,-2.8,-20.9,26724.0,,0.0,False,Unknown,,False,False
4114,BananaTok,BNA, $-   ,-0.70%,-5.20%,-7.70%,-5.20%,$108.00 ,0,1.8 Billion, - ,,-0.7,-5.2,-7.7,-5.2,108.0,,0.0,False,Unknown,,False,False
4115,THENODE,THE,0.13,-4.10%,-1.80%,-1.60%,69.70%,"$717,278.00 ",0,44.5 Million, - ,0.13,-4.1,-1.8,-1.6,69.7,717278.0,,0.0,False,Unknown,,False,False
4116,Xenios,XNC,0.15,0.10%,-0.50%,20.50%,12.70%,"$399,808.00 ",0,110 Million, - ,0.15,0.1,-0.5,20.5,12.7,399808.0,,0.0,False,Unknown,,False,False
4117,MasterWin,MW, $-   ,-,-,-,-, - ,0,31 Million, - ,,,,,,,,0.0,False,Unknown,,False,False
4118,Tachyon Protocol,IPX, $-   ,0.20%,-2.00%,152.20%,1.60%,$8.41 ,0,1 Billion, - ,,0.2,-2.0,152.2,1.6,8.41,,0.0,False,Unknown,,False,False
4119,ViteX Coin,VX,0.03,0.20%,-6.20%,-12.60%,-7.30%,"$8,770.00 ",0,29.3 Million, - ,0.03,0.2,-6.2,-12.6,-7.3,8770.0,,0.0,False,Unknown,,False,False
4120,CHEX Token,CHEX,0.02,-0.10%,4.30%,34.50%,105.80%,"$39,369.00 ",0,14.5 Million, - ,0.02,-0.1,4.3,34.5,105.8,39369.0,,0.0,False,Unknown,,False,False
4121,Cryptogcoin,CRG, $-   ,-,-,-,-, - ,0,800 Million, - ,,,,,,,,0.0,False,Unknown,,False,False
4122,HebeBlock,HEBE,0.01,0.20%,-2.50%,0.70%,29.30%,$396.00 ,0,77.2 Million, - ,0.01,0.2,-2.5,0.7,29.3,396.0,,0.0,False,Unknown,,False,False
4123,GoMoney2,GOM2, $-   ,-,-,-,-, - ,0,994 Million, - ,,,,,,,,0.0,False,Unknown,,False,False
4124,Inoovi,IVI, $-   ,-5.80%,-4.20%,-3.50%,14.00%, $-   ,0,1 Trillion, - ,,-5.8,-4.2,-3.5,14.0,,,0.0,False,Unknown,,False,False
4125,Charity Alfa,MICH, $-   ,-,-,-,-, - ,0,1 Billion, - ,,,,,,,,0.0,False,Unknown,,False,False
4126,HEPTAFRANC,HPTF, $-   ,,0.60%,4.90%,18.80%, $-   ,0,201 Million, - ,,,0.6,4.9,18.8,,,0.0,False,Unknown,,False,False
4127,Storex,STRX, $-   ,-,-,-,-, - ,0,-, - ,,,,,,,,0.0,False,Unknown,,False,False
4128,Waves Enterprise,WEST, $-   ,0.20%,-1.70%,-9.90%,-11.50%,"$38,681.00 ",0,400 Million, - ,,0.2,-1.7,-9.9,-11.5,38681.0,,0.0,False,Unknown,,False,False
4129,EOS PoW Coin,POW, $-   ,-,-,-,-, - ,0,21 Million, - ,,,,,,,,0.0,False,Unknown,,False,False
4130,CEREAL,CEP, $-   ,-0.60%,0.70%,-5.30%,-9.10%,"$49,732.00 ",0,250 Million, - ,,-0.6,0.7,-5.3,-9.1,49732.0,,0.0,False,Unknown,,False,False
4131,Seeds,SEEDS, $-   ,-,-,-,-, - ,0,3.14 Billion, - ,,,,,,,,0.0,False,Unknown,,False,False
4132,Coalculus,COAL, $-   ,3.00%,5.40%,-2.10%,4.80%,"$37,788.00 ",0,-, - ,,3.0,5.4,-2.1,4.8,37788.0,,0.0,False,Unknown,,False,False
4133,Codex,CDEX, $-   ,0.30%,5.60%,-17.60%,-3.20%,$81.41 ,0,60 Billion, - ,,0.3,5.6,-17.6,-3.2,81.41,,0.0,False,Unknown,,False,False
4134,ASYAGRO,ASY, $-   ,0.40%,-0.90%,2.70%,6.50%,"$98,369.00 ",0,7.5 Billion, - ,,0.4,-0.9,2.7,6.5,98369.0,,0.0,False,Unknown,,False,False
4135,Swamp Coin,SWAMP, $-   ,0.40%,13.20%,22.00%,-40.40%,$101.00 ,0,40 Million, - ,,0.4,13.2,22.0,-40.4,101.0,,0.0,False,Unknown,,False,False
4136,DreamsCoin,DREAM, $-   ,-0.30%,-0.60%,16.70%,23.50%,$7.19 ,0,15 Billion, - ,,-0.3,-0.6,16.7,23.5,7.19,,0.0,False,Unknown,,False,False
4137,Beer Money,BEER, $-   ,-0.20%,14.10%,44.80%,73.90%,$47.59 ,0,400 Million, - ,,-0.2,14.1,44.8,73.9,47.59,,0.0,False,Unknown,,False,False
4138,The Tokenized Bitcoin,IMBTC,"37,041.56",-0.10%,-0.10%,1.80%,25.10%,$999.00 ,0,. M, - ,37041.56,-0.1,-0.1,1.8,25.1,999.0,,0.0,False,Unknown,,False,False
4139,Cirquity,CIRQ, $-   ,-18.20%,-0.20%,-0.10%,9.40%,$56.89 ,0,1 Billion, - ,,-18.2,-0.2,-0.1,9.4,56.89,,0.0,False,Unknown,,False,False
4140,Bitcoin Vault,BTCV,1.50,2.40%,3.50%,1.30%,12.80%,"$1,034.00 ",0,21 Million, - ,1.5,2.4,3.5,1.3,12.8,1034.0,,0.0,False,Unknown,,False,False
4141,HyperDAO,HDAO, $-   ,0.10%,-16.60%,-64.30%,-91.70%,$4.77 ,0,5 Billion, - ,,0.1,-16.6,-64.3,-91.7,4.77,,0.0,False,Unknown,,False,False
4142,SurfExUtilityToken,SURF,0.03,-,-,-,-, - ,0,250 Million, - ,0.03,,,,,,,0.0,False,Unknown,,False,False
4143,Contracoin,CTCN,0.04,-,-,-,-, - ,0,100 Million, - ,0.04,,,,,,,0.0,False,Unknown,,False,False
4144,Chainpay,CPAY,0.08,0.00%,-1.30%,1.10%,18.70%,$320.00 ,0,5.56 Million, - ,0.08,0.0,-1.3,1.1,18.7,320.0,,0.0,False,Unknown,,False,False
4145,King DAG,KDAG,0.15,3.20%,0.30%,-6.80%,8.30%,"$129,223.00 ",0,1 Billion, - ,0.15,3.2,0.3,-6.8,8.3,129223.0,,0.0,False,Unknown,,False,False
4146,Aave DAI v1,ADAI,1.00,-0.20%,-0.50%,-1.20%,-1.10%,$58.60 ,0,-, - ,1.0,-0.2,-0.5,-1.2,-1.1,58.6,,0.0,False,Unknown,,False,False
4147,Hive Dollar,HBD,0.97,0.20%,-3.20%,-3.10%,-3.60%,"$140,416.00 ",0,-, - ,0.97,0.2,-3.2,-3.1,-3.6,140416.0,,0.0,False,Unknown,,False,False
4148,OWN Token,OWN, $-   ,-0.20%,0.00%,-0.20%,-0.10%,$0.60 ,0,5 Billion, - ,,-0.2,0.0,-0.2,-0.1,0.6,,0.0,False,Unknown,,False,False
4149,Kmushicoin,KTV,0.52,-,-,-,-, - ,0,20 Million, - ,0.52,,,,,,,0.0,False,Unknown,,False,False
4150,XCF Token,XCF, $-   ,0.10%,0.80%,-70.90%,-77.80%,$43.61 ,0,1.5 Billion, - ,,0.1,0.8,-70.9,-77.8,43.61,,0.0,False,Unknown,,False,False
